2024-07-31,13:33:38.686.0,DEBUG,__main__,adjust_metadata.<module>:159,This is a debug message
2024-07-31,13:33:38.686.0,INFO,__main__,adjust_metadata.<module>:160,This is an info message
2024-07-31,13:33:38.686.0,WARNING,__main__,adjust_metadata.<module>:161,This is a warning message
2024-07-31,13:33:38.687.0,ERROR,__main__,adjust_metadata.<module>:162,This is an error message
2024-07-31,13:33:38.687.0,CRITICAL,__main__,adjust_metadata.<module>:163,This is a critical message
2024-07-31,13:33:38.687.0,INFO,__main__,adjust_metadata.<module>:176,Test code running...
2024-07-31,13:33:38.687.0,INFO,__main__,adjust_metadata.adjust_metadata:14,starts
2024-07-31,13:33:38.689.0,INFO,__main__,adjust_metadata.adjust_metadata:34,C:\Users\nedlecky\ACDSee  3 dirs  0 files
2024-07-31,13:33:38.689.0,INFO,__main__,adjust_metadata.adjust_metadata:52,min_year=1900 max_year=2100
2024-07-31,13:33:38.690.0,INFO,__main__,adjust_metadata.adjust_metadata:34,C:\Users\nedlecky\ACDSee\01Personal  33 dirs  0 files
2024-07-31,13:33:38.690.0,INFO,__main__,adjust_metadata.adjust_metadata:52,min_year=1900 max_year=2100
2024-07-31,13:33:38.691.0,INFO,__main__,adjust_metadata.adjust_metadata:32,C:\Users\nedlecky\ACDSee\01Personal\1900-1949  111 files
2024-07-31,13:33:38.691.0,INFO,__main__,adjust_metadata.adjust_metadata:52,min_year=1900 max_year=1949
2024-07-31,13:33:38.692.0,INFO,__main__,adjust_metadata.adjust_metadata:32,C:\Users\nedlecky\ACDSee\01Personal\1950-1959  17 files
2024-07-31,13:33:38.692.0,INFO,__main__,adjust_metadata.adjust_metadata:52,min_year=1950 max_year=1959
2024-07-31,13:33:38.693.0,INFO,__main__,adjust_metadata.adjust_metadata:34,C:\Users\nedlecky\ACDSee\01Personal\1960-1969  1 dirs  367 files
2024-07-31,13:33:38.693.0,INFO,__main__,adjust_metadata.adjust_metadata:52,min_year=1960 max_year=1969
2024-07-31,13:33:38.695.0,INFO,__main__,adjust_metadata.adjust_metadata:32,C:\Users\nedlecky\ACDSee\01Personal\1960-1969\[Originals]  0 files
2024-07-31,13:33:38.695.0,INFO,__main__,adjust_metadata.adjust_metadata:52,min_year=1960 max_year=1969
2024-07-31,13:33:38.697.0,INFO,__main__,adjust_metadata.adjust_metadata:34,C:\Users\nedlecky\ACDSee\01Personal\1960-1990Saville  1 dirs  118 files
2024-07-31,13:33:38.697.0,INFO,__main__,adjust_metadata.adjust_metadata:52,min_year=1960 max_year=1990
2024-07-31,13:33:38.699.0,INFO,__main__,adjust_metadata.adjust_metadata:32,C:\Users\nedlecky\ACDSee\01Personal\1960-1990Saville\[Originals]  1 files
2024-07-31,13:33:38.699.0,INFO,__main__,adjust_metadata.adjust_metadata:52,min_year=1960 max_year=1990
2024-07-31,13:33:38.700.0,INFO,__main__,adjust_metadata.adjust_metadata:34,C:\Users\nedlecky\ACDSee\01Personal\1970-1979  1 dirs  435 files
2024-07-31,13:33:38.700.0,INFO,__main__,adjust_metadata.adjust_metadata:52,min_year=1970 max_year=1979
2024-07-31,13:33:38.702.0,INFO,__main__,adjust_metadata.adjust_metadata:32,C:\Users\nedlecky\ACDSee\01Personal\1970-1979\Farm  81 files
2024-07-31,13:33:38.702.0,INFO,__main__,adjust_metadata.adjust_metadata:52,min_year=1970 max_year=1979
2024-07-31,13:33:38.704.0,INFO,__main__,adjust_metadata.adjust_metadata:34,C:\Users\nedlecky\ACDSee\01Personal\1980-1989  1 dirs  429 files
2024-07-31,13:33:38.704.0,INFO,__main__,adjust_metadata.adjust_metadata:52,min_year=1980 max_year=1989
2024-07-31,13:33:38.706.0,INFO,__main__,adjust_metadata.adjust_metadata:32,C:\Users\nedlecky\ACDSee\01Personal\1980-1989\8307Europe  240 files
2024-07-31,13:33:38.706.0,INFO,__main__,adjust_metadata.adjust_metadata:52,min_year=1980 max_year=1989
2024-07-31,13:33:38.708.0,INFO,__main__,adjust_metadata.adjust_metadata:32,C:\Users\nedlecky\ACDSee\01Personal\1990-1999  450 files
2024-07-31,13:33:38.708.0,INFO,__main__,adjust_metadata.adjust_metadata:52,min_year=1990 max_year=1999
2024-07-31,13:33:38.710.0,INFO,__main__,adjust_metadata.adjust_metadata:32,C:\Users\nedlecky\ACDSee\01Personal\2000  38 files
2024-07-31,13:33:38.711.0,INFO,__main__,adjust_metadata.adjust_metadata:52,min_year=2000 max_year=2000
2024-07-31,13:33:38.711.0,INFO,__main__,adjust_metadata.adjust_metadata:32,C:\Users\nedlecky\ACDSee\01Personal\2001  1 files
2024-07-31,13:33:38.711.0,INFO,__main__,adjust_metadata.adjust_metadata:52,min_year=2001 max_year=2001
2024-07-31,13:33:38.712.0,INFO,__main__,adjust_metadata.adjust_metadata:34,C:\Users\nedlecky\ACDSee\01Personal\2002  1 dirs  327 files
2024-07-31,13:33:38.712.0,INFO,__main__,adjust_metadata.adjust_metadata:52,min_year=2002 max_year=2002
2024-07-31,13:33:38.714.0,INFO,__main__,adjust_metadata.adjust_metadata:32,C:\Users\nedlecky\ACDSee\01Personal\2002\EBay  20 files
2024-07-31,13:33:38.714.0,INFO,__main__,adjust_metadata.adjust_metadata:52,min_year=2002 max_year=2002
2024-07-31,13:33:38.716.0,INFO,__main__,adjust_metadata.adjust_metadata:34,C:\Users\nedlecky\ACDSee\01Personal\2003  2 dirs  91 files
2024-07-31,13:33:38.716.0,INFO,__main__,adjust_metadata.adjust_metadata:52,min_year=2003 max_year=2003
2024-07-31,13:33:38.718.0,INFO,__main__,adjust_metadata.adjust_metadata:32,C:\Users\nedlecky\ACDSee\01Personal\2003\05Paris  77 files
2024-07-31,13:33:38.718.0,INFO,__main__,adjust_metadata.adjust_metadata:52,min_year=2003 max_year=2003
2024-07-31,13:33:38.719.0,INFO,__main__,adjust_metadata.adjust_metadata:32,C:\Users\nedlecky\ACDSee\01Personal\2003\[Originals]  0 files
2024-07-31,13:33:38.719.0,INFO,__main__,adjust_metadata.adjust_metadata:52,min_year=2003 max_year=2003
2024-07-31,13:33:38.720.0,INFO,__main__,adjust_metadata.adjust_metadata:34,C:\Users\nedlecky\ACDSee\01Personal\2004  4 dirs  66 files
2024-07-31,13:33:38.720.0,INFO,__main__,adjust_metadata.adjust_metadata:52,min_year=2004 max_year=2004
2024-07-31,13:33:38.721.0,INFO,__main__,adjust_metadata.adjust_metadata:32,C:\Users\nedlecky\ACDSee\01Personal\2004\06BenningtonGrad  20 files
2024-07-31,13:33:38.721.0,INFO,__main__,adjust_metadata.adjust_metadata:52,min_year=2004 max_year=2004
2024-07-31,13:33:38.721.0,INFO,__main__,adjust_metadata.adjust_metadata:32,C:\Users\nedlecky\ACDSee\01Personal\2004\08Canada  106 files
2024-07-31,13:33:38.721.0,INFO,__main__,adjust_metadata.adjust_metadata:52,min_year=2004 max_year=2004
2024-07-31,13:33:38.723.0,INFO,__main__,adjust_metadata.adjust_metadata:32,C:\Users\nedlecky\ACDSee\01Personal\2004\09ElkLakeDix  68 files
2024-07-31,13:33:38.724.0,INFO,__main__,adjust_metadata.adjust_metadata:52,min_year=2004 max_year=2004
2024-07-31,13:33:38.724.0,INFO,__main__,adjust_metadata.adjust_metadata:32,C:\Users\nedlecky\ACDSee\01Personal\2004\EBay  49 files
2024-07-31,13:33:38.724.0,INFO,__main__,adjust_metadata.adjust_metadata:52,min_year=2004 max_year=2004
2024-07-31,13:33:38.726.0,INFO,__main__,adjust_metadata.adjust_metadata:34,C:\Users\nedlecky\ACDSee\01Personal\2005  4 dirs  384 files
2024-07-31,13:33:38.726.0,INFO,__main__,adjust_metadata.adjust_metadata:52,min_year=2005 max_year=2005
2024-07-31,13:33:38.727.0,INFO,__main__,adjust_metadata.adjust_metadata:32,C:\Users\nedlecky\ACDSee\01Personal\2005\02Germany  9 files
2024-07-31,13:33:38.727.0,INFO,__main__,adjust_metadata.adjust_metadata:52,min_year=2005 max_year=2005
2024-07-31,13:33:38.728.0,INFO,__main__,adjust_metadata.adjust_metadata:32,C:\Users\nedlecky\ACDSee\01Personal\2005\04Baotou  33 files
2024-07-31,13:33:38.728.0,INFO,__main__,adjust_metadata.adjust_metadata:52,min_year=2005 max_year=2005
2024-07-31,13:33:38.729.0,INFO,__main__,adjust_metadata.adjust_metadata:32,C:\Users\nedlecky\ACDSee\01Personal\2005\06Beijing  151 files
2024-07-31,13:33:38.729.0,INFO,__main__,adjust_metadata.adjust_metadata:52,min_year=2005 max_year=2005
2024-07-31,13:33:38.730.0,INFO,__main__,adjust_metadata.adjust_metadata:32,C:\Users\nedlecky\ACDSee\01Personal\2005\09Wyoming  276 files
2024-07-31,13:33:38.731.0,INFO,__main__,adjust_metadata.adjust_metadata:52,min_year=2005 max_year=2005
2024-07-31,13:33:38.734.0,INFO,__main__,adjust_metadata.adjust_metadata:34,C:\Users\nedlecky\ACDSee\01Personal\2006  3 dirs  1013 files
2024-07-31,13:33:38.734.0,INFO,__main__,adjust_metadata.adjust_metadata:52,min_year=2006 max_year=2006
2024-07-31,13:33:38.739.0,INFO,__main__,adjust_metadata.adjust_metadata:32,C:\Users\nedlecky\ACDSee\01Personal\2006\09BlueMtLake  117 files
2024-07-31,13:33:38.739.0,INFO,__main__,adjust_metadata.adjust_metadata:52,min_year=2006 max_year=2006
2024-07-31,13:33:38.741.0,INFO,__main__,adjust_metadata.adjust_metadata:32,C:\Users\nedlecky\ACDSee\01Personal\2006\11Galapagos  461 files
2024-07-31,13:33:38.742.0,INFO,__main__,adjust_metadata.adjust_metadata:52,min_year=2006 max_year=2006
2024-07-31,13:33:38.744.0,INFO,__main__,adjust_metadata.adjust_metadata:32,C:\Users\nedlecky\ACDSee\01Personal\2006\EBay  30 files
2024-07-31,13:33:38.744.0,INFO,__main__,adjust_metadata.adjust_metadata:52,min_year=2006 max_year=2006
2024-07-31,13:33:38.747.0,INFO,__main__,adjust_metadata.adjust_metadata:34,C:\Users\nedlecky\ACDSee\01Personal\2007  3 dirs  1182 files
2024-07-31,13:33:38.747.0,INFO,__main__,adjust_metadata.adjust_metadata:52,min_year=2007 max_year=2007
2024-07-31,13:33:38.755.0,INFO,__main__,adjust_metadata.adjust_metadata:32,C:\Users\nedlecky\ACDSee\01Personal\2007\10ErieCanal  1459 files
2024-07-31,13:33:38.755.0,INFO,__main__,adjust_metadata.adjust_metadata:52,min_year=2007 max_year=2007
2024-07-31,13:33:38.764.0,INFO,__main__,adjust_metadata.adjust_metadata:32,C:\Users\nedlecky\ACDSee\01Personal\2007\11Egypt  1738 files
2024-07-31,13:33:38.764.0,INFO,__main__,adjust_metadata.adjust_metadata:52,min_year=2007 max_year=2007
2024-07-31,13:33:38.771.0,INFO,__main__,adjust_metadata.adjust_metadata:32,C:\Users\nedlecky\ACDSee\01Personal\2007\EBay  45 files
2024-07-31,13:33:38.772.0,INFO,__main__,adjust_metadata.adjust_metadata:52,min_year=2007 max_year=2007
2024-07-31,13:33:38.776.0,INFO,__main__,adjust_metadata.adjust_metadata:32,C:\Users\nedlecky\ACDSee\01Personal\2008  1858 files
2024-07-31,13:33:38.777.0,INFO,__main__,adjust_metadata.adjust_metadata:52,min_year=2008 max_year=2008
2024-07-31,13:33:38.786.0,INFO,__main__,adjust_metadata.adjust_metadata:32,C:\Users\nedlecky\ACDSee\01Personal\2008-2012TheSisters  1048 files
2024-07-31,13:33:38.786.0,INFO,__main__,adjust_metadata.adjust_metadata:52,min_year=2008 max_year=2012
2024-07-31,13:33:38.793.0,INFO,__main__,adjust_metadata.adjust_metadata:34,C:\Users\nedlecky\ACDSee\01Personal\2009  1 dirs  1623 files
2024-07-31,13:33:38.793.0,INFO,__main__,adjust_metadata.adjust_metadata:52,min_year=2009 max_year=2009
2024-07-31,13:33:38.801.0,INFO,__main__,adjust_metadata.adjust_metadata:32,C:\Users\nedlecky\ACDSee\01Personal\2009\02Florida  365 files
2024-07-31,13:33:38.802.0,INFO,__main__,adjust_metadata.adjust_metadata:52,min_year=2009 max_year=2009
2024-07-31,13:33:38.808.0,INFO,__main__,adjust_metadata.adjust_metadata:34,C:\Users\nedlecky\ACDSee\01Personal\2010  1 dirs  2294 files
2024-07-31,13:33:38.808.0,INFO,__main__,adjust_metadata.adjust_metadata:52,min_year=2010 max_year=2010
2024-07-31,13:33:38.819.0,INFO,__main__,adjust_metadata.adjust_metadata:32,C:\Users\nedlecky\ACDSee\01Personal\2010\08ErieCanal  417 files
2024-07-31,13:33:38.819.0,INFO,__main__,adjust_metadata.adjust_metadata:52,min_year=2010 max_year=2010
2024-07-31,13:33:38.822.0,INFO,__main__,adjust_metadata.adjust_metadata:32,C:\Users\nedlecky\ACDSee\01Personal\2011  551 files
2024-07-31,13:33:38.822.0,INFO,__main__,adjust_metadata.adjust_metadata:52,min_year=2011 max_year=2011
2024-07-31,13:33:38.825.0,INFO,__main__,adjust_metadata.adjust_metadata:34,C:\Users\nedlecky\ACDSee\01Personal\2012  2 dirs  0 files
2024-07-31,13:33:38.825.0,INFO,__main__,adjust_metadata.adjust_metadata:52,min_year=2012 max_year=2012
2024-07-31,13:33:38.825.0,INFO,__main__,adjust_metadata.adjust_metadata:32,C:\Users\nedlecky\ACDSee\01Personal\2012\01MiddleEast  157 files
2024-07-31,13:33:38.826.0,INFO,__main__,adjust_metadata.adjust_metadata:52,min_year=2012 max_year=2012
2024-07-31,13:33:38.827.0,INFO,__main__,adjust_metadata.adjust_metadata:32,C:\Users\nedlecky\ACDSee\01Personal\2012\04CostaRica  36 files
2024-07-31,13:33:38.827.0,INFO,__main__,adjust_metadata.adjust_metadata:52,min_year=2012 max_year=2012
2024-07-31,13:33:38.829.0,INFO,__main__,adjust_metadata.adjust_metadata:34,C:\Users\nedlecky\ACDSee\01Personal\2013  1 dirs  581 files
2024-07-31,13:33:38.829.0,INFO,__main__,adjust_metadata.adjust_metadata:52,min_year=2013 max_year=2013
2024-07-31,13:33:38.832.0,INFO,__main__,adjust_metadata.adjust_metadata:32,C:\Users\nedlecky\ACDSee\01Personal\2013\05Alaska  446 files
2024-07-31,13:33:38.832.0,INFO,__main__,adjust_metadata.adjust_metadata:52,min_year=2013 max_year=2013
2024-07-31,13:33:38.837.0,INFO,__main__,adjust_metadata.adjust_metadata:34,C:\Users\nedlecky\ACDSee\01Personal\2014  1 dirs  701 files
2024-07-31,13:33:38.837.0,INFO,__main__,adjust_metadata.adjust_metadata:52,min_year=2014 max_year=2014
2024-07-31,13:33:38.840.0,INFO,__main__,adjust_metadata.adjust_metadata:32,C:\Users\nedlecky\ACDSee\01Personal\2014\03Hawaii  157 files
2024-07-31,13:33:38.840.0,INFO,__main__,adjust_metadata.adjust_metadata:52,min_year=2014 max_year=2014
2024-07-31,13:33:38.844.0,INFO,__main__,adjust_metadata.adjust_metadata:34,C:\Users\nedlecky\ACDSee\01Personal\2015  2 dirs  617 files
2024-07-31,13:33:38.844.0,INFO,__main__,adjust_metadata.adjust_metadata:52,min_year=2015 max_year=2015
2024-07-31,13:33:38.847.0,INFO,__main__,adjust_metadata.adjust_metadata:32,C:\Users\nedlecky\ACDSee\01Personal\2015\10Scotland  574 files
2024-07-31,13:33:38.847.0,INFO,__main__,adjust_metadata.adjust_metadata:52,min_year=2015 max_year=2015
2024-07-31,13:33:38.852.0,INFO,__main__,adjust_metadata.adjust_metadata:32,C:\Users\nedlecky\ACDSee\01Personal\2015\Jack  92 files
2024-07-31,13:33:38.852.0,INFO,__main__,adjust_metadata.adjust_metadata:52,min_year=2015 max_year=2015
2024-07-31,13:33:38.853.0,INFO,__main__,adjust_metadata.adjust_metadata:34,C:\Users\nedlecky\ACDSee\01Personal\2016  1 dirs  612 files
2024-07-31,13:33:38.855.0,INFO,__main__,adjust_metadata.adjust_metadata:52,min_year=2016 max_year=2016
2024-07-31,13:33:38.858.0,INFO,__main__,adjust_metadata.adjust_metadata:32,C:\Users\nedlecky\ACDSee\01Personal\2016\Jack  37 files
2024-07-31,13:33:38.858.0,INFO,__main__,adjust_metadata.adjust_metadata:52,min_year=2016 max_year=2016
2024-07-31,13:33:38.860.0,INFO,__main__,adjust_metadata.adjust_metadata:32,C:\Users\nedlecky\ACDSee\01Personal\2017  527 files
2024-07-31,13:33:38.860.0,INFO,__main__,adjust_metadata.adjust_metadata:52,min_year=2017 max_year=2017
2024-07-31,13:33:38.862.0,INFO,__main__,adjust_metadata.adjust_metadata:34,C:\Users\nedlecky\ACDSee\01Personal\2018  1 dirs  161 files
2024-07-31,13:33:38.863.0,INFO,__main__,adjust_metadata.adjust_metadata:52,min_year=2018 max_year=2018
2024-07-31,13:33:38.865.0,INFO,__main__,adjust_metadata.adjust_metadata:32,C:\Users\nedlecky\ACDSee\01Personal\2018\12Hawaii  97 files
2024-07-31,13:33:38.865.0,INFO,__main__,adjust_metadata.adjust_metadata:52,min_year=2018 max_year=2018
2024-07-31,13:33:38.868.0,INFO,__main__,adjust_metadata.adjust_metadata:34,C:\Users\nedlecky\ACDSee\01Personal\2019  1 dirs  1362 files
2024-07-31,13:33:38.869.0,INFO,__main__,adjust_metadata.adjust_metadata:52,min_year=2019 max_year=2019
2024-07-31,13:33:38.876.0,INFO,__main__,adjust_metadata.adjust_metadata:32,C:\Users\nedlecky\ACDSee\01Personal\2019\09Cabo  360 files
2024-07-31,13:33:38.876.0,INFO,__main__,adjust_metadata.adjust_metadata:52,min_year=2019 max_year=2019
2024-07-31,13:33:38.879.0,INFO,__main__,adjust_metadata.adjust_metadata:34,C:\Users\nedlecky\ACDSee\01Personal\2020  7 dirs  333 files
2024-07-31,13:33:38.879.0,INFO,__main__,adjust_metadata.adjust_metadata:52,min_year=2020 max_year=2020
2024-07-31,13:33:38.880.0,INFO,__main__,adjust_metadata.adjust_metadata:32,C:\Users\nedlecky\ACDSee\01Personal\2020\01Spokane  23 files
2024-07-31,13:33:38.881.0,INFO,__main__,adjust_metadata.adjust_metadata:52,min_year=2020 max_year=2020
2024-07-31,13:33:38.882.0,INFO,__main__,adjust_metadata.adjust_metadata:32,C:\Users\nedlecky\ACDSee\01Personal\2020\02England  807 files
2024-07-31,13:33:38.883.0,INFO,__main__,adjust_metadata.adjust_metadata:52,min_year=2020 max_year=2020
2024-07-31,13:33:38.887.0,INFO,__main__,adjust_metadata.adjust_metadata:32,C:\Users\nedlecky\ACDSee\01Personal\2020\07-1Leavenworth  80 files
2024-07-31,13:33:38.888.0,INFO,__main__,adjust_metadata.adjust_metadata:52,min_year=2020 max_year=2020
2024-07-31,13:33:38.890.0,INFO,__main__,adjust_metadata.adjust_metadata:32,C:\Users\nedlecky\ACDSee\01Personal\2020\07-2WesternRoadTrip  809 files
2024-07-31,13:33:38.890.0,INFO,__main__,adjust_metadata.adjust_metadata:52,min_year=2020 max_year=2020
2024-07-31,13:33:38.894.0,INFO,__main__,adjust_metadata.adjust_metadata:32,C:\Users\nedlecky\ACDSee\01Personal\2020\10Hawaii  276 files
2024-07-31,13:33:38.894.0,INFO,__main__,adjust_metadata.adjust_metadata:52,min_year=2020 max_year=2020
2024-07-31,13:33:38.900.0,INFO,__main__,adjust_metadata.adjust_metadata:32,C:\Users\nedlecky\ACDSee\01Personal\2020\11-1LasVegas  142 files
2024-07-31,13:33:38.901.0,INFO,__main__,adjust_metadata.adjust_metadata:52,min_year=2020 max_year=2020
2024-07-31,13:33:38.902.0,INFO,__main__,adjust_metadata.adjust_metadata:32,C:\Users\nedlecky\ACDSee\01Personal\2020\11-2SanAntonio  318 files
2024-07-31,13:33:38.902.0,INFO,__main__,adjust_metadata.adjust_metadata:52,min_year=2020 max_year=2020
2024-07-31,13:33:38.908.0,INFO,__main__,adjust_metadata.adjust_metadata:34,C:\Users\nedlecky\ACDSee\01Personal\2021  5 dirs  2051 files
2024-07-31,13:33:38.908.0,INFO,__main__,adjust_metadata.adjust_metadata:52,min_year=2021 max_year=2021
2024-07-31,13:33:38.918.0,INFO,__main__,adjust_metadata.adjust_metadata:32,C:\Users\nedlecky\ACDSee\01Personal\2021\02CorpusChristi  55 files
2024-07-31,13:33:38.918.0,INFO,__main__,adjust_metadata.adjust_metadata:52,min_year=2021 max_year=2021
2024-07-31,13:33:38.920.0,INFO,__main__,adjust_metadata.adjust_metadata:32,C:\Users\nedlecky\ACDSee\01Personal\2021\04CostaRica  525 files
2024-07-31,13:33:38.920.0,INFO,__main__,adjust_metadata.adjust_metadata:52,min_year=2021 max_year=2021
2024-07-31,13:33:38.923.0,INFO,__main__,adjust_metadata.adjust_metadata:32,C:\Users\nedlecky\ACDSee\01Personal\2021\06Sandpoint  74 files
2024-07-31,13:33:38.924.0,INFO,__main__,adjust_metadata.adjust_metadata:52,min_year=2021 max_year=2021
2024-07-31,13:33:38.925.0,INFO,__main__,adjust_metadata.adjust_metadata:32,C:\Users\nedlecky\ACDSee\01Personal\2021\08Willsboro  14 files
2024-07-31,13:33:38.925.0,INFO,__main__,adjust_metadata.adjust_metadata:52,min_year=2021 max_year=2021
2024-07-31,13:33:38.927.0,INFO,__main__,adjust_metadata.adjust_metadata:32,C:\Users\nedlecky\ACDSee\01Personal\2021\10Florida  89 files
2024-07-31,13:33:38.928.0,INFO,__main__,adjust_metadata.adjust_metadata:52,min_year=2021 max_year=2021
2024-07-31,13:33:38.932.0,INFO,__main__,adjust_metadata.adjust_metadata:34,C:\Users\nedlecky\ACDSee\01Personal\2022  3 dirs  1831 files
2024-07-31,13:33:38.932.0,INFO,__main__,adjust_metadata.adjust_metadata:52,min_year=2022 max_year=2022
2024-07-31,13:33:38.941.0,INFO,__main__,adjust_metadata.adjust_metadata:32,C:\Users\nedlecky\ACDSee\01Personal\2022\01FloridaNYRoad  458 files
2024-07-31,13:33:38.941.0,INFO,__main__,adjust_metadata.adjust_metadata:52,min_year=2022 max_year=2022
2024-07-31,13:33:38.949.0,INFO,__main__,adjust_metadata.adjust_metadata:32,C:\Users\nedlecky\ACDSee\01Personal\2022\07MoveToNY  159 files
2024-07-31,13:33:38.949.0,INFO,__main__,adjust_metadata.adjust_metadata:52,min_year=2022 max_year=2022
2024-07-31,13:33:38.950.0,INFO,__main__,adjust_metadata.adjust_metadata:32,C:\Users\nedlecky\ACDSee\01Personal\2022\09Pok-O-Moonshine  34 files
2024-07-31,13:33:38.950.0,INFO,__main__,adjust_metadata.adjust_metadata:52,min_year=2022 max_year=2022
2024-07-31,13:33:38.952.0,INFO,__main__,adjust_metadata.adjust_metadata:34,C:\Users\nedlecky\ACDSee\01Personal\2023  3 dirs  654 files
2024-07-31,13:33:38.952.0,INFO,__main__,adjust_metadata.adjust_metadata:52,min_year=2023 max_year=2023
2024-07-31,13:33:38.957.0,INFO,__main__,adjust_metadata.adjust_metadata:32,C:\Users\nedlecky\ACDSee\01Personal\2023\06Niagara  200 files
2024-07-31,13:33:38.957.0,INFO,__main__,adjust_metadata.adjust_metadata:52,min_year=2023 max_year=2023
2024-07-31,13:33:38.959.0,INFO,__main__,adjust_metadata.adjust_metadata:32,C:\Users\nedlecky\ACDSee\01Personal\2023\07EasternCanada  564 files
2024-07-31,13:33:38.959.0,INFO,__main__,adjust_metadata.adjust_metadata:52,min_year=2023 max_year=2023
2024-07-31,13:33:38.961.0,INFO,__main__,adjust_metadata.adjust_metadata:32,C:\Users\nedlecky\ACDSee\01Personal\2023\12Albany  31 files
2024-07-31,13:33:38.962.0,INFO,__main__,adjust_metadata.adjust_metadata:52,min_year=2023 max_year=2023
2024-07-31,13:33:38.963.0,INFO,__main__,adjust_metadata.adjust_metadata:34,C:\Users\nedlecky\ACDSee\01Personal\2024  3 dirs  373 files
2024-07-31,13:33:38.963.0,INFO,__main__,adjust_metadata.adjust_metadata:52,min_year=2024 max_year=2024
2024-07-31,13:33:39.33.0,INFO,__main__,adjust_metadata.adjust_metadata:32,C:\Users\nedlecky\ACDSee\01Personal\2024\04Eclipse  8 files
2024-07-31,13:33:39.33.0,INFO,__main__,adjust_metadata.adjust_metadata:52,min_year=2024 max_year=2024
2024-07-31,13:33:39.38.0,INFO,__main__,adjust_metadata.adjust_metadata:32,C:\Users\nedlecky\ACDSee\01Personal\2024\06France  2031 files
2024-07-31,13:33:39.38.0,INFO,__main__,adjust_metadata.adjust_metadata:52,min_year=2024 max_year=2024
2024-07-31,13:33:39.167.0,INFO,__main__,adjust_metadata.adjust_metadata:32,C:\Users\nedlecky\ACDSee\01Personal\2024\DadPasswords  9 files
2024-07-31,13:33:39.167.0,INFO,__main__,adjust_metadata.adjust_metadata:52,min_year=2024 max_year=2024
2024-07-31,13:33:39.172.0,INFO,__main__,adjust_metadata.adjust_metadata:34,C:\Users\nedlecky\ACDSee\02Work  13 dirs  0 files
2024-07-31,13:33:39.172.0,INFO,__main__,adjust_metadata.adjust_metadata:52,min_year=1900 max_year=2100
2024-07-31,13:33:39.177.0,INFO,__main__,adjust_metadata.adjust_metadata:32,C:\Users\nedlecky\ACDSee\02Work\1980-1989  121 files
2024-07-31,13:33:39.177.0,INFO,__main__,adjust_metadata.adjust_metadata:52,min_year=1980 max_year=1989
2024-07-31,13:33:39.181.0,INFO,__main__,adjust_metadata.adjust_metadata:32,C:\Users\nedlecky\ACDSee\02Work\1990-1999  123 files
2024-07-31,13:33:39.182.0,INFO,__main__,adjust_metadata.adjust_metadata:52,min_year=1990 max_year=1999
2024-07-31,13:33:39.183.0,INFO,__main__,adjust_metadata.adjust_metadata:32,C:\Users\nedlecky\ACDSee\02Work\1999-2002UVM  278 files
2024-07-31,13:33:39.183.0,INFO,__main__,adjust_metadata.adjust_metadata:52,min_year=1999 max_year=2002
2024-07-31,13:33:39.185.0,INFO,__main__,adjust_metadata.adjust_metadata:34,C:\Users\nedlecky\ACDSee\02Work\2003-2004MTIMicroFuelCells  1 dirs  91 files
2024-07-31,13:33:39.185.0,INFO,__main__,adjust_metadata.adjust_metadata:52,min_year=2003 max_year=2004
2024-07-31,13:33:39.186.0,INFO,__main__,adjust_metadata.adjust_metadata:32,C:\Users\nedlecky\ACDSee\02Work\2003-2004MTIMicroFuelCells\[Originals]  1 files
2024-07-31,13:33:39.186.0,INFO,__main__,adjust_metadata.adjust_metadata:52,min_year=2003 max_year=2004
2024-07-31,13:33:39.187.0,INFO,__main__,adjust_metadata.adjust_metadata:34,C:\Users\nedlecky\ACDSee\02Work\2004-2005Simmons  2 dirs  409 files
2024-07-31,13:33:39.188.0,INFO,__main__,adjust_metadata.adjust_metadata:52,min_year=2004 max_year=2005
2024-07-31,13:33:39.190.0,INFO,__main__,adjust_metadata.adjust_metadata:32,C:\Users\nedlecky\ACDSee\02Work\2004-2005Simmons\04Baotou  281 files
2024-07-31,13:33:39.190.0,INFO,__main__,adjust_metadata.adjust_metadata:52,min_year=2004 max_year=2005
2024-07-31,13:33:39.196.0,INFO,__main__,adjust_metadata.adjust_metadata:32,C:\Users\nedlecky\ACDSee\02Work\2004-2005Simmons\05Baotou  106 files
2024-07-31,13:33:39.196.0,INFO,__main__,adjust_metadata.adjust_metadata:52,min_year=2004 max_year=2005
2024-07-31,13:33:39.199.0,INFO,__main__,adjust_metadata.adjust_metadata:32,C:\Users\nedlecky\ACDSee\02Work\2006-2012LeckyIntegration  855 files
2024-07-31,13:33:39.199.0,INFO,__main__,adjust_metadata.adjust_metadata:52,min_year=2006 max_year=2012
2024-07-31,13:33:39.204.0,INFO,__main__,adjust_metadata.adjust_metadata:32,C:\Users\nedlecky\ACDSee\02Work\2013Amazon  1137 files
2024-07-31,13:33:39.205.0,INFO,__main__,adjust_metadata.adjust_metadata:52,min_year=2013 max_year=2013
2024-07-31,13:33:39.213.0,INFO,__main__,adjust_metadata.adjust_metadata:32,C:\Users\nedlecky\ACDSee\02Work\2014Amazon  1763 files
2024-07-31,13:33:39.213.0,INFO,__main__,adjust_metadata.adjust_metadata:52,min_year=2014 max_year=2014
2024-07-31,13:33:39.222.0,INFO,__main__,adjust_metadata.adjust_metadata:32,C:\Users\nedlecky\ACDSee\02Work\2015Amazon  464 files
2024-07-31,13:33:39.222.0,INFO,__main__,adjust_metadata.adjust_metadata:52,min_year=2015 max_year=2015
2024-07-31,13:33:39.232.0,INFO,__main__,adjust_metadata.adjust_metadata:32,C:\Users\nedlecky\ACDSee\02Work\2016-2016Microsoft  210 files
2024-07-31,13:33:39.232.0,INFO,__main__,adjust_metadata.adjust_metadata:52,min_year=2016 max_year=2016
2024-07-31,13:33:39.237.0,INFO,__main__,adjust_metadata.adjust_metadata:32,C:\Users\nedlecky\ACDSee\02Work\2016-2021Google  1423 files
2024-07-31,13:33:39.238.0,INFO,__main__,adjust_metadata.adjust_metadata:52,min_year=2016 max_year=2021
2024-07-31,13:33:39.245.0,INFO,__main__,adjust_metadata.adjust_metadata:34,C:\Users\nedlecky\ACDSee\02Work\2021-2024LeckyEngineering  6 dirs  342 files
2024-07-31,13:33:39.245.0,INFO,__main__,adjust_metadata.adjust_metadata:52,min_year=2021 max_year=2024
2024-07-31,13:33:39.247.0,INFO,__main__,adjust_metadata.adjust_metadata:32,C:\Users\nedlecky\ACDSee\02Work\2021-2024LeckyEngineering\Cognex  38 files
2024-07-31,13:33:39.247.0,INFO,__main__,adjust_metadata.adjust_metadata:52,min_year=2021 max_year=2024
2024-07-31,13:33:39.248.0,INFO,__main__,adjust_metadata.adjust_metadata:32,C:\Users\nedlecky\ACDSee\02Work\2021-2024LeckyEngineering\Lockheed  27 files
2024-07-31,13:33:39.248.0,INFO,__main__,adjust_metadata.adjust_metadata:52,min_year=2021 max_year=2024
2024-07-31,13:33:39.249.0,INFO,__main__,adjust_metadata.adjust_metadata:32,C:\Users\nedlecky\ACDSee\02Work\2021-2024LeckyEngineering\Olis  29 files
2024-07-31,13:33:39.249.0,INFO,__main__,adjust_metadata.adjust_metadata:52,min_year=2021 max_year=2024
2024-07-31,13:33:39.251.0,INFO,__main__,adjust_metadata.adjust_metadata:32,C:\Users\nedlecky\ACDSee\02Work\2021-2024LeckyEngineering\Ossia  462 files
2024-07-31,13:33:39.251.0,INFO,__main__,adjust_metadata.adjust_metadata:52,min_year=2021 max_year=2024
2024-07-31,13:33:39.258.0,INFO,__main__,adjust_metadata.adjust_metadata:32,C:\Users\nedlecky\ACDSee\02Work\2021-2024LeckyEngineering\TensorID  173 files
2024-07-31,13:33:39.258.0,INFO,__main__,adjust_metadata.adjust_metadata:52,min_year=2021 max_year=2024
2024-07-31,13:33:39.260.0,INFO,__main__,adjust_metadata.adjust_metadata:32,C:\Users\nedlecky\ACDSee\02Work\2021-2024LeckyEngineering\TosohQuartz  50 files
2024-07-31,13:33:39.260.0,INFO,__main__,adjust_metadata.adjust_metadata:52,min_year=2021 max_year=2024
2024-07-31,13:33:39.261.0,INFO,__main__,adjust_metadata.adjust_metadata:32,C:\Users\nedlecky\ACDSee\02Work\2022-2024SUNY  79 files
2024-07-31,13:33:39.261.0,INFO,__main__,adjust_metadata.adjust_metadata:52,min_year=2022 max_year=2024
2024-07-31,13:33:39.263.0,INFO,__main__,adjust_metadata.adjust_metadata:34,C:\Users\nedlecky\ACDSee\03Hobbies  8 dirs  0 files
2024-07-31,13:33:39.263.0,INFO,__main__,adjust_metadata.adjust_metadata:52,min_year=1900 max_year=2100
2024-07-31,13:33:39.264.0,INFO,__main__,adjust_metadata.adjust_metadata:32,C:\Users\nedlecky\ACDSee\03Hobbies\Drawing  8 files
2024-07-31,13:33:39.264.0,INFO,__main__,adjust_metadata.adjust_metadata:52,min_year=1900 max_year=2100
2024-07-31,13:33:39.265.0,INFO,__main__,adjust_metadata.adjust_metadata:32,C:\Users\nedlecky\ACDSee\03Hobbies\Guns  57 files
2024-07-31,13:33:39.265.0,INFO,__main__,adjust_metadata.adjust_metadata:52,min_year=1900 max_year=2100
2024-07-31,13:33:39.266.0,INFO,__main__,adjust_metadata.adjust_metadata:32,C:\Users\nedlecky\ACDSee\03Hobbies\HAM  260 files
2024-07-31,13:33:39.266.0,INFO,__main__,adjust_metadata.adjust_metadata:52,min_year=1900 max_year=2100
2024-07-31,13:33:39.269.0,INFO,__main__,adjust_metadata.adjust_metadata:32,C:\Users\nedlecky\ACDSee\03Hobbies\LEGO  695 files
2024-07-31,13:33:39.269.0,INFO,__main__,adjust_metadata.adjust_metadata:52,min_year=1900 max_year=2100
2024-07-31,13:33:39.272.0,INFO,__main__,adjust_metadata.adjust_metadata:32,C:\Users\nedlecky\ACDSee\03Hobbies\Motorcycles  209 files
2024-07-31,13:33:39.272.0,INFO,__main__,adjust_metadata.adjust_metadata:52,min_year=1900 max_year=2100
2024-07-31,13:33:39.274.0,INFO,__main__,adjust_metadata.adjust_metadata:32,C:\Users\nedlecky\ACDSee\03Hobbies\RC  52 files
2024-07-31,13:33:39.275.0,INFO,__main__,adjust_metadata.adjust_metadata:52,min_year=1900 max_year=2100
2024-07-31,13:33:39.278.0,INFO,__main__,adjust_metadata.adjust_metadata:32,C:\Users\nedlecky\ACDSee\03Hobbies\Tattoo  735 files
2024-07-31,13:33:39.278.0,INFO,__main__,adjust_metadata.adjust_metadata:52,min_year=1900 max_year=2100
2024-07-31,13:33:39.281.0,INFO,__main__,adjust_metadata.adjust_metadata:32,C:\Users\nedlecky\ACDSee\03Hobbies\TubeAmps  16 files
2024-07-31,13:33:39.281.0,INFO,__main__,adjust_metadata.adjust_metadata:52,min_year=1900 max_year=2100
2024-07-31,13:33:39.282.0,INFO,__main__,adjust_metadata.adjust_metadata:110,All extensions seen: {'.png', '.dng', '.jpg', '.mp4', '.avi', '.heic'}
2024-07-31,13:33:39.282.0,INFO,__main__,adjust_metadata.adjust_metadata:111,Total dirs: 119
2024-07-31,13:33:39.282.0,INFO,__main__,adjust_metadata.adjust_metadata:112,Total files: 47125
2024-07-31,13:33:39.282.0,INFO,__main__,adjust_metadata.adjust_metadata:113,Total photos: 43323
2024-07-31,13:33:39.282.0,INFO,__main__,adjust_metadata.adjust_metadata:114,Total png: 3
2024-07-31,13:33:39.282.0,INFO,__main__,adjust_metadata.adjust_metadata:115,Total heic: 1938
2024-07-31,13:33:39.283.0,INFO,__main__,adjust_metadata.adjust_metadata:116,Total movies: 3802
2024-07-31,13:33:39.283.0,INFO,__main__,adjust_metadata.adjust_metadata:117,Total photos+movies: 47125
2024-07-31,13:33:39.283.0,INFO,__main__,adjust_metadata.adjust_metadata:118,0 end_notes
2024-07-31,13:33:39.283.0,INFO,__main__,adjust_metadata.adjust_metadata:121,2030 error_messages
2024-07-31,13:33:39.283.0,INFO,__main__,adjust_metadata.adjust_metadata:123,Exifread could not handle C:\Users\nedlecky\ACDSee\01Personal\2024\2024-06-26(1).jpg tag_year='0000000' tag_year_int=0
2024-07-31,13:33:39.284.0,INFO,__main__,adjust_metadata.adjust_metadata:123,Exifread could not handle C:\Users\nedlecky\ACDSee\01Personal\2024\2024-06-26(10).heic tag_year='0000000' tag_year_int=0
2024-07-31,13:33:39.284.0,INFO,__main__,adjust_metadata.adjust_metadata:123,Exifread could not handle C:\Users\nedlecky\ACDSee\01Personal\2024\2024-06-26(10).jpg tag_year='0000000' tag_year_int=0
2024-07-31,13:33:39.284.0,INFO,__main__,adjust_metadata.adjust_metadata:123,Exifread could not handle C:\Users\nedlecky\ACDSee\01Personal\2024\2024-06-26(100).jpg tag_year='0000000' tag_year_int=0
2024-07-31,13:33:39.284.0,INFO,__main__,adjust_metadata.adjust_metadata:123,Exifread could not handle C:\Users\nedlecky\ACDSee\01Personal\2024\2024-06-26(101).jpg tag_year='0000000' tag_year_int=0
2024-07-31,13:33:39.284.0,INFO,__main__,adjust_metadata.adjust_metadata:123,Exifread could not handle C:\Users\nedlecky\ACDSee\01Personal\2024\2024-06-26(103).jpg tag_year='0000000' tag_year_int=0
2024-07-31,13:33:39.284.0,INFO,__main__,adjust_metadata.adjust_metadata:123,Exifread could not handle C:\Users\nedlecky\ACDSee\01Personal\2024\2024-06-26(11).heic tag_year='0000000' tag_year_int=0
2024-07-31,13:33:39.284.0,INFO,__main__,adjust_metadata.adjust_metadata:123,Exifread could not handle C:\Users\nedlecky\ACDSee\01Personal\2024\2024-06-26(11).jpg tag_year='0000000' tag_year_int=0
2024-07-31,13:33:39.284.0,INFO,__main__,adjust_metadata.adjust_metadata:123,Exifread could not handle C:\Users\nedlecky\ACDSee\01Personal\2024\2024-06-26(1190).heic tag_year='0000000' tag_year_int=0
2024-07-31,13:33:39.284.0,INFO,__main__,adjust_metadata.adjust_metadata:123,Exifread could not handle C:\Users\nedlecky\ACDSee\01Personal\2024\2024-06-26(12).heic tag_year='0000000' tag_year_int=0
2024-07-31,13:33:39.285.0,INFO,__main__,adjust_metadata.adjust_metadata:123,Exifread could not handle C:\Users\nedlecky\ACDSee\01Personal\2024\2024-06-26(12).jpg tag_year='0000000' tag_year_int=0
2024-07-31,13:33:39.285.0,INFO,__main__,adjust_metadata.adjust_metadata:123,Exifread could not handle C:\Users\nedlecky\ACDSee\01Personal\2024\2024-06-26(1219).heic tag_year='0000000' tag_year_int=0
2024-07-31,13:33:39.285.0,INFO,__main__,adjust_metadata.adjust_metadata:123,Exifread could not handle C:\Users\nedlecky\ACDSee\01Personal\2024\2024-06-26(1221).heic tag_year='0000000' tag_year_int=0
2024-07-31,13:33:39.285.0,INFO,__main__,adjust_metadata.adjust_metadata:123,Exifread could not handle C:\Users\nedlecky\ACDSee\01Personal\2024\2024-06-26(1223).heic tag_year='0000000' tag_year_int=0
2024-07-31,13:33:39.285.0,INFO,__main__,adjust_metadata.adjust_metadata:123,Exifread could not handle C:\Users\nedlecky\ACDSee\01Personal\2024\2024-06-26(1225).heic tag_year='0000000' tag_year_int=0
2024-07-31,13:33:39.285.0,INFO,__main__,adjust_metadata.adjust_metadata:123,Exifread could not handle C:\Users\nedlecky\ACDSee\01Personal\2024\2024-06-26(1226).heic tag_year='0000000' tag_year_int=0
2024-07-31,13:33:39.285.0,INFO,__main__,adjust_metadata.adjust_metadata:123,Exifread could not handle C:\Users\nedlecky\ACDSee\01Personal\2024\2024-06-26(1229).heic tag_year='0000000' tag_year_int=0
2024-07-31,13:33:39.285.0,INFO,__main__,adjust_metadata.adjust_metadata:123,Exifread could not handle C:\Users\nedlecky\ACDSee\01Personal\2024\2024-06-26(1230).heic tag_year='0000000' tag_year_int=0
2024-07-31,13:33:39.285.0,INFO,__main__,adjust_metadata.adjust_metadata:123,Exifread could not handle C:\Users\nedlecky\ACDSee\01Personal\2024\2024-06-26(1232).heic tag_year='0000000' tag_year_int=0
2024-07-31,13:33:39.285.0,INFO,__main__,adjust_metadata.adjust_metadata:123,Exifread could not handle C:\Users\nedlecky\ACDSee\01Personal\2024\2024-06-26(1234).heic tag_year='0000000' tag_year_int=0
2024-07-31,13:33:39.285.0,INFO,__main__,adjust_metadata.adjust_metadata:123,Exifread could not handle C:\Users\nedlecky\ACDSee\01Personal\2024\2024-06-26(1236).heic tag_year='0000000' tag_year_int=0
2024-07-31,13:33:39.285.0,INFO,__main__,adjust_metadata.adjust_metadata:123,Exifread could not handle C:\Users\nedlecky\ACDSee\01Personal\2024\2024-06-26(1238).heic tag_year='0000000' tag_year_int=0
2024-07-31,13:33:39.285.0,INFO,__main__,adjust_metadata.adjust_metadata:123,Exifread could not handle C:\Users\nedlecky\ACDSee\01Personal\2024\2024-06-26(1239).heic tag_year='0000000' tag_year_int=0
2024-07-31,13:33:39.285.0,INFO,__main__,adjust_metadata.adjust_metadata:123,Exifread could not handle C:\Users\nedlecky\ACDSee\01Personal\2024\2024-06-26(1241).heic tag_year='0000000' tag_year_int=0
2024-07-31,13:33:39.286.0,INFO,__main__,adjust_metadata.adjust_metadata:123,Exifread could not handle C:\Users\nedlecky\ACDSee\01Personal\2024\2024-06-26(1244).heic tag_year='0000000' tag_year_int=0
2024-07-31,13:33:39.286.0,INFO,__main__,adjust_metadata.adjust_metadata:123,Exifread could not handle C:\Users\nedlecky\ACDSee\01Personal\2024\2024-06-26(1245).heic tag_year='0000000' tag_year_int=0
2024-07-31,13:33:39.286.0,INFO,__main__,adjust_metadata.adjust_metadata:123,Exifread could not handle C:\Users\nedlecky\ACDSee\01Personal\2024\2024-06-26(1249).heic tag_year='0000000' tag_year_int=0
2024-07-31,13:33:39.286.0,INFO,__main__,adjust_metadata.adjust_metadata:123,Exifread could not handle C:\Users\nedlecky\ACDSee\01Personal\2024\2024-06-26(1251).heic tag_year='0000000' tag_year_int=0
2024-07-31,13:33:39.286.0,INFO,__main__,adjust_metadata.adjust_metadata:123,Exifread could not handle C:\Users\nedlecky\ACDSee\01Personal\2024\2024-06-26(1253).heic tag_year='0000000' tag_year_int=0
2024-07-31,13:33:39.286.0,INFO,__main__,adjust_metadata.adjust_metadata:123,Exifread could not handle C:\Users\nedlecky\ACDSee\01Personal\2024\2024-06-26(1254).heic tag_year='0000000' tag_year_int=0
2024-07-31,13:33:39.286.0,INFO,__main__,adjust_metadata.adjust_metadata:123,Exifread could not handle C:\Users\nedlecky\ACDSee\01Personal\2024\2024-06-26(1255).heic tag_year='0000000' tag_year_int=0
2024-07-31,13:33:39.286.0,INFO,__main__,adjust_metadata.adjust_metadata:123,Exifread could not handle C:\Users\nedlecky\ACDSee\01Personal\2024\2024-06-26(1256).heic tag_year='0000000' tag_year_int=0
2024-07-31,13:33:39.286.0,INFO,__main__,adjust_metadata.adjust_metadata:123,Exifread could not handle C:\Users\nedlecky\ACDSee\01Personal\2024\2024-06-26(1257).heic tag_year='0000000' tag_year_int=0
2024-07-31,13:33:39.286.0,INFO,__main__,adjust_metadata.adjust_metadata:123,Exifread could not handle C:\Users\nedlecky\ACDSee\01Personal\2024\2024-06-26(1259).heic tag_year='0000000' tag_year_int=0
2024-07-31,13:33:39.286.0,INFO,__main__,adjust_metadata.adjust_metadata:123,Exifread could not handle C:\Users\nedlecky\ACDSee\01Personal\2024\2024-06-26(1260).heic tag_year='0000000' tag_year_int=0
2024-07-31,13:33:39.286.0,INFO,__main__,adjust_metadata.adjust_metadata:123,Exifread could not handle C:\Users\nedlecky\ACDSee\01Personal\2024\2024-06-26(1262).heic tag_year='0000000' tag_year_int=0
2024-07-31,13:33:39.286.0,INFO,__main__,adjust_metadata.adjust_metadata:123,Exifread could not handle C:\Users\nedlecky\ACDSee\01Personal\2024\2024-06-26(1287).heic tag_year='0000000' tag_year_int=0
2024-07-31,13:33:39.286.0,INFO,__main__,adjust_metadata.adjust_metadata:123,Exifread could not handle C:\Users\nedlecky\ACDSee\01Personal\2024\2024-06-26(1292).heic tag_year='0000000' tag_year_int=0
2024-07-31,13:33:39.287.0,INFO,__main__,adjust_metadata.adjust_metadata:123,Exifread could not handle C:\Users\nedlecky\ACDSee\01Personal\2024\2024-06-26(1327).heic tag_year='0000000' tag_year_int=0
2024-07-31,13:33:39.287.0,INFO,__main__,adjust_metadata.adjust_metadata:123,Exifread could not handle C:\Users\nedlecky\ACDSee\01Personal\2024\2024-06-26(1331).heic tag_year='0000000' tag_year_int=0
2024-07-31,13:33:39.287.0,INFO,__main__,adjust_metadata.adjust_metadata:123,Exifread could not handle C:\Users\nedlecky\ACDSee\01Personal\2024\2024-06-26(1332).heic tag_year='0000000' tag_year_int=0
2024-07-31,13:33:39.287.0,INFO,__main__,adjust_metadata.adjust_metadata:123,Exifread could not handle C:\Users\nedlecky\ACDSee\01Personal\2024\2024-06-26(1336).heic tag_year='0000000' tag_year_int=0
2024-07-31,13:33:39.287.0,INFO,__main__,adjust_metadata.adjust_metadata:123,Exifread could not handle C:\Users\nedlecky\ACDSee\01Personal\2024\2024-06-26(1352).heic tag_year='0000000' tag_year_int=0
2024-07-31,13:33:39.287.0,INFO,__main__,adjust_metadata.adjust_metadata:123,Exifread could not handle C:\Users\nedlecky\ACDSee\01Personal\2024\2024-06-26(1361).heic tag_year='0000000' tag_year_int=0
2024-07-31,13:33:39.287.0,INFO,__main__,adjust_metadata.adjust_metadata:123,Exifread could not handle C:\Users\nedlecky\ACDSee\01Personal\2024\2024-06-26(1367).heic tag_year='0000000' tag_year_int=0
2024-07-31,13:33:39.287.0,INFO,__main__,adjust_metadata.adjust_metadata:123,Exifread could not handle C:\Users\nedlecky\ACDSee\01Personal\2024\2024-06-26(1368).heic tag_year='0000000' tag_year_int=0
2024-07-31,13:33:39.287.0,INFO,__main__,adjust_metadata.adjust_metadata:123,Exifread could not handle C:\Users\nedlecky\ACDSee\01Personal\2024\2024-06-26(1369).heic tag_year='0000000' tag_year_int=0
2024-07-31,13:33:39.287.0,INFO,__main__,adjust_metadata.adjust_metadata:123,Exifread could not handle C:\Users\nedlecky\ACDSee\01Personal\2024\2024-06-26(1370).heic tag_year='0000000' tag_year_int=0
2024-07-31,13:33:39.287.0,INFO,__main__,adjust_metadata.adjust_metadata:123,Exifread could not handle C:\Users\nedlecky\ACDSee\01Personal\2024\2024-06-26(1382).heic tag_year='0000000' tag_year_int=0
2024-07-31,13:33:39.287.0,INFO,__main__,adjust_metadata.adjust_metadata:123,Exifread could not handle C:\Users\nedlecky\ACDSee\01Personal\2024\2024-06-26(1383).heic tag_year='0000000' tag_year_int=0
2024-07-31,13:33:39.287.0,INFO,__main__,adjust_metadata.adjust_metadata:123,Exifread could not handle C:\Users\nedlecky\ACDSee\01Personal\2024\2024-06-26(1384).heic tag_year='0000000' tag_year_int=0
2024-07-31,13:33:39.288.0,INFO,__main__,adjust_metadata.adjust_metadata:123,Exifread could not handle C:\Users\nedlecky\ACDSee\01Personal\2024\2024-06-26(1385).heic tag_year='0000000' tag_year_int=0
2024-07-31,13:33:39.288.0,INFO,__main__,adjust_metadata.adjust_metadata:123,Exifread could not handle C:\Users\nedlecky\ACDSee\01Personal\2024\2024-06-26(1386).heic tag_year='0000000' tag_year_int=0
2024-07-31,13:33:39.288.0,INFO,__main__,adjust_metadata.adjust_metadata:123,Exifread could not handle C:\Users\nedlecky\ACDSee\01Personal\2024\2024-06-26(1387).heic tag_year='0000000' tag_year_int=0
2024-07-31,13:33:39.288.0,INFO,__main__,adjust_metadata.adjust_metadata:123,Exifread could not handle C:\Users\nedlecky\ACDSee\01Personal\2024\2024-06-26(1388).heic tag_year='0000000' tag_year_int=0
2024-07-31,13:33:39.288.0,INFO,__main__,adjust_metadata.adjust_metadata:123,Exifread could not handle C:\Users\nedlecky\ACDSee\01Personal\2024\2024-06-26(1389).heic tag_year='0000000' tag_year_int=0
2024-07-31,13:33:39.288.0,INFO,__main__,adjust_metadata.adjust_metadata:123,Exifread could not handle C:\Users\nedlecky\ACDSee\01Personal\2024\2024-06-26(1393).heic tag_year='0000000' tag_year_int=0
2024-07-31,13:33:39.288.0,INFO,__main__,adjust_metadata.adjust_metadata:123,Exifread could not handle C:\Users\nedlecky\ACDSee\01Personal\2024\2024-06-26(1397).heic tag_year='0000000' tag_year_int=0
2024-07-31,13:33:39.288.0,INFO,__main__,adjust_metadata.adjust_metadata:123,Exifread could not handle C:\Users\nedlecky\ACDSee\01Personal\2024\2024-06-26(1398).heic tag_year='0000000' tag_year_int=0
2024-07-31,13:33:39.288.0,INFO,__main__,adjust_metadata.adjust_metadata:123,Exifread could not handle C:\Users\nedlecky\ACDSee\01Personal\2024\2024-06-26(1399).heic tag_year='0000000' tag_year_int=0
2024-07-31,13:33:39.288.0,INFO,__main__,adjust_metadata.adjust_metadata:123,Exifread could not handle C:\Users\nedlecky\ACDSee\01Personal\2024\2024-06-26(14).jpg tag_year='0000000' tag_year_int=0
2024-07-31,13:33:39.288.0,INFO,__main__,adjust_metadata.adjust_metadata:123,Exifread could not handle C:\Users\nedlecky\ACDSee\01Personal\2024\2024-06-26(1400).heic tag_year='0000000' tag_year_int=0
2024-07-31,13:33:39.288.0,INFO,__main__,adjust_metadata.adjust_metadata:123,Exifread could not handle C:\Users\nedlecky\ACDSee\01Personal\2024\2024-06-26(1401).heic tag_year='0000000' tag_year_int=0
2024-07-31,13:33:39.288.0,INFO,__main__,adjust_metadata.adjust_metadata:123,Exifread could not handle C:\Users\nedlecky\ACDSee\01Personal\2024\2024-06-26(1402).heic tag_year='0000000' tag_year_int=0
2024-07-31,13:33:39.288.0,INFO,__main__,adjust_metadata.adjust_metadata:123,Exifread could not handle C:\Users\nedlecky\ACDSee\01Personal\2024\2024-06-26(1403).heic tag_year='0000000' tag_year_int=0
2024-07-31,13:33:39.288.0,INFO,__main__,adjust_metadata.adjust_metadata:123,Exifread could not handle C:\Users\nedlecky\ACDSee\01Personal\2024\2024-06-26(1404).heic tag_year='0000000' tag_year_int=0
2024-07-31,13:33:39.289.0,INFO,__main__,adjust_metadata.adjust_metadata:123,Exifread could not handle C:\Users\nedlecky\ACDSee\01Personal\2024\2024-06-26(1479).heic tag_year='0000000' tag_year_int=0
2024-07-31,13:33:39.289.0,INFO,__main__,adjust_metadata.adjust_metadata:123,Exifread could not handle C:\Users\nedlecky\ACDSee\01Personal\2024\2024-06-26(1482).heic tag_year='0000000' tag_year_int=0
2024-07-31,13:33:39.289.0,INFO,__main__,adjust_metadata.adjust_metadata:123,Exifread could not handle C:\Users\nedlecky\ACDSee\01Personal\2024\2024-06-26(1483).heic tag_year='0000000' tag_year_int=0
2024-07-31,13:33:39.289.0,INFO,__main__,adjust_metadata.adjust_metadata:123,Exifread could not handle C:\Users\nedlecky\ACDSee\01Personal\2024\2024-06-26(15).jpg tag_year='0000000' tag_year_int=0
2024-07-31,13:33:39.289.0,INFO,__main__,adjust_metadata.adjust_metadata:123,Exifread could not handle C:\Users\nedlecky\ACDSee\01Personal\2024\2024-06-26(16).jpg tag_year='0000000' tag_year_int=0
2024-07-31,13:33:39.289.0,INFO,__main__,adjust_metadata.adjust_metadata:123,Exifread could not handle C:\Users\nedlecky\ACDSee\01Personal\2024\2024-06-26(17).jpg tag_year='0000000' tag_year_int=0
2024-07-31,13:33:39.289.0,INFO,__main__,adjust_metadata.adjust_metadata:123,Exifread could not handle C:\Users\nedlecky\ACDSee\01Personal\2024\2024-06-26(18).jpg tag_year='0000000' tag_year_int=0
2024-07-31,13:33:39.289.0,INFO,__main__,adjust_metadata.adjust_metadata:123,Exifread could not handle C:\Users\nedlecky\ACDSee\01Personal\2024\2024-06-26(19).jpg tag_year='0000000' tag_year_int=0
2024-07-31,13:33:39.289.0,INFO,__main__,adjust_metadata.adjust_metadata:123,Exifread could not handle C:\Users\nedlecky\ACDSee\01Personal\2024\2024-06-26(20).jpg tag_year='0000000' tag_year_int=0
2024-07-31,13:33:39.289.0,INFO,__main__,adjust_metadata.adjust_metadata:123,Exifread could not handle C:\Users\nedlecky\ACDSee\01Personal\2024\2024-06-26(21).jpg tag_year='0000000' tag_year_int=0
2024-07-31,13:33:39.289.0,INFO,__main__,adjust_metadata.adjust_metadata:123,Exifread could not handle C:\Users\nedlecky\ACDSee\01Personal\2024\2024-06-26(22).jpg tag_year='0000000' tag_year_int=0
2024-07-31,13:33:39.289.0,INFO,__main__,adjust_metadata.adjust_metadata:123,Exifread could not handle C:\Users\nedlecky\ACDSee\01Personal\2024\2024-06-26(23).jpg tag_year='0000000' tag_year_int=0
2024-07-31,13:33:39.289.0,INFO,__main__,adjust_metadata.adjust_metadata:123,Exifread could not handle C:\Users\nedlecky\ACDSee\01Personal\2024\2024-06-26(24).jpg tag_year='0000000' tag_year_int=0
2024-07-31,13:33:39.289.0,INFO,__main__,adjust_metadata.adjust_metadata:123,Exifread could not handle C:\Users\nedlecky\ACDSee\01Personal\2024\2024-06-26(25).jpg tag_year='0000000' tag_year_int=0
2024-07-31,13:33:39.289.0,INFO,__main__,adjust_metadata.adjust_metadata:123,Exifread could not handle C:\Users\nedlecky\ACDSee\01Personal\2024\2024-06-26(26).jpg tag_year='0000000' tag_year_int=0
2024-07-31,13:33:39.290.0,INFO,__main__,adjust_metadata.adjust_metadata:123,Exifread could not handle C:\Users\nedlecky\ACDSee\01Personal\2024\2024-06-26(27).jpg tag_year='0000000' tag_year_int=0
2024-07-31,13:33:39.290.0,INFO,__main__,adjust_metadata.adjust_metadata:123,Exifread could not handle C:\Users\nedlecky\ACDSee\01Personal\2024\2024-06-26(28).jpg tag_year='0000000' tag_year_int=0
2024-07-31,13:33:39.290.0,INFO,__main__,adjust_metadata.adjust_metadata:123,Exifread could not handle C:\Users\nedlecky\ACDSee\01Personal\2024\2024-06-26(29).jpg tag_year='0000000' tag_year_int=0
2024-07-31,13:33:39.290.0,INFO,__main__,adjust_metadata.adjust_metadata:123,Exifread could not handle C:\Users\nedlecky\ACDSee\01Personal\2024\2024-06-26(3).jpg tag_year='0000000' tag_year_int=0
2024-07-31,13:33:39.290.0,INFO,__main__,adjust_metadata.adjust_metadata:123,Exifread could not handle C:\Users\nedlecky\ACDSee\01Personal\2024\2024-06-26(30).jpg tag_year='0000000' tag_year_int=0
2024-07-31,13:33:39.290.0,INFO,__main__,adjust_metadata.adjust_metadata:123,Exifread could not handle C:\Users\nedlecky\ACDSee\01Personal\2024\2024-06-26(31).jpg tag_year='0000000' tag_year_int=0
2024-07-31,13:33:39.290.0,INFO,__main__,adjust_metadata.adjust_metadata:123,Exifread could not handle C:\Users\nedlecky\ACDSee\01Personal\2024\2024-06-26(32).jpg tag_year='0000000' tag_year_int=0
2024-07-31,13:33:39.290.0,INFO,__main__,adjust_metadata.adjust_metadata:123,Exifread could not handle C:\Users\nedlecky\ACDSee\01Personal\2024\2024-06-26(33).jpg tag_year='0000000' tag_year_int=0
2024-07-31,13:33:39.290.0,INFO,__main__,adjust_metadata.adjust_metadata:123,Exifread could not handle C:\Users\nedlecky\ACDSee\01Personal\2024\2024-06-26(34).jpg tag_year='0000000' tag_year_int=0
2024-07-31,13:33:39.290.0,INFO,__main__,adjust_metadata.adjust_metadata:123,Exifread could not handle C:\Users\nedlecky\ACDSee\01Personal\2024\2024-06-26(35).jpg tag_year='0000000' tag_year_int=0
2024-07-31,13:33:39.290.0,INFO,__main__,adjust_metadata.adjust_metadata:123,Exifread could not handle C:\Users\nedlecky\ACDSee\01Personal\2024\2024-06-26(36).jpg tag_year='0000000' tag_year_int=0
2024-07-31,13:33:39.290.0,INFO,__main__,adjust_metadata.adjust_metadata:123,Exifread could not handle C:\Users\nedlecky\ACDSee\01Personal\2024\2024-06-26(37).jpg tag_year='0000000' tag_year_int=0
2024-07-31,13:33:39.290.0,INFO,__main__,adjust_metadata.adjust_metadata:123,Exifread could not handle C:\Users\nedlecky\ACDSee\01Personal\2024\2024-06-26(38).jpg tag_year='0000000' tag_year_int=0
2024-07-31,13:33:39.290.0,INFO,__main__,adjust_metadata.adjust_metadata:123,Exifread could not handle C:\Users\nedlecky\ACDSee\01Personal\2024\2024-06-26(39).jpg tag_year='0000000' tag_year_int=0
2024-07-31,13:33:39.290.0,INFO,__main__,adjust_metadata.adjust_metadata:123,Exifread could not handle C:\Users\nedlecky\ACDSee\01Personal\2024\2024-06-26(4).jpg tag_year='0000000' tag_year_int=0
2024-07-31,13:33:39.291.0,INFO,__main__,adjust_metadata.adjust_metadata:123,Exifread could not handle C:\Users\nedlecky\ACDSee\01Personal\2024\2024-06-26(40).jpg tag_year='0000000' tag_year_int=0
2024-07-31,13:33:39.291.0,INFO,__main__,adjust_metadata.adjust_metadata:123,Exifread could not handle C:\Users\nedlecky\ACDSee\01Personal\2024\2024-06-26(41).jpg tag_year='0000000' tag_year_int=0
2024-07-31,13:33:39.291.0,INFO,__main__,adjust_metadata.adjust_metadata:123,Exifread could not handle C:\Users\nedlecky\ACDSee\01Personal\2024\2024-06-26(43).jpg tag_year='0000000' tag_year_int=0
2024-07-31,13:33:39.291.0,INFO,__main__,adjust_metadata.adjust_metadata:123,Exifread could not handle C:\Users\nedlecky\ACDSee\01Personal\2024\2024-06-26(44).jpg tag_year='0000000' tag_year_int=0
2024-07-31,13:33:39.291.0,INFO,__main__,adjust_metadata.adjust_metadata:123,Exifread could not handle C:\Users\nedlecky\ACDSee\01Personal\2024\2024-06-26(45).jpg tag_year='0000000' tag_year_int=0
2024-07-31,13:33:39.291.0,INFO,__main__,adjust_metadata.adjust_metadata:123,Exifread could not handle C:\Users\nedlecky\ACDSee\01Personal\2024\2024-06-26(46).jpg tag_year='0000000' tag_year_int=0
2024-07-31,13:33:39.291.0,INFO,__main__,adjust_metadata.adjust_metadata:123,Exifread could not handle C:\Users\nedlecky\ACDSee\01Personal\2024\2024-06-26(47).jpg tag_year='0000000' tag_year_int=0
2024-07-31,13:33:39.292.0,INFO,__main__,adjust_metadata.adjust_metadata:123,Exifread could not handle C:\Users\nedlecky\ACDSee\01Personal\2024\2024-06-26(48).jpg tag_year='0000000' tag_year_int=0
2024-07-31,13:33:39.292.0,INFO,__main__,adjust_metadata.adjust_metadata:123,Exifread could not handle C:\Users\nedlecky\ACDSee\01Personal\2024\2024-06-26(49).jpg tag_year='0000000' tag_year_int=0
2024-07-31,13:33:39.292.0,INFO,__main__,adjust_metadata.adjust_metadata:123,Exifread could not handle C:\Users\nedlecky\ACDSee\01Personal\2024\2024-06-26(5).heic tag_year='0000000' tag_year_int=0
2024-07-31,13:33:39.292.0,INFO,__main__,adjust_metadata.adjust_metadata:123,Exifread could not handle C:\Users\nedlecky\ACDSee\01Personal\2024\2024-06-26(5).jpg tag_year='0000000' tag_year_int=0
2024-07-31,13:33:39.292.0,INFO,__main__,adjust_metadata.adjust_metadata:123,Exifread could not handle C:\Users\nedlecky\ACDSee\01Personal\2024\2024-06-26(52).jpg tag_year='0000000' tag_year_int=0
2024-07-31,13:33:39.292.0,INFO,__main__,adjust_metadata.adjust_metadata:123,Exifread could not handle C:\Users\nedlecky\ACDSee\01Personal\2024\2024-06-26(53).jpg tag_year='0000000' tag_year_int=0
2024-07-31,13:33:39.292.0,INFO,__main__,adjust_metadata.adjust_metadata:123,Exifread could not handle C:\Users\nedlecky\ACDSee\01Personal\2024\2024-06-26(54).jpg tag_year='0000000' tag_year_int=0
2024-07-31,13:33:39.293.0,INFO,__main__,adjust_metadata.adjust_metadata:123,Exifread could not handle C:\Users\nedlecky\ACDSee\01Personal\2024\2024-06-26(55).jpg tag_year='0000000' tag_year_int=0
2024-07-31,13:33:39.293.0,INFO,__main__,adjust_metadata.adjust_metadata:123,Exifread could not handle C:\Users\nedlecky\ACDSee\01Personal\2024\2024-06-26(56).jpg tag_year='0000000' tag_year_int=0
2024-07-31,13:33:39.293.0,INFO,__main__,adjust_metadata.adjust_metadata:123,Exifread could not handle C:\Users\nedlecky\ACDSee\01Personal\2024\2024-06-26(57).jpg tag_year='0000000' tag_year_int=0
2024-07-31,13:33:39.293.0,INFO,__main__,adjust_metadata.adjust_metadata:123,Exifread could not handle C:\Users\nedlecky\ACDSee\01Personal\2024\2024-06-26(58).jpg tag_year='0000000' tag_year_int=0
2024-07-31,13:33:39.293.0,INFO,__main__,adjust_metadata.adjust_metadata:123,Exifread could not handle C:\Users\nedlecky\ACDSee\01Personal\2024\2024-06-26(59).jpg tag_year='0000000' tag_year_int=0
2024-07-31,13:33:39.293.0,INFO,__main__,adjust_metadata.adjust_metadata:123,Exifread could not handle C:\Users\nedlecky\ACDSee\01Personal\2024\2024-06-26(6).heic tag_year='0000000' tag_year_int=0
2024-07-31,13:33:39.293.0,INFO,__main__,adjust_metadata.adjust_metadata:123,Exifread could not handle C:\Users\nedlecky\ACDSee\01Personal\2024\2024-06-26(6).jpg tag_year='0000000' tag_year_int=0
2024-07-31,13:33:39.293.0,INFO,__main__,adjust_metadata.adjust_metadata:123,Exifread could not handle C:\Users\nedlecky\ACDSee\01Personal\2024\2024-06-26(60).jpg tag_year='0000000' tag_year_int=0
2024-07-31,13:33:39.293.0,INFO,__main__,adjust_metadata.adjust_metadata:123,Exifread could not handle C:\Users\nedlecky\ACDSee\01Personal\2024\2024-06-26(61).jpg tag_year='0000000' tag_year_int=0
2024-07-31,13:33:39.293.0,INFO,__main__,adjust_metadata.adjust_metadata:123,Exifread could not handle C:\Users\nedlecky\ACDSee\01Personal\2024\2024-06-26(62).jpg tag_year='0000000' tag_year_int=0
2024-07-31,13:33:39.296.0,INFO,__main__,adjust_metadata.adjust_metadata:123,Exifread could not handle C:\Users\nedlecky\ACDSee\01Personal\2024\2024-06-26(63).jpg tag_year='0000000' tag_year_int=0
2024-07-31,13:33:39.297.0,INFO,__main__,adjust_metadata.adjust_metadata:123,Exifread could not handle C:\Users\nedlecky\ACDSee\01Personal\2024\2024-06-26(64).jpg tag_year='0000000' tag_year_int=0
2024-07-31,13:33:39.297.0,INFO,__main__,adjust_metadata.adjust_metadata:123,Exifread could not handle C:\Users\nedlecky\ACDSee\01Personal\2024\2024-06-26(66).jpg tag_year='0000000' tag_year_int=0
2024-07-31,13:33:39.297.0,INFO,__main__,adjust_metadata.adjust_metadata:123,Exifread could not handle C:\Users\nedlecky\ACDSee\01Personal\2024\2024-06-26(67).jpg tag_year='0000000' tag_year_int=0
2024-07-31,13:33:39.297.0,INFO,__main__,adjust_metadata.adjust_metadata:123,Exifread could not handle C:\Users\nedlecky\ACDSee\01Personal\2024\2024-06-26(68).jpg tag_year='0000000' tag_year_int=0
2024-07-31,13:33:39.297.0,INFO,__main__,adjust_metadata.adjust_metadata:123,Exifread could not handle C:\Users\nedlecky\ACDSee\01Personal\2024\2024-06-26(69).jpg tag_year='0000000' tag_year_int=0
2024-07-31,13:33:39.297.0,INFO,__main__,adjust_metadata.adjust_metadata:123,Exifread could not handle C:\Users\nedlecky\ACDSee\01Personal\2024\2024-06-26(7).heic tag_year='0000000' tag_year_int=0
2024-07-31,13:33:39.297.0,INFO,__main__,adjust_metadata.adjust_metadata:123,Exifread could not handle C:\Users\nedlecky\ACDSee\01Personal\2024\2024-06-26(7).jpg tag_year='0000000' tag_year_int=0
2024-07-31,13:33:39.297.0,INFO,__main__,adjust_metadata.adjust_metadata:123,Exifread could not handle C:\Users\nedlecky\ACDSee\01Personal\2024\2024-06-26(70).jpg tag_year='0000000' tag_year_int=0
2024-07-31,13:33:39.298.0,INFO,__main__,adjust_metadata.adjust_metadata:123,Exifread could not handle C:\Users\nedlecky\ACDSee\01Personal\2024\2024-06-26(72).jpg tag_year='0000000' tag_year_int=0
2024-07-31,13:33:39.298.0,INFO,__main__,adjust_metadata.adjust_metadata:123,Exifread could not handle C:\Users\nedlecky\ACDSee\01Personal\2024\2024-06-26(73).jpg tag_year='0000000' tag_year_int=0
2024-07-31,13:33:39.298.0,INFO,__main__,adjust_metadata.adjust_metadata:123,Exifread could not handle C:\Users\nedlecky\ACDSee\01Personal\2024\2024-06-26(74).jpg tag_year='0000000' tag_year_int=0
2024-07-31,13:33:39.298.0,INFO,__main__,adjust_metadata.adjust_metadata:123,Exifread could not handle C:\Users\nedlecky\ACDSee\01Personal\2024\2024-06-26(77).jpg tag_year='0000000' tag_year_int=0
2024-07-31,13:33:39.298.0,INFO,__main__,adjust_metadata.adjust_metadata:123,Exifread could not handle C:\Users\nedlecky\ACDSee\01Personal\2024\2024-06-26(78).jpg tag_year='0000000' tag_year_int=0
2024-07-31,13:33:39.298.0,INFO,__main__,adjust_metadata.adjust_metadata:123,Exifread could not handle C:\Users\nedlecky\ACDSee\01Personal\2024\2024-06-26(79).jpg tag_year='0000000' tag_year_int=0
2024-07-31,13:33:39.298.0,INFO,__main__,adjust_metadata.adjust_metadata:123,Exifread could not handle C:\Users\nedlecky\ACDSee\01Personal\2024\2024-06-26(8).heic tag_year='0000000' tag_year_int=0
2024-07-31,13:33:39.298.0,INFO,__main__,adjust_metadata.adjust_metadata:123,Exifread could not handle C:\Users\nedlecky\ACDSee\01Personal\2024\2024-06-26(8).jpg tag_year='0000000' tag_year_int=0
2024-07-31,13:33:39.298.0,INFO,__main__,adjust_metadata.adjust_metadata:123,Exifread could not handle C:\Users\nedlecky\ACDSee\01Personal\2024\2024-06-26(80).jpg tag_year='0000000' tag_year_int=0
2024-07-31,13:33:39.298.0,INFO,__main__,adjust_metadata.adjust_metadata:123,Exifread could not handle C:\Users\nedlecky\ACDSee\01Personal\2024\2024-06-26(81).jpg tag_year='0000000' tag_year_int=0
2024-07-31,13:33:39.300.0,INFO,__main__,adjust_metadata.adjust_metadata:123,Exifread could not handle C:\Users\nedlecky\ACDSee\01Personal\2024\2024-06-26(82).jpg tag_year='0000000' tag_year_int=0
2024-07-31,13:33:39.300.0,INFO,__main__,adjust_metadata.adjust_metadata:123,Exifread could not handle C:\Users\nedlecky\ACDSee\01Personal\2024\2024-06-26(83).jpg tag_year='0000000' tag_year_int=0
2024-07-31,13:33:39.300.0,INFO,__main__,adjust_metadata.adjust_metadata:123,Exifread could not handle C:\Users\nedlecky\ACDSee\01Personal\2024\2024-06-26(84).jpg tag_year='0000000' tag_year_int=0
2024-07-31,13:33:39.300.0,INFO,__main__,adjust_metadata.adjust_metadata:123,Exifread could not handle C:\Users\nedlecky\ACDSee\01Personal\2024\2024-06-26(85).jpg tag_year='0000000' tag_year_int=0
2024-07-31,13:33:39.300.0,INFO,__main__,adjust_metadata.adjust_metadata:123,Exifread could not handle C:\Users\nedlecky\ACDSee\01Personal\2024\2024-06-26(86).jpg tag_year='0000000' tag_year_int=0
2024-07-31,13:33:39.301.0,INFO,__main__,adjust_metadata.adjust_metadata:123,Exifread could not handle C:\Users\nedlecky\ACDSee\01Personal\2024\2024-06-26(87).jpg tag_year='0000000' tag_year_int=0
2024-07-31,13:33:39.301.0,INFO,__main__,adjust_metadata.adjust_metadata:123,Exifread could not handle C:\Users\nedlecky\ACDSee\01Personal\2024\2024-06-26(88).jpg tag_year='0000000' tag_year_int=0
2024-07-31,13:33:39.301.0,INFO,__main__,adjust_metadata.adjust_metadata:123,Exifread could not handle C:\Users\nedlecky\ACDSee\01Personal\2024\2024-06-26(89).jpg tag_year='0000000' tag_year_int=0
2024-07-31,13:33:39.301.0,INFO,__main__,adjust_metadata.adjust_metadata:123,Exifread could not handle C:\Users\nedlecky\ACDSee\01Personal\2024\2024-06-26(9).heic tag_year='0000000' tag_year_int=0
2024-07-31,13:33:39.301.0,INFO,__main__,adjust_metadata.adjust_metadata:123,Exifread could not handle C:\Users\nedlecky\ACDSee\01Personal\2024\2024-06-26(9).jpg tag_year='0000000' tag_year_int=0
2024-07-31,13:33:39.301.0,INFO,__main__,adjust_metadata.adjust_metadata:123,Exifread could not handle C:\Users\nedlecky\ACDSee\01Personal\2024\2024-06-26(91).jpg tag_year='0000000' tag_year_int=0
2024-07-31,13:33:39.301.0,INFO,__main__,adjust_metadata.adjust_metadata:123,Exifread could not handle C:\Users\nedlecky\ACDSee\01Personal\2024\2024-06-26(92).jpg tag_year='0000000' tag_year_int=0
2024-07-31,13:33:39.301.0,INFO,__main__,adjust_metadata.adjust_metadata:123,Exifread could not handle C:\Users\nedlecky\ACDSee\01Personal\2024\2024-06-26(94).jpg tag_year='0000000' tag_year_int=0
2024-07-31,13:33:39.301.0,INFO,__main__,adjust_metadata.adjust_metadata:123,Exifread could not handle C:\Users\nedlecky\ACDSee\01Personal\2024\2024-06-26(95).jpg tag_year='0000000' tag_year_int=0
2024-07-31,13:33:39.301.0,INFO,__main__,adjust_metadata.adjust_metadata:123,Exifread could not handle C:\Users\nedlecky\ACDSee\01Personal\2024\2024-06-26(96).jpg tag_year='0000000' tag_year_int=0
2024-07-31,13:33:39.302.0,INFO,__main__,adjust_metadata.adjust_metadata:123,Exifread could not handle C:\Users\nedlecky\ACDSee\01Personal\2024\2024-06-26(97).jpg tag_year='0000000' tag_year_int=0
2024-07-31,13:33:39.302.0,INFO,__main__,adjust_metadata.adjust_metadata:123,Exifread could not handle C:\Users\nedlecky\ACDSee\01Personal\2024\2024-06-26(98).jpg tag_year='0000000' tag_year_int=0
2024-07-31,13:33:39.302.0,INFO,__main__,adjust_metadata.adjust_metadata:123,Exifread could not handle C:\Users\nedlecky\ACDSee\01Personal\2024\2024-06-26-POP_OUT.jpg tag_year='0000000' tag_year_int=0
2024-07-31,13:33:39.302.0,INFO,__main__,adjust_metadata.adjust_metadata:123,Exifread could not handle C:\Users\nedlecky\ACDSee\01Personal\2024\2024-06-26.jpg tag_year='0000000' tag_year_int=0
2024-07-31,13:33:39.302.0,INFO,__main__,adjust_metadata.adjust_metadata:123,Exifread could not handle C:\Users\nedlecky\ACDSee\01Personal\2024\2024-07-01(165).heic tag_year='0000000' tag_year_int=0
2024-07-31,13:33:39.302.0,INFO,__main__,adjust_metadata.adjust_metadata:123,Exifread could not handle C:\Users\nedlecky\ACDSee\01Personal\2024\2024-07-01(166).heic tag_year='0000000' tag_year_int=0
2024-07-31,13:33:39.302.0,INFO,__main__,adjust_metadata.adjust_metadata:123,Exifread could not handle C:\Users\nedlecky\ACDSee\01Personal\2024\2024-07-01(168).heic tag_year='0000000' tag_year_int=0
2024-07-31,13:33:39.302.0,INFO,__main__,adjust_metadata.adjust_metadata:123,Exifread could not handle C:\Users\nedlecky\ACDSee\01Personal\2024\2024-07-01(170).heic tag_year='0000000' tag_year_int=0
2024-07-31,13:33:39.302.0,INFO,__main__,adjust_metadata.adjust_metadata:123,Exifread could not handle C:\Users\nedlecky\ACDSee\01Personal\2024\2024-07-01(211).heic tag_year='0000000' tag_year_int=0
2024-07-31,13:33:39.302.0,INFO,__main__,adjust_metadata.adjust_metadata:123,Exifread could not handle C:\Users\nedlecky\ACDSee\01Personal\2024\2024-07-01(213).heic tag_year='0000000' tag_year_int=0
2024-07-31,13:33:39.302.0,INFO,__main__,adjust_metadata.adjust_metadata:123,Exifread could not handle C:\Users\nedlecky\ACDSee\01Personal\2024\2024-07-01(684).heic tag_year='0000000' tag_year_int=0
2024-07-31,13:33:39.302.0,INFO,__main__,adjust_metadata.adjust_metadata:123,Exifread could not handle C:\Users\nedlecky\ACDSee\01Personal\2024\2024-07-01(701).heic tag_year='0000000' tag_year_int=0
2024-07-31,13:33:39.303.0,INFO,__main__,adjust_metadata.adjust_metadata:123,Exifread could not handle C:\Users\nedlecky\ACDSee\01Personal\2024\2024-07-01(703).heic tag_year='0000000' tag_year_int=0
2024-07-31,13:33:39.304.0,INFO,__main__,adjust_metadata.adjust_metadata:123,Exifread could not handle C:\Users\nedlecky\ACDSee\01Personal\2024\2024-07-01(726).heic tag_year='0000000' tag_year_int=0
2024-07-31,13:33:39.304.0,INFO,__main__,adjust_metadata.adjust_metadata:123,Exifread could not handle C:\Users\nedlecky\ACDSee\01Personal\2024\2024-07-01(729).heic tag_year='0000000' tag_year_int=0
2024-07-31,13:33:39.304.0,INFO,__main__,adjust_metadata.adjust_metadata:123,Exifread could not handle C:\Users\nedlecky\ACDSee\01Personal\2024\2024-07-01(731).heic tag_year='0000000' tag_year_int=0
2024-07-31,13:33:39.304.0,INFO,__main__,adjust_metadata.adjust_metadata:123,Exifread could not handle C:\Users\nedlecky\ACDSee\01Personal\2024\2024-07-01(733).heic tag_year='0000000' tag_year_int=0
2024-07-31,13:33:39.304.0,INFO,__main__,adjust_metadata.adjust_metadata:123,Exifread could not handle C:\Users\nedlecky\ACDSee\01Personal\2024\2024-07-01(734).heic tag_year='0000000' tag_year_int=0
2024-07-31,13:33:39.304.0,INFO,__main__,adjust_metadata.adjust_metadata:123,Exifread could not handle C:\Users\nedlecky\ACDSee\01Personal\2024\2024-07-01(735).heic tag_year='0000000' tag_year_int=0
2024-07-31,13:33:39.304.0,INFO,__main__,adjust_metadata.adjust_metadata:123,Exifread could not handle C:\Users\nedlecky\ACDSee\01Personal\2024\2024-07-01(736).heic tag_year='0000000' tag_year_int=0
2024-07-31,13:33:39.304.0,INFO,__main__,adjust_metadata.adjust_metadata:123,Exifread could not handle C:\Users\nedlecky\ACDSee\01Personal\2024\2024-07-01(737).heic tag_year='0000000' tag_year_int=0
2024-07-31,13:33:39.304.0,INFO,__main__,adjust_metadata.adjust_metadata:123,Exifread could not handle C:\Users\nedlecky\ACDSee\01Personal\2024\2024-07-01(738).heic tag_year='0000000' tag_year_int=0
2024-07-31,13:33:39.304.0,INFO,__main__,adjust_metadata.adjust_metadata:123,Exifread could not handle C:\Users\nedlecky\ACDSee\01Personal\2024\2024-07-01(739).heic tag_year='0000000' tag_year_int=0
2024-07-31,13:33:39.304.0,INFO,__main__,adjust_metadata.adjust_metadata:123,Exifread could not handle C:\Users\nedlecky\ACDSee\01Personal\2024\2024-07-01(740).heic tag_year='0000000' tag_year_int=0
2024-07-31,13:33:39.304.0,INFO,__main__,adjust_metadata.adjust_metadata:123,Exifread could not handle C:\Users\nedlecky\ACDSee\01Personal\2024\2024-07-01(741).heic tag_year='0000000' tag_year_int=0
2024-07-31,13:33:39.304.0,INFO,__main__,adjust_metadata.adjust_metadata:123,Exifread could not handle C:\Users\nedlecky\ACDSee\01Personal\2024\2024-07-01(742).heic tag_year='0000000' tag_year_int=0
2024-07-31,13:33:39.304.0,INFO,__main__,adjust_metadata.adjust_metadata:123,Exifread could not handle C:\Users\nedlecky\ACDSee\01Personal\2024\2024-07-01(743).heic tag_year='0000000' tag_year_int=0
2024-07-31,13:33:39.305.0,INFO,__main__,adjust_metadata.adjust_metadata:123,Exifread could not handle C:\Users\nedlecky\ACDSee\01Personal\2024\2024-07-01(744).heic tag_year='0000000' tag_year_int=0
2024-07-31,13:33:39.305.0,INFO,__main__,adjust_metadata.adjust_metadata:123,Exifread could not handle C:\Users\nedlecky\ACDSee\01Personal\2024\2024-07-01(745).heic tag_year='0000000' tag_year_int=0
2024-07-31,13:33:39.305.0,INFO,__main__,adjust_metadata.adjust_metadata:123,Exifread could not handle C:\Users\nedlecky\ACDSee\01Personal\2024\2024-07-01(749).heic tag_year='0000000' tag_year_int=0
2024-07-31,13:33:39.305.0,INFO,__main__,adjust_metadata.adjust_metadata:123,Exifread could not handle C:\Users\nedlecky\ACDSee\01Personal\2024\2024-07-01(750).heic tag_year='0000000' tag_year_int=0
2024-07-31,13:33:39.305.0,INFO,__main__,adjust_metadata.adjust_metadata:123,Exifread could not handle C:\Users\nedlecky\ACDSee\01Personal\2024\2024-07-01(751).heic tag_year='0000000' tag_year_int=0
2024-07-31,13:33:39.305.0,INFO,__main__,adjust_metadata.adjust_metadata:123,Exifread could not handle C:\Users\nedlecky\ACDSee\01Personal\2024\2024-07-01(752).heic tag_year='0000000' tag_year_int=0
2024-07-31,13:33:39.305.0,INFO,__main__,adjust_metadata.adjust_metadata:123,Exifread could not handle C:\Users\nedlecky\ACDSee\01Personal\2024\2024-07-01(753).heic tag_year='0000000' tag_year_int=0
2024-07-31,13:33:39.305.0,INFO,__main__,adjust_metadata.adjust_metadata:123,Exifread could not handle C:\Users\nedlecky\ACDSee\01Personal\2024\2024-07-01(754).heic tag_year='0000000' tag_year_int=0
2024-07-31,13:33:39.305.0,INFO,__main__,adjust_metadata.adjust_metadata:123,Exifread could not handle C:\Users\nedlecky\ACDSee\01Personal\2024\2024-07-01(755).heic tag_year='0000000' tag_year_int=0
2024-07-31,13:33:39.305.0,INFO,__main__,adjust_metadata.adjust_metadata:123,Exifread could not handle C:\Users\nedlecky\ACDSee\01Personal\2024\2024-07-01(756).heic tag_year='0000000' tag_year_int=0
2024-07-31,13:33:39.305.0,INFO,__main__,adjust_metadata.adjust_metadata:123,Exifread could not handle C:\Users\nedlecky\ACDSee\01Personal\2024\2024-07-01(758).heic tag_year='0000000' tag_year_int=0
2024-07-31,13:33:39.305.0,INFO,__main__,adjust_metadata.adjust_metadata:123,Exifread could not handle C:\Users\nedlecky\ACDSee\01Personal\2024\2024-07-01(759).heic tag_year='0000000' tag_year_int=0
2024-07-31,13:33:39.305.0,INFO,__main__,adjust_metadata.adjust_metadata:123,Exifread could not handle C:\Users\nedlecky\ACDSee\01Personal\2024\2024-07-01(760).heic tag_year='0000000' tag_year_int=0
2024-07-31,13:33:39.305.0,INFO,__main__,adjust_metadata.adjust_metadata:123,Exifread could not handle C:\Users\nedlecky\ACDSee\01Personal\2024\2024-07-01(761).heic tag_year='0000000' tag_year_int=0
2024-07-31,13:33:39.305.0,INFO,__main__,adjust_metadata.adjust_metadata:123,Exifread could not handle C:\Users\nedlecky\ACDSee\01Personal\2024\2024-07-01(762).heic tag_year='0000000' tag_year_int=0
2024-07-31,13:33:39.305.0,INFO,__main__,adjust_metadata.adjust_metadata:123,Exifread could not handle C:\Users\nedlecky\ACDSee\01Personal\2024\2024-07-01(763).heic tag_year='0000000' tag_year_int=0
2024-07-31,13:33:39.305.0,INFO,__main__,adjust_metadata.adjust_metadata:123,Exifread could not handle C:\Users\nedlecky\ACDSee\01Personal\2024\2024-07-01(764).heic tag_year='0000000' tag_year_int=0
2024-07-31,13:33:39.305.0,INFO,__main__,adjust_metadata.adjust_metadata:123,Exifread could not handle C:\Users\nedlecky\ACDSee\01Personal\2024\2024-07-01(765).heic tag_year='0000000' tag_year_int=0
2024-07-31,13:33:39.305.0,INFO,__main__,adjust_metadata.adjust_metadata:123,Exifread could not handle C:\Users\nedlecky\ACDSee\01Personal\2024\2024-07-01(766).heic tag_year='0000000' tag_year_int=0
2024-07-31,13:33:39.305.0,INFO,__main__,adjust_metadata.adjust_metadata:123,Exifread could not handle C:\Users\nedlecky\ACDSee\01Personal\2024\2024-07-01(78).heic tag_year='0000000' tag_year_int=0
2024-07-31,13:33:39.305.0,INFO,__main__,adjust_metadata.adjust_metadata:123,Exifread could not handle C:\Users\nedlecky\ACDSee\01Personal\2024\2024-07-01(780).heic tag_year='0000000' tag_year_int=0
2024-07-31,13:33:39.305.0,INFO,__main__,adjust_metadata.adjust_metadata:123,Exifread could not handle C:\Users\nedlecky\ACDSee\01Personal\2024\2024-07-01(781).heic tag_year='0000000' tag_year_int=0
2024-07-31,13:33:39.305.0,INFO,__main__,adjust_metadata.adjust_metadata:123,Exifread could not handle C:\Users\nedlecky\ACDSee\01Personal\2024\2024-07-01(786).heic tag_year='0000000' tag_year_int=0
2024-07-31,13:33:39.306.0,INFO,__main__,adjust_metadata.adjust_metadata:123,Exifread could not handle C:\Users\nedlecky\ACDSee\01Personal\2024\2024-07-01(787).heic tag_year='0000000' tag_year_int=0
2024-07-31,13:33:39.306.0,INFO,__main__,adjust_metadata.adjust_metadata:123,Exifread could not handle C:\Users\nedlecky\ACDSee\01Personal\2024\2024-07-01(788).heic tag_year='0000000' tag_year_int=0
2024-07-31,13:33:39.306.0,INFO,__main__,adjust_metadata.adjust_metadata:123,Exifread could not handle C:\Users\nedlecky\ACDSee\01Personal\2024\04Eclipse\2024-07-01(772).heic tag_year='0000000' tag_year_int=0
2024-07-31,13:33:39.306.0,INFO,__main__,adjust_metadata.adjust_metadata:123,Exifread could not handle C:\Users\nedlecky\ACDSee\01Personal\2024\04Eclipse\2024-07-01(773).heic tag_year='0000000' tag_year_int=0
2024-07-31,13:33:39.306.0,INFO,__main__,adjust_metadata.adjust_metadata:123,Exifread could not handle C:\Users\nedlecky\ACDSee\01Personal\2024\04Eclipse\2024-07-01(774).heic tag_year='0000000' tag_year_int=0
2024-07-31,13:33:39.306.0,INFO,__main__,adjust_metadata.adjust_metadata:123,Exifread could not handle C:\Users\nedlecky\ACDSee\01Personal\2024\04Eclipse\2024-07-01(775).heic tag_year='0000000' tag_year_int=0
2024-07-31,13:33:39.306.0,INFO,__main__,adjust_metadata.adjust_metadata:123,Exifread could not handle C:\Users\nedlecky\ACDSee\01Personal\2024\04Eclipse\2024-07-01(776).heic tag_year='0000000' tag_year_int=0
2024-07-31,13:33:39.306.0,INFO,__main__,adjust_metadata.adjust_metadata:123,Exifread could not handle C:\Users\nedlecky\ACDSee\01Personal\2024\04Eclipse\2024-07-01(777).heic tag_year='0000000' tag_year_int=0
2024-07-31,13:33:39.306.0,INFO,__main__,adjust_metadata.adjust_metadata:123,Exifread could not handle C:\Users\nedlecky\ACDSee\01Personal\2024\04Eclipse\2024-07-01(778).heic tag_year='0000000' tag_year_int=0
2024-07-31,13:33:39.306.0,INFO,__main__,adjust_metadata.adjust_metadata:123,Exifread could not handle C:\Users\nedlecky\ACDSee\01Personal\2024\04Eclipse\2024-07-01(779).heic tag_year='0000000' tag_year_int=0
2024-07-31,13:33:39.306.0,INFO,__main__,adjust_metadata.adjust_metadata:123,Exifread could not handle C:\Users\nedlecky\ACDSee\01Personal\2024\06France\2024-06-26(100).heic tag_year='0000000' tag_year_int=0
2024-07-31,13:33:39.306.0,INFO,__main__,adjust_metadata.adjust_metadata:123,Exifread could not handle C:\Users\nedlecky\ACDSee\01Personal\2024\06France\2024-06-26(1000).heic tag_year='0000000' tag_year_int=0
2024-07-31,13:33:39.306.0,INFO,__main__,adjust_metadata.adjust_metadata:123,Exifread could not handle C:\Users\nedlecky\ACDSee\01Personal\2024\06France\2024-06-26(1001).heic tag_year='0000000' tag_year_int=0
2024-07-31,13:33:39.306.0,INFO,__main__,adjust_metadata.adjust_metadata:123,Exifread could not handle C:\Users\nedlecky\ACDSee\01Personal\2024\06France\2024-06-26(1002).heic tag_year='0000000' tag_year_int=0
2024-07-31,13:33:39.307.0,INFO,__main__,adjust_metadata.adjust_metadata:123,Exifread could not handle C:\Users\nedlecky\ACDSee\01Personal\2024\06France\2024-06-26(1003).heic tag_year='0000000' tag_year_int=0
2024-07-31,13:33:39.307.0,INFO,__main__,adjust_metadata.adjust_metadata:123,Exifread could not handle C:\Users\nedlecky\ACDSee\01Personal\2024\06France\2024-06-26(1004).heic tag_year='0000000' tag_year_int=0
2024-07-31,13:33:39.307.0,INFO,__main__,adjust_metadata.adjust_metadata:123,Exifread could not handle C:\Users\nedlecky\ACDSee\01Personal\2024\06France\2024-06-26(1005).heic tag_year='0000000' tag_year_int=0
2024-07-31,13:33:39.307.0,INFO,__main__,adjust_metadata.adjust_metadata:123,Exifread could not handle C:\Users\nedlecky\ACDSee\01Personal\2024\06France\2024-06-26(1006).heic tag_year='0000000' tag_year_int=0
2024-07-31,13:33:39.307.0,INFO,__main__,adjust_metadata.adjust_metadata:123,Exifread could not handle C:\Users\nedlecky\ACDSee\01Personal\2024\06France\2024-06-26(1007).heic tag_year='0000000' tag_year_int=0
2024-07-31,13:33:39.307.0,INFO,__main__,adjust_metadata.adjust_metadata:123,Exifread could not handle C:\Users\nedlecky\ACDSee\01Personal\2024\06France\2024-06-26(1008).heic tag_year='0000000' tag_year_int=0
2024-07-31,13:33:39.307.0,INFO,__main__,adjust_metadata.adjust_metadata:123,Exifread could not handle C:\Users\nedlecky\ACDSee\01Personal\2024\06France\2024-06-26(1009).heic tag_year='0000000' tag_year_int=0
2024-07-31,13:33:39.308.0,INFO,__main__,adjust_metadata.adjust_metadata:123,Exifread could not handle C:\Users\nedlecky\ACDSee\01Personal\2024\06France\2024-06-26(101).heic tag_year='0000000' tag_year_int=0
2024-07-31,13:33:39.308.0,INFO,__main__,adjust_metadata.adjust_metadata:123,Exifread could not handle C:\Users\nedlecky\ACDSee\01Personal\2024\06France\2024-06-26(1010).heic tag_year='0000000' tag_year_int=0
2024-07-31,13:33:39.308.0,INFO,__main__,adjust_metadata.adjust_metadata:123,Exifread could not handle C:\Users\nedlecky\ACDSee\01Personal\2024\06France\2024-06-26(1011).heic tag_year='0000000' tag_year_int=0
2024-07-31,13:33:39.308.0,INFO,__main__,adjust_metadata.adjust_metadata:123,Exifread could not handle C:\Users\nedlecky\ACDSee\01Personal\2024\06France\2024-06-26(1012).heic tag_year='0000000' tag_year_int=0
2024-07-31,13:33:39.308.0,INFO,__main__,adjust_metadata.adjust_metadata:123,Exifread could not handle C:\Users\nedlecky\ACDSee\01Personal\2024\06France\2024-06-26(1013).heic tag_year='0000000' tag_year_int=0
2024-07-31,13:33:39.308.0,INFO,__main__,adjust_metadata.adjust_metadata:123,Exifread could not handle C:\Users\nedlecky\ACDSee\01Personal\2024\06France\2024-06-26(1014).heic tag_year='0000000' tag_year_int=0
2024-07-31,13:33:39.308.0,INFO,__main__,adjust_metadata.adjust_metadata:123,Exifread could not handle C:\Users\nedlecky\ACDSee\01Personal\2024\06France\2024-06-26(1015).heic tag_year='0000000' tag_year_int=0
2024-07-31,13:33:39.308.0,INFO,__main__,adjust_metadata.adjust_metadata:123,Exifread could not handle C:\Users\nedlecky\ACDSee\01Personal\2024\06France\2024-06-26(1016).heic tag_year='0000000' tag_year_int=0
2024-07-31,13:33:39.308.0,INFO,__main__,adjust_metadata.adjust_metadata:123,Exifread could not handle C:\Users\nedlecky\ACDSee\01Personal\2024\06France\2024-06-26(1017).heic tag_year='0000000' tag_year_int=0
2024-07-31,13:33:39.308.0,INFO,__main__,adjust_metadata.adjust_metadata:123,Exifread could not handle C:\Users\nedlecky\ACDSee\01Personal\2024\06France\2024-06-26(1018).heic tag_year='0000000' tag_year_int=0
2024-07-31,13:33:39.308.0,INFO,__main__,adjust_metadata.adjust_metadata:123,Exifread could not handle C:\Users\nedlecky\ACDSee\01Personal\2024\06France\2024-06-26(1019).heic tag_year='0000000' tag_year_int=0
2024-07-31,13:33:39.308.0,INFO,__main__,adjust_metadata.adjust_metadata:123,Exifread could not handle C:\Users\nedlecky\ACDSee\01Personal\2024\06France\2024-06-26(102).heic tag_year='0000000' tag_year_int=0
2024-07-31,13:33:39.308.0,INFO,__main__,adjust_metadata.adjust_metadata:123,Exifread could not handle C:\Users\nedlecky\ACDSee\01Personal\2024\06France\2024-06-26(1020).heic tag_year='0000000' tag_year_int=0
2024-07-31,13:33:39.309.0,INFO,__main__,adjust_metadata.adjust_metadata:123,Exifread could not handle C:\Users\nedlecky\ACDSee\01Personal\2024\06France\2024-06-26(1021).heic tag_year='0000000' tag_year_int=0
2024-07-31,13:33:39.309.0,INFO,__main__,adjust_metadata.adjust_metadata:123,Exifread could not handle C:\Users\nedlecky\ACDSee\01Personal\2024\06France\2024-06-26(1022).heic tag_year='0000000' tag_year_int=0
2024-07-31,13:33:39.309.0,INFO,__main__,adjust_metadata.adjust_metadata:123,Exifread could not handle C:\Users\nedlecky\ACDSee\01Personal\2024\06France\2024-06-26(1023).heic tag_year='0000000' tag_year_int=0
2024-07-31,13:33:39.309.0,INFO,__main__,adjust_metadata.adjust_metadata:123,Exifread could not handle C:\Users\nedlecky\ACDSee\01Personal\2024\06France\2024-06-26(1024).heic tag_year='0000000' tag_year_int=0
2024-07-31,13:33:39.309.0,INFO,__main__,adjust_metadata.adjust_metadata:123,Exifread could not handle C:\Users\nedlecky\ACDSee\01Personal\2024\06France\2024-06-26(1025).heic tag_year='0000000' tag_year_int=0
2024-07-31,13:33:39.309.0,INFO,__main__,adjust_metadata.adjust_metadata:123,Exifread could not handle C:\Users\nedlecky\ACDSee\01Personal\2024\06France\2024-06-26(1026).heic tag_year='0000000' tag_year_int=0
2024-07-31,13:33:39.309.0,INFO,__main__,adjust_metadata.adjust_metadata:123,Exifread could not handle C:\Users\nedlecky\ACDSee\01Personal\2024\06France\2024-06-26(1027).heic tag_year='0000000' tag_year_int=0
2024-07-31,13:33:39.309.0,INFO,__main__,adjust_metadata.adjust_metadata:123,Exifread could not handle C:\Users\nedlecky\ACDSee\01Personal\2024\06France\2024-06-26(1028).heic tag_year='0000000' tag_year_int=0
2024-07-31,13:33:39.309.0,INFO,__main__,adjust_metadata.adjust_metadata:123,Exifread could not handle C:\Users\nedlecky\ACDSee\01Personal\2024\06France\2024-06-26(1029).heic tag_year='0000000' tag_year_int=0
2024-07-31,13:33:39.309.0,INFO,__main__,adjust_metadata.adjust_metadata:123,Exifread could not handle C:\Users\nedlecky\ACDSee\01Personal\2024\06France\2024-06-26(103).heic tag_year='0000000' tag_year_int=0
2024-07-31,13:33:39.310.0,INFO,__main__,adjust_metadata.adjust_metadata:123,Exifread could not handle C:\Users\nedlecky\ACDSee\01Personal\2024\06France\2024-06-26(1030).heic tag_year='0000000' tag_year_int=0
2024-07-31,13:33:39.310.0,INFO,__main__,adjust_metadata.adjust_metadata:123,Exifread could not handle C:\Users\nedlecky\ACDSee\01Personal\2024\06France\2024-06-26(1031).heic tag_year='0000000' tag_year_int=0
2024-07-31,13:33:39.310.0,INFO,__main__,adjust_metadata.adjust_metadata:123,Exifread could not handle C:\Users\nedlecky\ACDSee\01Personal\2024\06France\2024-06-26(1032).heic tag_year='0000000' tag_year_int=0
2024-07-31,13:33:39.310.0,INFO,__main__,adjust_metadata.adjust_metadata:123,Exifread could not handle C:\Users\nedlecky\ACDSee\01Personal\2024\06France\2024-06-26(1033).heic tag_year='0000000' tag_year_int=0
2024-07-31,13:33:39.310.0,INFO,__main__,adjust_metadata.adjust_metadata:123,Exifread could not handle C:\Users\nedlecky\ACDSee\01Personal\2024\06France\2024-06-26(1034).heic tag_year='0000000' tag_year_int=0
2024-07-31,13:33:39.310.0,INFO,__main__,adjust_metadata.adjust_metadata:123,Exifread could not handle C:\Users\nedlecky\ACDSee\01Personal\2024\06France\2024-06-26(1035).heic tag_year='0000000' tag_year_int=0
2024-07-31,13:33:39.310.0,INFO,__main__,adjust_metadata.adjust_metadata:123,Exifread could not handle C:\Users\nedlecky\ACDSee\01Personal\2024\06France\2024-06-26(1036).heic tag_year='0000000' tag_year_int=0
2024-07-31,13:33:39.310.0,INFO,__main__,adjust_metadata.adjust_metadata:123,Exifread could not handle C:\Users\nedlecky\ACDSee\01Personal\2024\06France\2024-06-26(1037).heic tag_year='0000000' tag_year_int=0
2024-07-31,13:33:39.311.0,INFO,__main__,adjust_metadata.adjust_metadata:123,Exifread could not handle C:\Users\nedlecky\ACDSee\01Personal\2024\06France\2024-06-26(1038).heic tag_year='0000000' tag_year_int=0
2024-07-31,13:33:39.311.0,INFO,__main__,adjust_metadata.adjust_metadata:123,Exifread could not handle C:\Users\nedlecky\ACDSee\01Personal\2024\06France\2024-06-26(1039).heic tag_year='0000000' tag_year_int=0
2024-07-31,13:33:39.311.0,INFO,__main__,adjust_metadata.adjust_metadata:123,Exifread could not handle C:\Users\nedlecky\ACDSee\01Personal\2024\06France\2024-06-26(104).heic tag_year='0000000' tag_year_int=0
2024-07-31,13:33:39.311.0,INFO,__main__,adjust_metadata.adjust_metadata:123,Exifread could not handle C:\Users\nedlecky\ACDSee\01Personal\2024\06France\2024-06-26(1040).heic tag_year='0000000' tag_year_int=0
2024-07-31,13:33:39.311.0,INFO,__main__,adjust_metadata.adjust_metadata:123,Exifread could not handle C:\Users\nedlecky\ACDSee\01Personal\2024\06France\2024-06-26(1041).heic tag_year='0000000' tag_year_int=0
2024-07-31,13:33:39.311.0,INFO,__main__,adjust_metadata.adjust_metadata:123,Exifread could not handle C:\Users\nedlecky\ACDSee\01Personal\2024\06France\2024-06-26(1042).heic tag_year='0000000' tag_year_int=0
2024-07-31,13:33:39.311.0,INFO,__main__,adjust_metadata.adjust_metadata:123,Exifread could not handle C:\Users\nedlecky\ACDSee\01Personal\2024\06France\2024-06-26(1043).heic tag_year='0000000' tag_year_int=0
2024-07-31,13:33:39.311.0,INFO,__main__,adjust_metadata.adjust_metadata:123,Exifread could not handle C:\Users\nedlecky\ACDSee\01Personal\2024\06France\2024-06-26(1044).heic tag_year='0000000' tag_year_int=0
2024-07-31,13:33:39.312.0,INFO,__main__,adjust_metadata.adjust_metadata:123,Exifread could not handle C:\Users\nedlecky\ACDSee\01Personal\2024\06France\2024-06-26(1045).heic tag_year='0000000' tag_year_int=0
2024-07-31,13:33:39.312.0,INFO,__main__,adjust_metadata.adjust_metadata:123,Exifread could not handle C:\Users\nedlecky\ACDSee\01Personal\2024\06France\2024-06-26(1046).heic tag_year='0000000' tag_year_int=0
2024-07-31,13:33:39.312.0,INFO,__main__,adjust_metadata.adjust_metadata:123,Exifread could not handle C:\Users\nedlecky\ACDSee\01Personal\2024\06France\2024-06-26(1047).heic tag_year='0000000' tag_year_int=0
2024-07-31,13:33:39.312.0,INFO,__main__,adjust_metadata.adjust_metadata:123,Exifread could not handle C:\Users\nedlecky\ACDSee\01Personal\2024\06France\2024-06-26(1048).heic tag_year='0000000' tag_year_int=0
2024-07-31,13:33:39.312.0,INFO,__main__,adjust_metadata.adjust_metadata:123,Exifread could not handle C:\Users\nedlecky\ACDSee\01Personal\2024\06France\2024-06-26(1049).heic tag_year='0000000' tag_year_int=0
2024-07-31,13:33:39.312.0,INFO,__main__,adjust_metadata.adjust_metadata:123,Exifread could not handle C:\Users\nedlecky\ACDSee\01Personal\2024\06France\2024-06-26(105).heic tag_year='0000000' tag_year_int=0
2024-07-31,13:33:39.312.0,INFO,__main__,adjust_metadata.adjust_metadata:123,Exifread could not handle C:\Users\nedlecky\ACDSee\01Personal\2024\06France\2024-06-26(1050).heic tag_year='0000000' tag_year_int=0
2024-07-31,13:33:39.312.0,INFO,__main__,adjust_metadata.adjust_metadata:123,Exifread could not handle C:\Users\nedlecky\ACDSee\01Personal\2024\06France\2024-06-26(1051).heic tag_year='0000000' tag_year_int=0
2024-07-31,13:33:39.312.0,INFO,__main__,adjust_metadata.adjust_metadata:123,Exifread could not handle C:\Users\nedlecky\ACDSee\01Personal\2024\06France\2024-06-26(1052).heic tag_year='0000000' tag_year_int=0
2024-07-31,13:33:39.312.0,INFO,__main__,adjust_metadata.adjust_metadata:123,Exifread could not handle C:\Users\nedlecky\ACDSee\01Personal\2024\06France\2024-06-26(1053).heic tag_year='0000000' tag_year_int=0
2024-07-31,13:33:39.313.0,INFO,__main__,adjust_metadata.adjust_metadata:123,Exifread could not handle C:\Users\nedlecky\ACDSee\01Personal\2024\06France\2024-06-26(1054).heic tag_year='0000000' tag_year_int=0
2024-07-31,13:33:39.313.0,INFO,__main__,adjust_metadata.adjust_metadata:123,Exifread could not handle C:\Users\nedlecky\ACDSee\01Personal\2024\06France\2024-06-26(1055).heic tag_year='0000000' tag_year_int=0
2024-07-31,13:33:39.313.0,INFO,__main__,adjust_metadata.adjust_metadata:123,Exifread could not handle C:\Users\nedlecky\ACDSee\01Personal\2024\06France\2024-06-26(1056).heic tag_year='0000000' tag_year_int=0
2024-07-31,13:33:39.313.0,INFO,__main__,adjust_metadata.adjust_metadata:123,Exifread could not handle C:\Users\nedlecky\ACDSee\01Personal\2024\06France\2024-06-26(1057).heic tag_year='0000000' tag_year_int=0
2024-07-31,13:33:39.313.0,INFO,__main__,adjust_metadata.adjust_metadata:123,Exifread could not handle C:\Users\nedlecky\ACDSee\01Personal\2024\06France\2024-06-26(1058).heic tag_year='0000000' tag_year_int=0
2024-07-31,13:33:39.313.0,INFO,__main__,adjust_metadata.adjust_metadata:123,Exifread could not handle C:\Users\nedlecky\ACDSee\01Personal\2024\06France\2024-06-26(1059).heic tag_year='0000000' tag_year_int=0
2024-07-31,13:33:39.313.0,INFO,__main__,adjust_metadata.adjust_metadata:123,Exifread could not handle C:\Users\nedlecky\ACDSee\01Personal\2024\06France\2024-06-26(106).heic tag_year='0000000' tag_year_int=0
2024-07-31,13:33:39.313.0,INFO,__main__,adjust_metadata.adjust_metadata:123,Exifread could not handle C:\Users\nedlecky\ACDSee\01Personal\2024\06France\2024-06-26(1060).heic tag_year='0000000' tag_year_int=0
2024-07-31,13:33:39.313.0,INFO,__main__,adjust_metadata.adjust_metadata:123,Exifread could not handle C:\Users\nedlecky\ACDSee\01Personal\2024\06France\2024-06-26(1061).heic tag_year='0000000' tag_year_int=0
2024-07-31,13:33:39.313.0,INFO,__main__,adjust_metadata.adjust_metadata:123,Exifread could not handle C:\Users\nedlecky\ACDSee\01Personal\2024\06France\2024-06-26(1062).heic tag_year='0000000' tag_year_int=0
2024-07-31,13:33:39.313.0,INFO,__main__,adjust_metadata.adjust_metadata:123,Exifread could not handle C:\Users\nedlecky\ACDSee\01Personal\2024\06France\2024-06-26(1063).heic tag_year='0000000' tag_year_int=0
2024-07-31,13:33:39.313.0,INFO,__main__,adjust_metadata.adjust_metadata:123,Exifread could not handle C:\Users\nedlecky\ACDSee\01Personal\2024\06France\2024-06-26(1064).heic tag_year='0000000' tag_year_int=0
2024-07-31,13:33:39.313.0,INFO,__main__,adjust_metadata.adjust_metadata:123,Exifread could not handle C:\Users\nedlecky\ACDSee\01Personal\2024\06France\2024-06-26(1065).heic tag_year='0000000' tag_year_int=0
2024-07-31,13:33:39.313.0,INFO,__main__,adjust_metadata.adjust_metadata:123,Exifread could not handle C:\Users\nedlecky\ACDSee\01Personal\2024\06France\2024-06-26(1066).heic tag_year='0000000' tag_year_int=0
2024-07-31,13:33:39.315.0,INFO,__main__,adjust_metadata.adjust_metadata:123,Exifread could not handle C:\Users\nedlecky\ACDSee\01Personal\2024\06France\2024-06-26(1067).heic tag_year='0000000' tag_year_int=0
2024-07-31,13:33:39.315.0,INFO,__main__,adjust_metadata.adjust_metadata:123,Exifread could not handle C:\Users\nedlecky\ACDSee\01Personal\2024\06France\2024-06-26(1068).heic tag_year='0000000' tag_year_int=0
2024-07-31,13:33:39.315.0,INFO,__main__,adjust_metadata.adjust_metadata:123,Exifread could not handle C:\Users\nedlecky\ACDSee\01Personal\2024\06France\2024-06-26(1069).heic tag_year='0000000' tag_year_int=0
2024-07-31,13:33:39.315.0,INFO,__main__,adjust_metadata.adjust_metadata:123,Exifread could not handle C:\Users\nedlecky\ACDSee\01Personal\2024\06France\2024-06-26(107).heic tag_year='0000000' tag_year_int=0
2024-07-31,13:33:39.316.0,INFO,__main__,adjust_metadata.adjust_metadata:123,Exifread could not handle C:\Users\nedlecky\ACDSee\01Personal\2024\06France\2024-06-26(1070).heic tag_year='0000000' tag_year_int=0
2024-07-31,13:33:39.316.0,INFO,__main__,adjust_metadata.adjust_metadata:123,Exifread could not handle C:\Users\nedlecky\ACDSee\01Personal\2024\06France\2024-06-26(1071).heic tag_year='0000000' tag_year_int=0
2024-07-31,13:33:39.316.0,INFO,__main__,adjust_metadata.adjust_metadata:123,Exifread could not handle C:\Users\nedlecky\ACDSee\01Personal\2024\06France\2024-06-26(1072).heic tag_year='0000000' tag_year_int=0
2024-07-31,13:33:39.316.0,INFO,__main__,adjust_metadata.adjust_metadata:123,Exifread could not handle C:\Users\nedlecky\ACDSee\01Personal\2024\06France\2024-06-26(1073).heic tag_year='0000000' tag_year_int=0
2024-07-31,13:33:39.316.0,INFO,__main__,adjust_metadata.adjust_metadata:123,Exifread could not handle C:\Users\nedlecky\ACDSee\01Personal\2024\06France\2024-06-26(1074).heic tag_year='0000000' tag_year_int=0
2024-07-31,13:33:39.316.0,INFO,__main__,adjust_metadata.adjust_metadata:123,Exifread could not handle C:\Users\nedlecky\ACDSee\01Personal\2024\06France\2024-06-26(1075).heic tag_year='0000000' tag_year_int=0
2024-07-31,13:33:39.316.0,INFO,__main__,adjust_metadata.adjust_metadata:123,Exifread could not handle C:\Users\nedlecky\ACDSee\01Personal\2024\06France\2024-06-26(1076).heic tag_year='0000000' tag_year_int=0
2024-07-31,13:33:39.316.0,INFO,__main__,adjust_metadata.adjust_metadata:123,Exifread could not handle C:\Users\nedlecky\ACDSee\01Personal\2024\06France\2024-06-26(1077).heic tag_year='0000000' tag_year_int=0
2024-07-31,13:33:39.318.0,INFO,__main__,adjust_metadata.adjust_metadata:123,Exifread could not handle C:\Users\nedlecky\ACDSee\01Personal\2024\06France\2024-06-26(1078).heic tag_year='0000000' tag_year_int=0
2024-07-31,13:33:39.318.0,INFO,__main__,adjust_metadata.adjust_metadata:123,Exifread could not handle C:\Users\nedlecky\ACDSee\01Personal\2024\06France\2024-06-26(1079).heic tag_year='0000000' tag_year_int=0
2024-07-31,13:33:39.318.0,INFO,__main__,adjust_metadata.adjust_metadata:123,Exifread could not handle C:\Users\nedlecky\ACDSee\01Personal\2024\06France\2024-06-26(108).heic tag_year='0000000' tag_year_int=0
2024-07-31,13:33:39.318.0,INFO,__main__,adjust_metadata.adjust_metadata:123,Exifread could not handle C:\Users\nedlecky\ACDSee\01Personal\2024\06France\2024-06-26(1080).heic tag_year='0000000' tag_year_int=0
2024-07-31,13:33:39.318.0,INFO,__main__,adjust_metadata.adjust_metadata:123,Exifread could not handle C:\Users\nedlecky\ACDSee\01Personal\2024\06France\2024-06-26(1081).heic tag_year='0000000' tag_year_int=0
2024-07-31,13:33:39.318.0,INFO,__main__,adjust_metadata.adjust_metadata:123,Exifread could not handle C:\Users\nedlecky\ACDSee\01Personal\2024\06France\2024-06-26(1082).heic tag_year='0000000' tag_year_int=0
2024-07-31,13:33:39.318.0,INFO,__main__,adjust_metadata.adjust_metadata:123,Exifread could not handle C:\Users\nedlecky\ACDSee\01Personal\2024\06France\2024-06-26(1083).heic tag_year='0000000' tag_year_int=0
2024-07-31,13:33:39.318.0,INFO,__main__,adjust_metadata.adjust_metadata:123,Exifread could not handle C:\Users\nedlecky\ACDSee\01Personal\2024\06France\2024-06-26(1084).heic tag_year='0000000' tag_year_int=0
2024-07-31,13:33:39.319.0,INFO,__main__,adjust_metadata.adjust_metadata:123,Exifread could not handle C:\Users\nedlecky\ACDSee\01Personal\2024\06France\2024-06-26(1085).heic tag_year='0000000' tag_year_int=0
2024-07-31,13:33:39.319.0,INFO,__main__,adjust_metadata.adjust_metadata:123,Exifread could not handle C:\Users\nedlecky\ACDSee\01Personal\2024\06France\2024-06-26(1086).heic tag_year='0000000' tag_year_int=0
2024-07-31,13:33:39.319.0,INFO,__main__,adjust_metadata.adjust_metadata:123,Exifread could not handle C:\Users\nedlecky\ACDSee\01Personal\2024\06France\2024-06-26(1087).heic tag_year='0000000' tag_year_int=0
2024-07-31,13:33:39.319.0,INFO,__main__,adjust_metadata.adjust_metadata:123,Exifread could not handle C:\Users\nedlecky\ACDSee\01Personal\2024\06France\2024-06-26(1088).heic tag_year='0000000' tag_year_int=0
2024-07-31,13:33:39.319.0,INFO,__main__,adjust_metadata.adjust_metadata:123,Exifread could not handle C:\Users\nedlecky\ACDSee\01Personal\2024\06France\2024-06-26(1089).heic tag_year='0000000' tag_year_int=0
2024-07-31,13:33:39.319.0,INFO,__main__,adjust_metadata.adjust_metadata:123,Exifread could not handle C:\Users\nedlecky\ACDSee\01Personal\2024\06France\2024-06-26(109).heic tag_year='0000000' tag_year_int=0
2024-07-31,13:33:39.319.0,INFO,__main__,adjust_metadata.adjust_metadata:123,Exifread could not handle C:\Users\nedlecky\ACDSee\01Personal\2024\06France\2024-06-26(1090).heic tag_year='0000000' tag_year_int=0
2024-07-31,13:33:39.319.0,INFO,__main__,adjust_metadata.adjust_metadata:123,Exifread could not handle C:\Users\nedlecky\ACDSee\01Personal\2024\06France\2024-06-26(1091).heic tag_year='0000000' tag_year_int=0
2024-07-31,13:33:39.320.0,INFO,__main__,adjust_metadata.adjust_metadata:123,Exifread could not handle C:\Users\nedlecky\ACDSee\01Personal\2024\06France\2024-06-26(1092).heic tag_year='0000000' tag_year_int=0
2024-07-31,13:33:39.320.0,INFO,__main__,adjust_metadata.adjust_metadata:123,Exifread could not handle C:\Users\nedlecky\ACDSee\01Personal\2024\06France\2024-06-26(1093).heic tag_year='0000000' tag_year_int=0
2024-07-31,13:33:39.320.0,INFO,__main__,adjust_metadata.adjust_metadata:123,Exifread could not handle C:\Users\nedlecky\ACDSee\01Personal\2024\06France\2024-06-26(1094).heic tag_year='0000000' tag_year_int=0
2024-07-31,13:33:39.321.0,INFO,__main__,adjust_metadata.adjust_metadata:123,Exifread could not handle C:\Users\nedlecky\ACDSee\01Personal\2024\06France\2024-06-26(1095).heic tag_year='0000000' tag_year_int=0
2024-07-31,13:33:39.321.0,INFO,__main__,adjust_metadata.adjust_metadata:123,Exifread could not handle C:\Users\nedlecky\ACDSee\01Personal\2024\06France\2024-06-26(1096).heic tag_year='0000000' tag_year_int=0
2024-07-31,13:33:39.321.0,INFO,__main__,adjust_metadata.adjust_metadata:123,Exifread could not handle C:\Users\nedlecky\ACDSee\01Personal\2024\06France\2024-06-26(1097).heic tag_year='0000000' tag_year_int=0
2024-07-31,13:33:39.321.0,INFO,__main__,adjust_metadata.adjust_metadata:123,Exifread could not handle C:\Users\nedlecky\ACDSee\01Personal\2024\06France\2024-06-26(1098).heic tag_year='0000000' tag_year_int=0
2024-07-31,13:33:39.321.0,INFO,__main__,adjust_metadata.adjust_metadata:123,Exifread could not handle C:\Users\nedlecky\ACDSee\01Personal\2024\06France\2024-06-26(1099).heic tag_year='0000000' tag_year_int=0
2024-07-31,13:33:39.321.0,INFO,__main__,adjust_metadata.adjust_metadata:123,Exifread could not handle C:\Users\nedlecky\ACDSee\01Personal\2024\06France\2024-06-26(110).heic tag_year='0000000' tag_year_int=0
2024-07-31,13:33:39.322.0,INFO,__main__,adjust_metadata.adjust_metadata:123,Exifread could not handle C:\Users\nedlecky\ACDSee\01Personal\2024\06France\2024-06-26(1100).heic tag_year='0000000' tag_year_int=0
2024-07-31,13:33:39.322.0,INFO,__main__,adjust_metadata.adjust_metadata:123,Exifread could not handle C:\Users\nedlecky\ACDSee\01Personal\2024\06France\2024-06-26(1101).heic tag_year='0000000' tag_year_int=0
2024-07-31,13:33:39.322.0,INFO,__main__,adjust_metadata.adjust_metadata:123,Exifread could not handle C:\Users\nedlecky\ACDSee\01Personal\2024\06France\2024-06-26(1102).heic tag_year='0000000' tag_year_int=0
2024-07-31,13:33:39.322.0,INFO,__main__,adjust_metadata.adjust_metadata:123,Exifread could not handle C:\Users\nedlecky\ACDSee\01Personal\2024\06France\2024-06-26(1103).heic tag_year='0000000' tag_year_int=0
2024-07-31,13:33:39.322.0,INFO,__main__,adjust_metadata.adjust_metadata:123,Exifread could not handle C:\Users\nedlecky\ACDSee\01Personal\2024\06France\2024-06-26(1104).heic tag_year='0000000' tag_year_int=0
2024-07-31,13:33:39.322.0,INFO,__main__,adjust_metadata.adjust_metadata:123,Exifread could not handle C:\Users\nedlecky\ACDSee\01Personal\2024\06France\2024-06-26(1105).heic tag_year='0000000' tag_year_int=0
2024-07-31,13:33:39.322.0,INFO,__main__,adjust_metadata.adjust_metadata:123,Exifread could not handle C:\Users\nedlecky\ACDSee\01Personal\2024\06France\2024-06-26(1106).heic tag_year='0000000' tag_year_int=0
2024-07-31,13:33:39.323.0,INFO,__main__,adjust_metadata.adjust_metadata:123,Exifread could not handle C:\Users\nedlecky\ACDSee\01Personal\2024\06France\2024-06-26(1107).heic tag_year='0000000' tag_year_int=0
2024-07-31,13:33:39.323.0,INFO,__main__,adjust_metadata.adjust_metadata:123,Exifread could not handle C:\Users\nedlecky\ACDSee\01Personal\2024\06France\2024-06-26(1108).heic tag_year='0000000' tag_year_int=0
2024-07-31,13:33:39.323.0,INFO,__main__,adjust_metadata.adjust_metadata:123,Exifread could not handle C:\Users\nedlecky\ACDSee\01Personal\2024\06France\2024-06-26(1109).heic tag_year='0000000' tag_year_int=0
2024-07-31,13:33:39.323.0,INFO,__main__,adjust_metadata.adjust_metadata:123,Exifread could not handle C:\Users\nedlecky\ACDSee\01Personal\2024\06France\2024-06-26(111).heic tag_year='0000000' tag_year_int=0
2024-07-31,13:33:39.323.0,INFO,__main__,adjust_metadata.adjust_metadata:123,Exifread could not handle C:\Users\nedlecky\ACDSee\01Personal\2024\06France\2024-06-26(1110).heic tag_year='0000000' tag_year_int=0
2024-07-31,13:33:39.323.0,INFO,__main__,adjust_metadata.adjust_metadata:123,Exifread could not handle C:\Users\nedlecky\ACDSee\01Personal\2024\06France\2024-06-26(1111).heic tag_year='0000000' tag_year_int=0
2024-07-31,13:33:39.323.0,INFO,__main__,adjust_metadata.adjust_metadata:123,Exifread could not handle C:\Users\nedlecky\ACDSee\01Personal\2024\06France\2024-06-26(1112).heic tag_year='0000000' tag_year_int=0
2024-07-31,13:33:39.323.0,INFO,__main__,adjust_metadata.adjust_metadata:123,Exifread could not handle C:\Users\nedlecky\ACDSee\01Personal\2024\06France\2024-06-26(1113).heic tag_year='0000000' tag_year_int=0
2024-07-31,13:33:39.323.0,INFO,__main__,adjust_metadata.adjust_metadata:123,Exifread could not handle C:\Users\nedlecky\ACDSee\01Personal\2024\06France\2024-06-26(1114).heic tag_year='0000000' tag_year_int=0
2024-07-31,13:33:39.324.0,INFO,__main__,adjust_metadata.adjust_metadata:123,Exifread could not handle C:\Users\nedlecky\ACDSee\01Personal\2024\06France\2024-06-26(1116).heic tag_year='0000000' tag_year_int=0
2024-07-31,13:33:39.324.0,INFO,__main__,adjust_metadata.adjust_metadata:123,Exifread could not handle C:\Users\nedlecky\ACDSee\01Personal\2024\06France\2024-06-26(1117).heic tag_year='0000000' tag_year_int=0
2024-07-31,13:33:39.324.0,INFO,__main__,adjust_metadata.adjust_metadata:123,Exifread could not handle C:\Users\nedlecky\ACDSee\01Personal\2024\06France\2024-06-26(1119).heic tag_year='0000000' tag_year_int=0
2024-07-31,13:33:39.324.0,INFO,__main__,adjust_metadata.adjust_metadata:123,Exifread could not handle C:\Users\nedlecky\ACDSee\01Personal\2024\06France\2024-06-26(112).heic tag_year='0000000' tag_year_int=0
2024-07-31,13:33:39.324.0,INFO,__main__,adjust_metadata.adjust_metadata:123,Exifread could not handle C:\Users\nedlecky\ACDSee\01Personal\2024\06France\2024-06-26(1120).heic tag_year='0000000' tag_year_int=0
2024-07-31,13:33:39.324.0,INFO,__main__,adjust_metadata.adjust_metadata:123,Exifread could not handle C:\Users\nedlecky\ACDSee\01Personal\2024\06France\2024-06-26(1122).heic tag_year='0000000' tag_year_int=0
2024-07-31,13:33:39.324.0,INFO,__main__,adjust_metadata.adjust_metadata:123,Exifread could not handle C:\Users\nedlecky\ACDSee\01Personal\2024\06France\2024-06-26(1123).heic tag_year='0000000' tag_year_int=0
2024-07-31,13:33:39.324.0,INFO,__main__,adjust_metadata.adjust_metadata:123,Exifread could not handle C:\Users\nedlecky\ACDSee\01Personal\2024\06France\2024-06-26(1125).heic tag_year='0000000' tag_year_int=0
2024-07-31,13:33:39.324.0,INFO,__main__,adjust_metadata.adjust_metadata:123,Exifread could not handle C:\Users\nedlecky\ACDSee\01Personal\2024\06France\2024-06-26(1126).heic tag_year='0000000' tag_year_int=0
2024-07-31,13:33:39.324.0,INFO,__main__,adjust_metadata.adjust_metadata:123,Exifread could not handle C:\Users\nedlecky\ACDSee\01Personal\2024\06France\2024-06-26(1128).heic tag_year='0000000' tag_year_int=0
2024-07-31,13:33:39.324.0,INFO,__main__,adjust_metadata.adjust_metadata:123,Exifread could not handle C:\Users\nedlecky\ACDSee\01Personal\2024\06France\2024-06-26(1129).heic tag_year='0000000' tag_year_int=0
2024-07-31,13:33:39.324.0,INFO,__main__,adjust_metadata.adjust_metadata:123,Exifread could not handle C:\Users\nedlecky\ACDSee\01Personal\2024\06France\2024-06-26(1131).heic tag_year='0000000' tag_year_int=0
2024-07-31,13:33:39.324.0,INFO,__main__,adjust_metadata.adjust_metadata:123,Exifread could not handle C:\Users\nedlecky\ACDSee\01Personal\2024\06France\2024-06-26(1132).heic tag_year='0000000' tag_year_int=0
2024-07-31,13:33:39.324.0,INFO,__main__,adjust_metadata.adjust_metadata:123,Exifread could not handle C:\Users\nedlecky\ACDSee\01Personal\2024\06France\2024-06-26(1134).heic tag_year='0000000' tag_year_int=0
2024-07-31,13:33:39.324.0,INFO,__main__,adjust_metadata.adjust_metadata:123,Exifread could not handle C:\Users\nedlecky\ACDSee\01Personal\2024\06France\2024-06-26(1135).heic tag_year='0000000' tag_year_int=0
2024-07-31,13:33:39.325.0,INFO,__main__,adjust_metadata.adjust_metadata:123,Exifread could not handle C:\Users\nedlecky\ACDSee\01Personal\2024\06France\2024-06-26(1136).heic tag_year='0000000' tag_year_int=0
2024-07-31,13:33:39.325.0,INFO,__main__,adjust_metadata.adjust_metadata:123,Exifread could not handle C:\Users\nedlecky\ACDSee\01Personal\2024\06France\2024-06-26(1137).heic tag_year='0000000' tag_year_int=0
2024-07-31,13:33:39.325.0,INFO,__main__,adjust_metadata.adjust_metadata:123,Exifread could not handle C:\Users\nedlecky\ACDSee\01Personal\2024\06France\2024-06-26(1138).heic tag_year='0000000' tag_year_int=0
2024-07-31,13:33:39.325.0,INFO,__main__,adjust_metadata.adjust_metadata:123,Exifread could not handle C:\Users\nedlecky\ACDSee\01Personal\2024\06France\2024-06-26(1139).heic tag_year='0000000' tag_year_int=0
2024-07-31,13:33:39.325.0,INFO,__main__,adjust_metadata.adjust_metadata:123,Exifread could not handle C:\Users\nedlecky\ACDSee\01Personal\2024\06France\2024-06-26(114).heic tag_year='0000000' tag_year_int=0
2024-07-31,13:33:39.325.0,INFO,__main__,adjust_metadata.adjust_metadata:123,Exifread could not handle C:\Users\nedlecky\ACDSee\01Personal\2024\06France\2024-06-26(1141).heic tag_year='0000000' tag_year_int=0
2024-07-31,13:33:39.325.0,INFO,__main__,adjust_metadata.adjust_metadata:123,Exifread could not handle C:\Users\nedlecky\ACDSee\01Personal\2024\06France\2024-06-26(1142).heic tag_year='0000000' tag_year_int=0
2024-07-31,13:33:39.325.0,INFO,__main__,adjust_metadata.adjust_metadata:123,Exifread could not handle C:\Users\nedlecky\ACDSee\01Personal\2024\06France\2024-06-26(1143).heic tag_year='0000000' tag_year_int=0
2024-07-31,13:33:39.325.0,INFO,__main__,adjust_metadata.adjust_metadata:123,Exifread could not handle C:\Users\nedlecky\ACDSee\01Personal\2024\06France\2024-06-26(1145).heic tag_year='0000000' tag_year_int=0
2024-07-31,13:33:39.325.0,INFO,__main__,adjust_metadata.adjust_metadata:123,Exifread could not handle C:\Users\nedlecky\ACDSee\01Personal\2024\06France\2024-06-26(1147).heic tag_year='0000000' tag_year_int=0
2024-07-31,13:33:39.325.0,INFO,__main__,adjust_metadata.adjust_metadata:123,Exifread could not handle C:\Users\nedlecky\ACDSee\01Personal\2024\06France\2024-06-26(1148).heic tag_year='0000000' tag_year_int=0
2024-07-31,13:33:39.325.0,INFO,__main__,adjust_metadata.adjust_metadata:123,Exifread could not handle C:\Users\nedlecky\ACDSee\01Personal\2024\06France\2024-06-26(1149).heic tag_year='0000000' tag_year_int=0
2024-07-31,13:33:39.325.0,INFO,__main__,adjust_metadata.adjust_metadata:123,Exifread could not handle C:\Users\nedlecky\ACDSee\01Personal\2024\06France\2024-06-26(115).heic tag_year='0000000' tag_year_int=0
2024-07-31,13:33:39.325.0,INFO,__main__,adjust_metadata.adjust_metadata:123,Exifread could not handle C:\Users\nedlecky\ACDSee\01Personal\2024\06France\2024-06-26(1151).heic tag_year='0000000' tag_year_int=0
2024-07-31,13:33:39.325.0,INFO,__main__,adjust_metadata.adjust_metadata:123,Exifread could not handle C:\Users\nedlecky\ACDSee\01Personal\2024\06France\2024-06-26(1152).heic tag_year='0000000' tag_year_int=0
2024-07-31,13:33:39.326.0,INFO,__main__,adjust_metadata.adjust_metadata:123,Exifread could not handle C:\Users\nedlecky\ACDSee\01Personal\2024\06France\2024-06-26(1154).heic tag_year='0000000' tag_year_int=0
2024-07-31,13:33:39.326.0,INFO,__main__,adjust_metadata.adjust_metadata:123,Exifread could not handle C:\Users\nedlecky\ACDSee\01Personal\2024\06France\2024-06-26(1155).heic tag_year='0000000' tag_year_int=0
2024-07-31,13:33:39.326.0,INFO,__main__,adjust_metadata.adjust_metadata:123,Exifread could not handle C:\Users\nedlecky\ACDSee\01Personal\2024\06France\2024-06-26(1156).heic tag_year='0000000' tag_year_int=0
2024-07-31,13:33:39.326.0,INFO,__main__,adjust_metadata.adjust_metadata:123,Exifread could not handle C:\Users\nedlecky\ACDSee\01Personal\2024\06France\2024-06-26(1158).heic tag_year='0000000' tag_year_int=0
2024-07-31,13:33:39.326.0,INFO,__main__,adjust_metadata.adjust_metadata:123,Exifread could not handle C:\Users\nedlecky\ACDSee\01Personal\2024\06France\2024-06-26(116).heic tag_year='0000000' tag_year_int=0
2024-07-31,13:33:39.326.0,INFO,__main__,adjust_metadata.adjust_metadata:123,Exifread could not handle C:\Users\nedlecky\ACDSee\01Personal\2024\06France\2024-06-26(1160).heic tag_year='0000000' tag_year_int=0
2024-07-31,13:33:39.326.0,INFO,__main__,adjust_metadata.adjust_metadata:123,Exifread could not handle C:\Users\nedlecky\ACDSee\01Personal\2024\06France\2024-06-26(1161).heic tag_year='0000000' tag_year_int=0
2024-07-31,13:33:39.326.0,INFO,__main__,adjust_metadata.adjust_metadata:123,Exifread could not handle C:\Users\nedlecky\ACDSee\01Personal\2024\06France\2024-06-26(1163).heic tag_year='0000000' tag_year_int=0
2024-07-31,13:33:39.326.0,INFO,__main__,adjust_metadata.adjust_metadata:123,Exifread could not handle C:\Users\nedlecky\ACDSee\01Personal\2024\06France\2024-06-26(1165).heic tag_year='0000000' tag_year_int=0
2024-07-31,13:33:39.326.0,INFO,__main__,adjust_metadata.adjust_metadata:123,Exifread could not handle C:\Users\nedlecky\ACDSee\01Personal\2024\06France\2024-06-26(1167).heic tag_year='0000000' tag_year_int=0
2024-07-31,13:33:39.326.0,INFO,__main__,adjust_metadata.adjust_metadata:123,Exifread could not handle C:\Users\nedlecky\ACDSee\01Personal\2024\06France\2024-06-26(1168).heic tag_year='0000000' tag_year_int=0
2024-07-31,13:33:39.326.0,INFO,__main__,adjust_metadata.adjust_metadata:123,Exifread could not handle C:\Users\nedlecky\ACDSee\01Personal\2024\06France\2024-06-26(1169).heic tag_year='0000000' tag_year_int=0
2024-07-31,13:33:39.326.0,INFO,__main__,adjust_metadata.adjust_metadata:123,Exifread could not handle C:\Users\nedlecky\ACDSee\01Personal\2024\06France\2024-06-26(117).heic tag_year='0000000' tag_year_int=0
2024-07-31,13:33:39.326.0,INFO,__main__,adjust_metadata.adjust_metadata:123,Exifread could not handle C:\Users\nedlecky\ACDSee\01Personal\2024\06France\2024-06-26(1170).heic tag_year='0000000' tag_year_int=0
2024-07-31,13:33:39.326.0,INFO,__main__,adjust_metadata.adjust_metadata:123,Exifread could not handle C:\Users\nedlecky\ACDSee\01Personal\2024\06France\2024-06-26(1173).heic tag_year='0000000' tag_year_int=0
2024-07-31,13:33:39.327.0,INFO,__main__,adjust_metadata.adjust_metadata:123,Exifread could not handle C:\Users\nedlecky\ACDSee\01Personal\2024\06France\2024-06-26(1174).heic tag_year='0000000' tag_year_int=0
2024-07-31,13:33:39.327.0,INFO,__main__,adjust_metadata.adjust_metadata:123,Exifread could not handle C:\Users\nedlecky\ACDSee\01Personal\2024\06France\2024-06-26(1175).heic tag_year='0000000' tag_year_int=0
2024-07-31,13:33:39.327.0,INFO,__main__,adjust_metadata.adjust_metadata:123,Exifread could not handle C:\Users\nedlecky\ACDSee\01Personal\2024\06France\2024-06-26(1177).heic tag_year='0000000' tag_year_int=0
2024-07-31,13:33:39.327.0,INFO,__main__,adjust_metadata.adjust_metadata:123,Exifread could not handle C:\Users\nedlecky\ACDSee\01Personal\2024\06France\2024-06-26(1178).heic tag_year='0000000' tag_year_int=0
2024-07-31,13:33:39.327.0,INFO,__main__,adjust_metadata.adjust_metadata:123,Exifread could not handle C:\Users\nedlecky\ACDSee\01Personal\2024\06France\2024-06-26(1179).heic tag_year='0000000' tag_year_int=0
2024-07-31,13:33:39.327.0,INFO,__main__,adjust_metadata.adjust_metadata:123,Exifread could not handle C:\Users\nedlecky\ACDSee\01Personal\2024\06France\2024-06-26(118).heic tag_year='0000000' tag_year_int=0
2024-07-31,13:33:39.327.0,INFO,__main__,adjust_metadata.adjust_metadata:123,Exifread could not handle C:\Users\nedlecky\ACDSee\01Personal\2024\06France\2024-06-26(1181).heic tag_year='0000000' tag_year_int=0
2024-07-31,13:33:39.327.0,INFO,__main__,adjust_metadata.adjust_metadata:123,Exifread could not handle C:\Users\nedlecky\ACDSee\01Personal\2024\06France\2024-06-26(1182).heic tag_year='0000000' tag_year_int=0
2024-07-31,13:33:39.327.0,INFO,__main__,adjust_metadata.adjust_metadata:123,Exifread could not handle C:\Users\nedlecky\ACDSee\01Personal\2024\06France\2024-06-26(1183).heic tag_year='0000000' tag_year_int=0
2024-07-31,13:33:39.327.0,INFO,__main__,adjust_metadata.adjust_metadata:123,Exifread could not handle C:\Users\nedlecky\ACDSee\01Personal\2024\06France\2024-06-26(1186).heic tag_year='0000000' tag_year_int=0
2024-07-31,13:33:39.327.0,INFO,__main__,adjust_metadata.adjust_metadata:123,Exifread could not handle C:\Users\nedlecky\ACDSee\01Personal\2024\06France\2024-06-26(1187).heic tag_year='0000000' tag_year_int=0
2024-07-31,13:33:39.327.0,INFO,__main__,adjust_metadata.adjust_metadata:123,Exifread could not handle C:\Users\nedlecky\ACDSee\01Personal\2024\06France\2024-06-26(1188).heic tag_year='0000000' tag_year_int=0
2024-07-31,13:33:39.327.0,INFO,__main__,adjust_metadata.adjust_metadata:123,Exifread could not handle C:\Users\nedlecky\ACDSee\01Personal\2024\06France\2024-06-26(1189).heic tag_year='0000000' tag_year_int=0
2024-07-31,13:33:39.328.0,INFO,__main__,adjust_metadata.adjust_metadata:123,Exifread could not handle C:\Users\nedlecky\ACDSee\01Personal\2024\06France\2024-06-26(119).heic tag_year='0000000' tag_year_int=0
2024-07-31,13:33:39.328.0,INFO,__main__,adjust_metadata.adjust_metadata:123,Exifread could not handle C:\Users\nedlecky\ACDSee\01Personal\2024\06France\2024-06-26(1191).heic tag_year='0000000' tag_year_int=0
2024-07-31,13:33:39.328.0,INFO,__main__,adjust_metadata.adjust_metadata:123,Exifread could not handle C:\Users\nedlecky\ACDSee\01Personal\2024\06France\2024-06-26(1192).heic tag_year='0000000' tag_year_int=0
2024-07-31,13:33:39.328.0,INFO,__main__,adjust_metadata.adjust_metadata:123,Exifread could not handle C:\Users\nedlecky\ACDSee\01Personal\2024\06France\2024-06-26(1194).heic tag_year='0000000' tag_year_int=0
2024-07-31,13:33:39.328.0,INFO,__main__,adjust_metadata.adjust_metadata:123,Exifread could not handle C:\Users\nedlecky\ACDSee\01Personal\2024\06France\2024-06-26(1195).heic tag_year='0000000' tag_year_int=0
2024-07-31,13:33:39.328.0,INFO,__main__,adjust_metadata.adjust_metadata:123,Exifread could not handle C:\Users\nedlecky\ACDSee\01Personal\2024\06France\2024-06-26(1197).heic tag_year='0000000' tag_year_int=0
2024-07-31,13:33:39.328.0,INFO,__main__,adjust_metadata.adjust_metadata:123,Exifread could not handle C:\Users\nedlecky\ACDSee\01Personal\2024\06France\2024-06-26(1198).heic tag_year='0000000' tag_year_int=0
2024-07-31,13:33:39.328.0,INFO,__main__,adjust_metadata.adjust_metadata:123,Exifread could not handle C:\Users\nedlecky\ACDSee\01Personal\2024\06France\2024-06-26(1199).heic tag_year='0000000' tag_year_int=0
2024-07-31,13:33:39.328.0,INFO,__main__,adjust_metadata.adjust_metadata:123,Exifread could not handle C:\Users\nedlecky\ACDSee\01Personal\2024\06France\2024-06-26(120).heic tag_year='0000000' tag_year_int=0
2024-07-31,13:33:39.328.0,INFO,__main__,adjust_metadata.adjust_metadata:123,Exifread could not handle C:\Users\nedlecky\ACDSee\01Personal\2024\06France\2024-06-26(1200).heic tag_year='0000000' tag_year_int=0
2024-07-31,13:33:39.328.0,INFO,__main__,adjust_metadata.adjust_metadata:123,Exifread could not handle C:\Users\nedlecky\ACDSee\01Personal\2024\06France\2024-06-26(1203).heic tag_year='0000000' tag_year_int=0
2024-07-31,13:33:39.328.0,INFO,__main__,adjust_metadata.adjust_metadata:123,Exifread could not handle C:\Users\nedlecky\ACDSee\01Personal\2024\06France\2024-06-26(1204).heic tag_year='0000000' tag_year_int=0
2024-07-31,13:33:39.328.0,INFO,__main__,adjust_metadata.adjust_metadata:123,Exifread could not handle C:\Users\nedlecky\ACDSee\01Personal\2024\06France\2024-06-26(1206).heic tag_year='0000000' tag_year_int=0
2024-07-31,13:33:39.328.0,INFO,__main__,adjust_metadata.adjust_metadata:123,Exifread could not handle C:\Users\nedlecky\ACDSee\01Personal\2024\06France\2024-06-26(1207).heic tag_year='0000000' tag_year_int=0
2024-07-31,13:33:39.328.0,INFO,__main__,adjust_metadata.adjust_metadata:123,Exifread could not handle C:\Users\nedlecky\ACDSee\01Personal\2024\06France\2024-06-26(1208).heic tag_year='0000000' tag_year_int=0
2024-07-31,13:33:39.329.0,INFO,__main__,adjust_metadata.adjust_metadata:123,Exifread could not handle C:\Users\nedlecky\ACDSee\01Personal\2024\06France\2024-06-26(1209).heic tag_year='0000000' tag_year_int=0
2024-07-31,13:33:39.329.0,INFO,__main__,adjust_metadata.adjust_metadata:123,Exifread could not handle C:\Users\nedlecky\ACDSee\01Personal\2024\06France\2024-06-26(121).heic tag_year='0000000' tag_year_int=0
2024-07-31,13:33:39.329.0,INFO,__main__,adjust_metadata.adjust_metadata:123,Exifread could not handle C:\Users\nedlecky\ACDSee\01Personal\2024\06France\2024-06-26(1211).heic tag_year='0000000' tag_year_int=0
2024-07-31,13:33:39.329.0,INFO,__main__,adjust_metadata.adjust_metadata:123,Exifread could not handle C:\Users\nedlecky\ACDSee\01Personal\2024\06France\2024-06-26(1212).heic tag_year='0000000' tag_year_int=0
2024-07-31,13:33:39.329.0,INFO,__main__,adjust_metadata.adjust_metadata:123,Exifread could not handle C:\Users\nedlecky\ACDSee\01Personal\2024\06France\2024-06-26(1214).heic tag_year='0000000' tag_year_int=0
2024-07-31,13:33:39.329.0,INFO,__main__,adjust_metadata.adjust_metadata:123,Exifread could not handle C:\Users\nedlecky\ACDSee\01Personal\2024\06France\2024-06-26(1216).heic tag_year='0000000' tag_year_int=0
2024-07-31,13:33:39.329.0,INFO,__main__,adjust_metadata.adjust_metadata:123,Exifread could not handle C:\Users\nedlecky\ACDSee\01Personal\2024\06France\2024-06-26(122).heic tag_year='0000000' tag_year_int=0
2024-07-31,13:33:39.329.0,INFO,__main__,adjust_metadata.adjust_metadata:123,Exifread could not handle C:\Users\nedlecky\ACDSee\01Personal\2024\06France\2024-06-26(1220).heic tag_year='0000000' tag_year_int=0
2024-07-31,13:33:39.329.0,INFO,__main__,adjust_metadata.adjust_metadata:123,Exifread could not handle C:\Users\nedlecky\ACDSee\01Personal\2024\06France\2024-06-26(1222).heic tag_year='0000000' tag_year_int=0
2024-07-31,13:33:39.329.0,INFO,__main__,adjust_metadata.adjust_metadata:123,Exifread could not handle C:\Users\nedlecky\ACDSee\01Personal\2024\06France\2024-06-26(1224).heic tag_year='0000000' tag_year_int=0
2024-07-31,13:33:39.329.0,INFO,__main__,adjust_metadata.adjust_metadata:123,Exifread could not handle C:\Users\nedlecky\ACDSee\01Personal\2024\06France\2024-06-26(1227).heic tag_year='0000000' tag_year_int=0
2024-07-31,13:33:39.329.0,INFO,__main__,adjust_metadata.adjust_metadata:123,Exifread could not handle C:\Users\nedlecky\ACDSee\01Personal\2024\06France\2024-06-26(1228).heic tag_year='0000000' tag_year_int=0
2024-07-31,13:33:39.329.0,INFO,__main__,adjust_metadata.adjust_metadata:123,Exifread could not handle C:\Users\nedlecky\ACDSee\01Personal\2024\06France\2024-06-26(123).heic tag_year='0000000' tag_year_int=0
2024-07-31,13:33:39.329.0,INFO,__main__,adjust_metadata.adjust_metadata:123,Exifread could not handle C:\Users\nedlecky\ACDSee\01Personal\2024\06France\2024-06-26(1231).heic tag_year='0000000' tag_year_int=0
2024-07-31,13:33:39.329.0,INFO,__main__,adjust_metadata.adjust_metadata:123,Exifread could not handle C:\Users\nedlecky\ACDSee\01Personal\2024\06France\2024-06-26(1233).heic tag_year='0000000' tag_year_int=0
2024-07-31,13:33:39.330.0,INFO,__main__,adjust_metadata.adjust_metadata:123,Exifread could not handle C:\Users\nedlecky\ACDSee\01Personal\2024\06France\2024-06-26(1235).heic tag_year='0000000' tag_year_int=0
2024-07-31,13:33:39.330.0,INFO,__main__,adjust_metadata.adjust_metadata:123,Exifread could not handle C:\Users\nedlecky\ACDSee\01Personal\2024\06France\2024-06-26(1237).heic tag_year='0000000' tag_year_int=0
2024-07-31,13:33:39.330.0,INFO,__main__,adjust_metadata.adjust_metadata:123,Exifread could not handle C:\Users\nedlecky\ACDSee\01Personal\2024\06France\2024-06-26(124).heic tag_year='0000000' tag_year_int=0
2024-07-31,13:33:39.330.0,INFO,__main__,adjust_metadata.adjust_metadata:123,Exifread could not handle C:\Users\nedlecky\ACDSee\01Personal\2024\06France\2024-06-26(1240).heic tag_year='0000000' tag_year_int=0
2024-07-31,13:33:39.330.0,INFO,__main__,adjust_metadata.adjust_metadata:123,Exifread could not handle C:\Users\nedlecky\ACDSee\01Personal\2024\06France\2024-06-26(1242).heic tag_year='0000000' tag_year_int=0
2024-07-31,13:33:39.330.0,INFO,__main__,adjust_metadata.adjust_metadata:123,Exifread could not handle C:\Users\nedlecky\ACDSee\01Personal\2024\06France\2024-06-26(1243).heic tag_year='0000000' tag_year_int=0
2024-07-31,13:33:39.330.0,INFO,__main__,adjust_metadata.adjust_metadata:123,Exifread could not handle C:\Users\nedlecky\ACDSee\01Personal\2024\06France\2024-06-26(1246).heic tag_year='0000000' tag_year_int=0
2024-07-31,13:33:39.330.0,INFO,__main__,adjust_metadata.adjust_metadata:123,Exifread could not handle C:\Users\nedlecky\ACDSee\01Personal\2024\06France\2024-06-26(1247).heic tag_year='0000000' tag_year_int=0
2024-07-31,13:33:39.330.0,INFO,__main__,adjust_metadata.adjust_metadata:123,Exifread could not handle C:\Users\nedlecky\ACDSee\01Personal\2024\06France\2024-06-26(1248).heic tag_year='0000000' tag_year_int=0
2024-07-31,13:33:39.330.0,INFO,__main__,adjust_metadata.adjust_metadata:123,Exifread could not handle C:\Users\nedlecky\ACDSee\01Personal\2024\06France\2024-06-26(125).heic tag_year='0000000' tag_year_int=0
2024-07-31,13:33:39.330.0,INFO,__main__,adjust_metadata.adjust_metadata:123,Exifread could not handle C:\Users\nedlecky\ACDSee\01Personal\2024\06France\2024-06-26(1250).heic tag_year='0000000' tag_year_int=0
2024-07-31,13:33:39.330.0,INFO,__main__,adjust_metadata.adjust_metadata:123,Exifread could not handle C:\Users\nedlecky\ACDSee\01Personal\2024\06France\2024-06-26(1252).heic tag_year='0000000' tag_year_int=0
2024-07-31,13:33:39.330.0,INFO,__main__,adjust_metadata.adjust_metadata:123,Exifread could not handle C:\Users\nedlecky\ACDSee\01Personal\2024\06France\2024-06-26(1258).heic tag_year='0000000' tag_year_int=0
2024-07-31,13:33:39.330.0,INFO,__main__,adjust_metadata.adjust_metadata:123,Exifread could not handle C:\Users\nedlecky\ACDSee\01Personal\2024\06France\2024-06-26(126).heic tag_year='0000000' tag_year_int=0
2024-07-31,13:33:39.331.0,INFO,__main__,adjust_metadata.adjust_metadata:123,Exifread could not handle C:\Users\nedlecky\ACDSee\01Personal\2024\06France\2024-06-26(1261).heic tag_year='0000000' tag_year_int=0
2024-07-31,13:33:39.331.0,INFO,__main__,adjust_metadata.adjust_metadata:123,Exifread could not handle C:\Users\nedlecky\ACDSee\01Personal\2024\06France\2024-06-26(1264).heic tag_year='0000000' tag_year_int=0
2024-07-31,13:33:39.331.0,INFO,__main__,adjust_metadata.adjust_metadata:123,Exifread could not handle C:\Users\nedlecky\ACDSee\01Personal\2024\06France\2024-06-26(1266).heic tag_year='0000000' tag_year_int=0
2024-07-31,13:33:39.331.0,INFO,__main__,adjust_metadata.adjust_metadata:123,Exifread could not handle C:\Users\nedlecky\ACDSee\01Personal\2024\06France\2024-06-26(1269).heic tag_year='0000000' tag_year_int=0
2024-07-31,13:33:39.331.0,INFO,__main__,adjust_metadata.adjust_metadata:123,Exifread could not handle C:\Users\nedlecky\ACDSee\01Personal\2024\06France\2024-06-26(127).heic tag_year='0000000' tag_year_int=0
2024-07-31,13:33:39.331.0,INFO,__main__,adjust_metadata.adjust_metadata:123,Exifread could not handle C:\Users\nedlecky\ACDSee\01Personal\2024\06France\2024-06-26(1271).heic tag_year='0000000' tag_year_int=0
2024-07-31,13:33:39.331.0,INFO,__main__,adjust_metadata.adjust_metadata:123,Exifread could not handle C:\Users\nedlecky\ACDSee\01Personal\2024\06France\2024-06-26(1273).heic tag_year='0000000' tag_year_int=0
2024-07-31,13:33:39.331.0,INFO,__main__,adjust_metadata.adjust_metadata:123,Exifread could not handle C:\Users\nedlecky\ACDSee\01Personal\2024\06France\2024-06-26(1274).heic tag_year='0000000' tag_year_int=0
2024-07-31,13:33:39.331.0,INFO,__main__,adjust_metadata.adjust_metadata:123,Exifread could not handle C:\Users\nedlecky\ACDSee\01Personal\2024\06France\2024-06-26(1277).heic tag_year='0000000' tag_year_int=0
2024-07-31,13:33:39.331.0,INFO,__main__,adjust_metadata.adjust_metadata:123,Exifread could not handle C:\Users\nedlecky\ACDSee\01Personal\2024\06France\2024-06-26(1278).heic tag_year='0000000' tag_year_int=0
2024-07-31,13:33:39.331.0,INFO,__main__,adjust_metadata.adjust_metadata:123,Exifread could not handle C:\Users\nedlecky\ACDSee\01Personal\2024\06France\2024-06-26(128).heic tag_year='0000000' tag_year_int=0
2024-07-31,13:33:39.331.0,INFO,__main__,adjust_metadata.adjust_metadata:123,Exifread could not handle C:\Users\nedlecky\ACDSee\01Personal\2024\06France\2024-06-26(1280).heic tag_year='0000000' tag_year_int=0
2024-07-31,13:33:39.331.0,INFO,__main__,adjust_metadata.adjust_metadata:123,Exifread could not handle C:\Users\nedlecky\ACDSee\01Personal\2024\06France\2024-06-26(1282).heic tag_year='0000000' tag_year_int=0
2024-07-31,13:33:39.331.0,INFO,__main__,adjust_metadata.adjust_metadata:123,Exifread could not handle C:\Users\nedlecky\ACDSee\01Personal\2024\06France\2024-06-26(1286).heic tag_year='0000000' tag_year_int=0
2024-07-31,13:33:39.331.0,INFO,__main__,adjust_metadata.adjust_metadata:123,Exifread could not handle C:\Users\nedlecky\ACDSee\01Personal\2024\06France\2024-06-26(1288).heic tag_year='0000000' tag_year_int=0
2024-07-31,13:33:39.332.0,INFO,__main__,adjust_metadata.adjust_metadata:123,Exifread could not handle C:\Users\nedlecky\ACDSee\01Personal\2024\06France\2024-06-26(1289).heic tag_year='0000000' tag_year_int=0
2024-07-31,13:33:39.332.0,INFO,__main__,adjust_metadata.adjust_metadata:123,Exifread could not handle C:\Users\nedlecky\ACDSee\01Personal\2024\06France\2024-06-26(129).heic tag_year='0000000' tag_year_int=0
2024-07-31,13:33:39.332.0,INFO,__main__,adjust_metadata.adjust_metadata:123,Exifread could not handle C:\Users\nedlecky\ACDSee\01Personal\2024\06France\2024-06-26(1290).heic tag_year='0000000' tag_year_int=0
2024-07-31,13:33:39.332.0,INFO,__main__,adjust_metadata.adjust_metadata:123,Exifread could not handle C:\Users\nedlecky\ACDSee\01Personal\2024\06France\2024-06-26(1293).heic tag_year='0000000' tag_year_int=0
2024-07-31,13:33:39.332.0,INFO,__main__,adjust_metadata.adjust_metadata:123,Exifread could not handle C:\Users\nedlecky\ACDSee\01Personal\2024\06France\2024-06-26(1295).heic tag_year='0000000' tag_year_int=0
2024-07-31,13:33:39.332.0,INFO,__main__,adjust_metadata.adjust_metadata:123,Exifread could not handle C:\Users\nedlecky\ACDSee\01Personal\2024\06France\2024-06-26(1297).heic tag_year='0000000' tag_year_int=0
2024-07-31,13:33:39.332.0,INFO,__main__,adjust_metadata.adjust_metadata:123,Exifread could not handle C:\Users\nedlecky\ACDSee\01Personal\2024\06France\2024-06-26(13).heic tag_year='0000000' tag_year_int=0
2024-07-31,13:33:39.332.0,INFO,__main__,adjust_metadata.adjust_metadata:123,Exifread could not handle C:\Users\nedlecky\ACDSee\01Personal\2024\06France\2024-06-26(130).heic tag_year='0000000' tag_year_int=0
2024-07-31,13:33:39.332.0,INFO,__main__,adjust_metadata.adjust_metadata:123,Exifread could not handle C:\Users\nedlecky\ACDSee\01Personal\2024\06France\2024-06-26(1304).heic tag_year='0000000' tag_year_int=0
2024-07-31,13:33:39.332.0,INFO,__main__,adjust_metadata.adjust_metadata:123,Exifread could not handle C:\Users\nedlecky\ACDSee\01Personal\2024\06France\2024-06-26(1306).heic tag_year='0000000' tag_year_int=0
2024-07-31,13:33:39.332.0,INFO,__main__,adjust_metadata.adjust_metadata:123,Exifread could not handle C:\Users\nedlecky\ACDSee\01Personal\2024\06France\2024-06-26(1308).heic tag_year='0000000' tag_year_int=0
2024-07-31,13:33:39.332.0,INFO,__main__,adjust_metadata.adjust_metadata:123,Exifread could not handle C:\Users\nedlecky\ACDSee\01Personal\2024\06France\2024-06-26(1309).heic tag_year='0000000' tag_year_int=0
2024-07-31,13:33:39.332.0,INFO,__main__,adjust_metadata.adjust_metadata:123,Exifread could not handle C:\Users\nedlecky\ACDSee\01Personal\2024\06France\2024-06-26(131).heic tag_year='0000000' tag_year_int=0
2024-07-31,13:33:39.332.0,INFO,__main__,adjust_metadata.adjust_metadata:123,Exifread could not handle C:\Users\nedlecky\ACDSee\01Personal\2024\06France\2024-06-26(1311).heic tag_year='0000000' tag_year_int=0
2024-07-31,13:33:39.332.0,INFO,__main__,adjust_metadata.adjust_metadata:123,Exifread could not handle C:\Users\nedlecky\ACDSee\01Personal\2024\06France\2024-06-26(1313).heic tag_year='0000000' tag_year_int=0
2024-07-31,13:33:39.333.0,INFO,__main__,adjust_metadata.adjust_metadata:123,Exifread could not handle C:\Users\nedlecky\ACDSee\01Personal\2024\06France\2024-06-26(1316).heic tag_year='0000000' tag_year_int=0
2024-07-31,13:33:39.333.0,INFO,__main__,adjust_metadata.adjust_metadata:123,Exifread could not handle C:\Users\nedlecky\ACDSee\01Personal\2024\06France\2024-06-26(1318).heic tag_year='0000000' tag_year_int=0
2024-07-31,13:33:39.333.0,INFO,__main__,adjust_metadata.adjust_metadata:123,Exifread could not handle C:\Users\nedlecky\ACDSee\01Personal\2024\06France\2024-06-26(132).heic tag_year='0000000' tag_year_int=0
2024-07-31,13:33:39.333.0,INFO,__main__,adjust_metadata.adjust_metadata:123,Exifread could not handle C:\Users\nedlecky\ACDSee\01Personal\2024\06France\2024-06-26(1322).heic tag_year='0000000' tag_year_int=0
2024-07-31,13:33:39.333.0,INFO,__main__,adjust_metadata.adjust_metadata:123,Exifread could not handle C:\Users\nedlecky\ACDSee\01Personal\2024\06France\2024-06-26(1324).heic tag_year='0000000' tag_year_int=0
2024-07-31,13:33:39.333.0,INFO,__main__,adjust_metadata.adjust_metadata:123,Exifread could not handle C:\Users\nedlecky\ACDSee\01Personal\2024\06France\2024-06-26(1325).heic tag_year='0000000' tag_year_int=0
2024-07-31,13:33:39.333.0,INFO,__main__,adjust_metadata.adjust_metadata:123,Exifread could not handle C:\Users\nedlecky\ACDSee\01Personal\2024\06France\2024-06-26(133).heic tag_year='0000000' tag_year_int=0
2024-07-31,13:33:39.333.0,INFO,__main__,adjust_metadata.adjust_metadata:123,Exifread could not handle C:\Users\nedlecky\ACDSee\01Personal\2024\06France\2024-06-26(134).heic tag_year='0000000' tag_year_int=0
2024-07-31,13:33:39.333.0,INFO,__main__,adjust_metadata.adjust_metadata:123,Exifread could not handle C:\Users\nedlecky\ACDSee\01Personal\2024\06France\2024-06-26(135).heic tag_year='0000000' tag_year_int=0
2024-07-31,13:33:39.333.0,INFO,__main__,adjust_metadata.adjust_metadata:123,Exifread could not handle C:\Users\nedlecky\ACDSee\01Personal\2024\06France\2024-06-26(136).heic tag_year='0000000' tag_year_int=0
2024-07-31,13:33:39.333.0,INFO,__main__,adjust_metadata.adjust_metadata:123,Exifread could not handle C:\Users\nedlecky\ACDSee\01Personal\2024\06France\2024-06-26(137).heic tag_year='0000000' tag_year_int=0
2024-07-31,13:33:39.333.0,INFO,__main__,adjust_metadata.adjust_metadata:123,Exifread could not handle C:\Users\nedlecky\ACDSee\01Personal\2024\06France\2024-06-26(138).heic tag_year='0000000' tag_year_int=0
2024-07-31,13:33:39.333.0,INFO,__main__,adjust_metadata.adjust_metadata:123,Exifread could not handle C:\Users\nedlecky\ACDSee\01Personal\2024\06France\2024-06-26(139).heic tag_year='0000000' tag_year_int=0
2024-07-31,13:33:39.333.0,INFO,__main__,adjust_metadata.adjust_metadata:123,Exifread could not handle C:\Users\nedlecky\ACDSee\01Personal\2024\06France\2024-06-26(14).heic tag_year='0000000' tag_year_int=0
2024-07-31,13:33:39.333.0,INFO,__main__,adjust_metadata.adjust_metadata:123,Exifread could not handle C:\Users\nedlecky\ACDSee\01Personal\2024\06France\2024-06-26(140).heic tag_year='0000000' tag_year_int=0
2024-07-31,13:33:39.333.0,INFO,__main__,adjust_metadata.adjust_metadata:123,Exifread could not handle C:\Users\nedlecky\ACDSee\01Personal\2024\06France\2024-06-26(141).heic tag_year='0000000' tag_year_int=0
2024-07-31,13:33:39.333.0,INFO,__main__,adjust_metadata.adjust_metadata:123,Exifread could not handle C:\Users\nedlecky\ACDSee\01Personal\2024\06France\2024-06-26(142).heic tag_year='0000000' tag_year_int=0
2024-07-31,13:33:39.333.0,INFO,__main__,adjust_metadata.adjust_metadata:123,Exifread could not handle C:\Users\nedlecky\ACDSee\01Personal\2024\06France\2024-06-26(143).heic tag_year='0000000' tag_year_int=0
2024-07-31,13:33:39.333.0,INFO,__main__,adjust_metadata.adjust_metadata:123,Exifread could not handle C:\Users\nedlecky\ACDSee\01Personal\2024\06France\2024-06-26(144).heic tag_year='0000000' tag_year_int=0
2024-07-31,13:33:39.333.0,INFO,__main__,adjust_metadata.adjust_metadata:123,Exifread could not handle C:\Users\nedlecky\ACDSee\01Personal\2024\06France\2024-06-26(145).heic tag_year='0000000' tag_year_int=0
2024-07-31,13:33:39.333.0,INFO,__main__,adjust_metadata.adjust_metadata:123,Exifread could not handle C:\Users\nedlecky\ACDSee\01Personal\2024\06France\2024-06-26(146).heic tag_year='0000000' tag_year_int=0
2024-07-31,13:33:39.333.0,INFO,__main__,adjust_metadata.adjust_metadata:123,Exifread could not handle C:\Users\nedlecky\ACDSee\01Personal\2024\06France\2024-06-26(147).heic tag_year='0000000' tag_year_int=0
2024-07-31,13:33:39.335.0,INFO,__main__,adjust_metadata.adjust_metadata:123,Exifread could not handle C:\Users\nedlecky\ACDSee\01Personal\2024\06France\2024-06-26(148).heic tag_year='0000000' tag_year_int=0
2024-07-31,13:33:39.335.0,INFO,__main__,adjust_metadata.adjust_metadata:123,Exifread could not handle C:\Users\nedlecky\ACDSee\01Personal\2024\06France\2024-06-26(149).heic tag_year='0000000' tag_year_int=0
2024-07-31,13:33:39.335.0,INFO,__main__,adjust_metadata.adjust_metadata:123,Exifread could not handle C:\Users\nedlecky\ACDSee\01Personal\2024\06France\2024-06-26(15).heic tag_year='0000000' tag_year_int=0
2024-07-31,13:33:39.335.0,INFO,__main__,adjust_metadata.adjust_metadata:123,Exifread could not handle C:\Users\nedlecky\ACDSee\01Personal\2024\06France\2024-06-26(150).heic tag_year='0000000' tag_year_int=0
2024-07-31,13:33:39.335.0,INFO,__main__,adjust_metadata.adjust_metadata:123,Exifread could not handle C:\Users\nedlecky\ACDSee\01Personal\2024\06France\2024-06-26(151).heic tag_year='0000000' tag_year_int=0
2024-07-31,13:33:39.336.0,INFO,__main__,adjust_metadata.adjust_metadata:123,Exifread could not handle C:\Users\nedlecky\ACDSee\01Personal\2024\06France\2024-06-26(152).heic tag_year='0000000' tag_year_int=0
2024-07-31,13:33:39.336.0,INFO,__main__,adjust_metadata.adjust_metadata:123,Exifread could not handle C:\Users\nedlecky\ACDSee\01Personal\2024\06France\2024-06-26(153).heic tag_year='0000000' tag_year_int=0
2024-07-31,13:33:39.336.0,INFO,__main__,adjust_metadata.adjust_metadata:123,Exifread could not handle C:\Users\nedlecky\ACDSee\01Personal\2024\06France\2024-06-26(154).heic tag_year='0000000' tag_year_int=0
2024-07-31,13:33:39.337.0,INFO,__main__,adjust_metadata.adjust_metadata:123,Exifread could not handle C:\Users\nedlecky\ACDSee\01Personal\2024\06France\2024-06-26(155).heic tag_year='0000000' tag_year_int=0
2024-07-31,13:33:39.337.0,INFO,__main__,adjust_metadata.adjust_metadata:123,Exifread could not handle C:\Users\nedlecky\ACDSee\01Personal\2024\06France\2024-06-26(156).heic tag_year='0000000' tag_year_int=0
2024-07-31,13:33:39.337.0,INFO,__main__,adjust_metadata.adjust_metadata:123,Exifread could not handle C:\Users\nedlecky\ACDSee\01Personal\2024\06France\2024-06-26(157).heic tag_year='0000000' tag_year_int=0
2024-07-31,13:33:39.337.0,INFO,__main__,adjust_metadata.adjust_metadata:123,Exifread could not handle C:\Users\nedlecky\ACDSee\01Personal\2024\06France\2024-06-26(158).heic tag_year='0000000' tag_year_int=0
2024-07-31,13:33:39.337.0,INFO,__main__,adjust_metadata.adjust_metadata:123,Exifread could not handle C:\Users\nedlecky\ACDSee\01Personal\2024\06France\2024-06-26(159).heic tag_year='0000000' tag_year_int=0
2024-07-31,13:33:39.337.0,INFO,__main__,adjust_metadata.adjust_metadata:123,Exifread could not handle C:\Users\nedlecky\ACDSee\01Personal\2024\06France\2024-06-26(16).heic tag_year='0000000' tag_year_int=0
2024-07-31,13:33:39.337.0,INFO,__main__,adjust_metadata.adjust_metadata:123,Exifread could not handle C:\Users\nedlecky\ACDSee\01Personal\2024\06France\2024-06-26(160).heic tag_year='0000000' tag_year_int=0
2024-07-31,13:33:39.337.0,INFO,__main__,adjust_metadata.adjust_metadata:123,Exifread could not handle C:\Users\nedlecky\ACDSee\01Personal\2024\06France\2024-06-26(161).heic tag_year='0000000' tag_year_int=0
2024-07-31,13:33:39.337.0,INFO,__main__,adjust_metadata.adjust_metadata:123,Exifread could not handle C:\Users\nedlecky\ACDSee\01Personal\2024\06France\2024-06-26(162).heic tag_year='0000000' tag_year_int=0
2024-07-31,13:33:39.337.0,INFO,__main__,adjust_metadata.adjust_metadata:123,Exifread could not handle C:\Users\nedlecky\ACDSee\01Personal\2024\06France\2024-06-26(163).heic tag_year='0000000' tag_year_int=0
2024-07-31,13:33:39.337.0,INFO,__main__,adjust_metadata.adjust_metadata:123,Exifread could not handle C:\Users\nedlecky\ACDSee\01Personal\2024\06France\2024-06-26(164).heic tag_year='0000000' tag_year_int=0
2024-07-31,13:33:39.337.0,INFO,__main__,adjust_metadata.adjust_metadata:123,Exifread could not handle C:\Users\nedlecky\ACDSee\01Personal\2024\06France\2024-06-26(165).heic tag_year='0000000' tag_year_int=0
2024-07-31,13:33:39.338.0,INFO,__main__,adjust_metadata.adjust_metadata:123,Exifread could not handle C:\Users\nedlecky\ACDSee\01Personal\2024\06France\2024-06-26(166).heic tag_year='0000000' tag_year_int=0
2024-07-31,13:33:39.338.0,INFO,__main__,adjust_metadata.adjust_metadata:123,Exifread could not handle C:\Users\nedlecky\ACDSee\01Personal\2024\06France\2024-06-26(167).heic tag_year='0000000' tag_year_int=0
2024-07-31,13:33:39.338.0,INFO,__main__,adjust_metadata.adjust_metadata:123,Exifread could not handle C:\Users\nedlecky\ACDSee\01Personal\2024\06France\2024-06-26(168).heic tag_year='0000000' tag_year_int=0
2024-07-31,13:33:39.338.0,INFO,__main__,adjust_metadata.adjust_metadata:123,Exifread could not handle C:\Users\nedlecky\ACDSee\01Personal\2024\06France\2024-06-26(169).heic tag_year='0000000' tag_year_int=0
2024-07-31,13:33:39.338.0,INFO,__main__,adjust_metadata.adjust_metadata:123,Exifread could not handle C:\Users\nedlecky\ACDSee\01Personal\2024\06France\2024-06-26(17).heic tag_year='0000000' tag_year_int=0
2024-07-31,13:33:39.338.0,INFO,__main__,adjust_metadata.adjust_metadata:123,Exifread could not handle C:\Users\nedlecky\ACDSee\01Personal\2024\06France\2024-06-26(170).heic tag_year='0000000' tag_year_int=0
2024-07-31,13:33:39.338.0,INFO,__main__,adjust_metadata.adjust_metadata:123,Exifread could not handle C:\Users\nedlecky\ACDSee\01Personal\2024\06France\2024-06-26(171).heic tag_year='0000000' tag_year_int=0
2024-07-31,13:33:39.338.0,INFO,__main__,adjust_metadata.adjust_metadata:123,Exifread could not handle C:\Users\nedlecky\ACDSee\01Personal\2024\06France\2024-06-26(172).heic tag_year='0000000' tag_year_int=0
2024-07-31,13:33:39.338.0,INFO,__main__,adjust_metadata.adjust_metadata:123,Exifread could not handle C:\Users\nedlecky\ACDSee\01Personal\2024\06France\2024-06-26(173).heic tag_year='0000000' tag_year_int=0
2024-07-31,13:33:39.338.0,INFO,__main__,adjust_metadata.adjust_metadata:123,Exifread could not handle C:\Users\nedlecky\ACDSee\01Personal\2024\06France\2024-06-26(174).heic tag_year='0000000' tag_year_int=0
2024-07-31,13:33:39.338.0,INFO,__main__,adjust_metadata.adjust_metadata:123,Exifread could not handle C:\Users\nedlecky\ACDSee\01Personal\2024\06France\2024-06-26(175).heic tag_year='0000000' tag_year_int=0
2024-07-31,13:33:39.338.0,INFO,__main__,adjust_metadata.adjust_metadata:123,Exifread could not handle C:\Users\nedlecky\ACDSee\01Personal\2024\06France\2024-06-26(176).heic tag_year='0000000' tag_year_int=0
2024-07-31,13:33:39.338.0,INFO,__main__,adjust_metadata.adjust_metadata:123,Exifread could not handle C:\Users\nedlecky\ACDSee\01Personal\2024\06France\2024-06-26(177).heic tag_year='0000000' tag_year_int=0
2024-07-31,13:33:39.338.0,INFO,__main__,adjust_metadata.adjust_metadata:123,Exifread could not handle C:\Users\nedlecky\ACDSee\01Personal\2024\06France\2024-06-26(178).heic tag_year='0000000' tag_year_int=0
2024-07-31,13:33:39.338.0,INFO,__main__,adjust_metadata.adjust_metadata:123,Exifread could not handle C:\Users\nedlecky\ACDSee\01Personal\2024\06France\2024-06-26(179).heic tag_year='0000000' tag_year_int=0
2024-07-31,13:33:39.339.0,INFO,__main__,adjust_metadata.adjust_metadata:123,Exifread could not handle C:\Users\nedlecky\ACDSee\01Personal\2024\06France\2024-06-26(18).heic tag_year='0000000' tag_year_int=0
2024-07-31,13:33:39.339.0,INFO,__main__,adjust_metadata.adjust_metadata:123,Exifread could not handle C:\Users\nedlecky\ACDSee\01Personal\2024\06France\2024-06-26(180).heic tag_year='0000000' tag_year_int=0
2024-07-31,13:33:39.339.0,INFO,__main__,adjust_metadata.adjust_metadata:123,Exifread could not handle C:\Users\nedlecky\ACDSee\01Personal\2024\06France\2024-06-26(181).heic tag_year='0000000' tag_year_int=0
2024-07-31,13:33:39.339.0,INFO,__main__,adjust_metadata.adjust_metadata:123,Exifread could not handle C:\Users\nedlecky\ACDSee\01Personal\2024\06France\2024-06-26(182).heic tag_year='0000000' tag_year_int=0
2024-07-31,13:33:39.339.0,INFO,__main__,adjust_metadata.adjust_metadata:123,Exifread could not handle C:\Users\nedlecky\ACDSee\01Personal\2024\06France\2024-06-26(183).heic tag_year='0000000' tag_year_int=0
2024-07-31,13:33:39.339.0,INFO,__main__,adjust_metadata.adjust_metadata:123,Exifread could not handle C:\Users\nedlecky\ACDSee\01Personal\2024\06France\2024-06-26(184).heic tag_year='0000000' tag_year_int=0
2024-07-31,13:33:39.339.0,INFO,__main__,adjust_metadata.adjust_metadata:123,Exifread could not handle C:\Users\nedlecky\ACDSee\01Personal\2024\06France\2024-06-26(185).heic tag_year='0000000' tag_year_int=0
2024-07-31,13:33:39.339.0,INFO,__main__,adjust_metadata.adjust_metadata:123,Exifread could not handle C:\Users\nedlecky\ACDSee\01Personal\2024\06France\2024-06-26(186).heic tag_year='0000000' tag_year_int=0
2024-07-31,13:33:39.339.0,INFO,__main__,adjust_metadata.adjust_metadata:123,Exifread could not handle C:\Users\nedlecky\ACDSee\01Personal\2024\06France\2024-06-26(187).heic tag_year='0000000' tag_year_int=0
2024-07-31,13:33:39.339.0,INFO,__main__,adjust_metadata.adjust_metadata:123,Exifread could not handle C:\Users\nedlecky\ACDSee\01Personal\2024\06France\2024-06-26(188).heic tag_year='0000000' tag_year_int=0
2024-07-31,13:33:39.339.0,INFO,__main__,adjust_metadata.adjust_metadata:123,Exifread could not handle C:\Users\nedlecky\ACDSee\01Personal\2024\06France\2024-06-26(189).heic tag_year='0000000' tag_year_int=0
2024-07-31,13:33:39.340.0,INFO,__main__,adjust_metadata.adjust_metadata:123,Exifread could not handle C:\Users\nedlecky\ACDSee\01Personal\2024\06France\2024-06-26(19).heic tag_year='0000000' tag_year_int=0
2024-07-31,13:33:39.340.0,INFO,__main__,adjust_metadata.adjust_metadata:123,Exifread could not handle C:\Users\nedlecky\ACDSee\01Personal\2024\06France\2024-06-26(190).heic tag_year='0000000' tag_year_int=0
2024-07-31,13:33:39.340.0,INFO,__main__,adjust_metadata.adjust_metadata:123,Exifread could not handle C:\Users\nedlecky\ACDSee\01Personal\2024\06France\2024-06-26(191).heic tag_year='0000000' tag_year_int=0
2024-07-31,13:33:39.340.0,INFO,__main__,adjust_metadata.adjust_metadata:123,Exifread could not handle C:\Users\nedlecky\ACDSee\01Personal\2024\06France\2024-06-26(192).heic tag_year='0000000' tag_year_int=0
2024-07-31,13:33:39.340.0,INFO,__main__,adjust_metadata.adjust_metadata:123,Exifread could not handle C:\Users\nedlecky\ACDSee\01Personal\2024\06France\2024-06-26(193).heic tag_year='0000000' tag_year_int=0
2024-07-31,13:33:39.340.0,INFO,__main__,adjust_metadata.adjust_metadata:123,Exifread could not handle C:\Users\nedlecky\ACDSee\01Personal\2024\06France\2024-06-26(194).heic tag_year='0000000' tag_year_int=0
2024-07-31,13:33:39.340.0,INFO,__main__,adjust_metadata.adjust_metadata:123,Exifread could not handle C:\Users\nedlecky\ACDSee\01Personal\2024\06France\2024-06-26(195).heic tag_year='0000000' tag_year_int=0
2024-07-31,13:33:39.340.0,INFO,__main__,adjust_metadata.adjust_metadata:123,Exifread could not handle C:\Users\nedlecky\ACDSee\01Personal\2024\06France\2024-06-26(196).heic tag_year='0000000' tag_year_int=0
2024-07-31,13:33:39.342.0,INFO,__main__,adjust_metadata.adjust_metadata:123,Exifread could not handle C:\Users\nedlecky\ACDSee\01Personal\2024\06France\2024-06-26(197).heic tag_year='0000000' tag_year_int=0
2024-07-31,13:33:39.342.0,INFO,__main__,adjust_metadata.adjust_metadata:123,Exifread could not handle C:\Users\nedlecky\ACDSee\01Personal\2024\06France\2024-06-26(198).heic tag_year='0000000' tag_year_int=0
2024-07-31,13:33:39.342.0,INFO,__main__,adjust_metadata.adjust_metadata:123,Exifread could not handle C:\Users\nedlecky\ACDSee\01Personal\2024\06France\2024-06-26(199).heic tag_year='0000000' tag_year_int=0
2024-07-31,13:33:39.342.0,INFO,__main__,adjust_metadata.adjust_metadata:123,Exifread could not handle C:\Users\nedlecky\ACDSee\01Personal\2024\06France\2024-06-26(20).heic tag_year='0000000' tag_year_int=0
2024-07-31,13:33:39.343.0,INFO,__main__,adjust_metadata.adjust_metadata:123,Exifread could not handle C:\Users\nedlecky\ACDSee\01Personal\2024\06France\2024-06-26(200).heic tag_year='0000000' tag_year_int=0
2024-07-31,13:33:39.343.0,INFO,__main__,adjust_metadata.adjust_metadata:123,Exifread could not handle C:\Users\nedlecky\ACDSee\01Personal\2024\06France\2024-06-26(201).heic tag_year='0000000' tag_year_int=0
2024-07-31,13:33:39.343.0,INFO,__main__,adjust_metadata.adjust_metadata:123,Exifread could not handle C:\Users\nedlecky\ACDSee\01Personal\2024\06France\2024-06-26(202).heic tag_year='0000000' tag_year_int=0
2024-07-31,13:33:39.343.0,INFO,__main__,adjust_metadata.adjust_metadata:123,Exifread could not handle C:\Users\nedlecky\ACDSee\01Personal\2024\06France\2024-06-26(203).heic tag_year='0000000' tag_year_int=0
2024-07-31,13:33:39.343.0,INFO,__main__,adjust_metadata.adjust_metadata:123,Exifread could not handle C:\Users\nedlecky\ACDSee\01Personal\2024\06France\2024-06-26(204).heic tag_year='0000000' tag_year_int=0
2024-07-31,13:33:39.343.0,INFO,__main__,adjust_metadata.adjust_metadata:123,Exifread could not handle C:\Users\nedlecky\ACDSee\01Personal\2024\06France\2024-06-26(205).heic tag_year='0000000' tag_year_int=0
2024-07-31,13:33:39.343.0,INFO,__main__,adjust_metadata.adjust_metadata:123,Exifread could not handle C:\Users\nedlecky\ACDSee\01Personal\2024\06France\2024-06-26(206).heic tag_year='0000000' tag_year_int=0
2024-07-31,13:33:39.343.0,INFO,__main__,adjust_metadata.adjust_metadata:123,Exifread could not handle C:\Users\nedlecky\ACDSee\01Personal\2024\06France\2024-06-26(207).heic tag_year='0000000' tag_year_int=0
2024-07-31,13:33:39.343.0,INFO,__main__,adjust_metadata.adjust_metadata:123,Exifread could not handle C:\Users\nedlecky\ACDSee\01Personal\2024\06France\2024-06-26(208).heic tag_year='0000000' tag_year_int=0
2024-07-31,13:33:39.343.0,INFO,__main__,adjust_metadata.adjust_metadata:123,Exifread could not handle C:\Users\nedlecky\ACDSee\01Personal\2024\06France\2024-06-26(209).heic tag_year='0000000' tag_year_int=0
2024-07-31,13:33:39.343.0,INFO,__main__,adjust_metadata.adjust_metadata:123,Exifread could not handle C:\Users\nedlecky\ACDSee\01Personal\2024\06France\2024-06-26(21).heic tag_year='0000000' tag_year_int=0
2024-07-31,13:33:39.343.0,INFO,__main__,adjust_metadata.adjust_metadata:123,Exifread could not handle C:\Users\nedlecky\ACDSee\01Personal\2024\06France\2024-06-26(210).heic tag_year='0000000' tag_year_int=0
2024-07-31,13:33:39.344.0,INFO,__main__,adjust_metadata.adjust_metadata:123,Exifread could not handle C:\Users\nedlecky\ACDSee\01Personal\2024\06France\2024-06-26(211).heic tag_year='0000000' tag_year_int=0
2024-07-31,13:33:39.344.0,INFO,__main__,adjust_metadata.adjust_metadata:123,Exifread could not handle C:\Users\nedlecky\ACDSee\01Personal\2024\06France\2024-06-26(212).heic tag_year='0000000' tag_year_int=0
2024-07-31,13:33:39.344.0,INFO,__main__,adjust_metadata.adjust_metadata:123,Exifread could not handle C:\Users\nedlecky\ACDSee\01Personal\2024\06France\2024-06-26(213).heic tag_year='0000000' tag_year_int=0
2024-07-31,13:33:39.344.0,INFO,__main__,adjust_metadata.adjust_metadata:123,Exifread could not handle C:\Users\nedlecky\ACDSee\01Personal\2024\06France\2024-06-26(214).heic tag_year='0000000' tag_year_int=0
2024-07-31,13:33:39.344.0,INFO,__main__,adjust_metadata.adjust_metadata:123,Exifread could not handle C:\Users\nedlecky\ACDSee\01Personal\2024\06France\2024-06-26(215).heic tag_year='0000000' tag_year_int=0
2024-07-31,13:33:39.344.0,INFO,__main__,adjust_metadata.adjust_metadata:123,Exifread could not handle C:\Users\nedlecky\ACDSee\01Personal\2024\06France\2024-06-26(216).heic tag_year='0000000' tag_year_int=0
2024-07-31,13:33:39.344.0,INFO,__main__,adjust_metadata.adjust_metadata:123,Exifread could not handle C:\Users\nedlecky\ACDSee\01Personal\2024\06France\2024-06-26(217).heic tag_year='0000000' tag_year_int=0
2024-07-31,13:33:39.344.0,INFO,__main__,adjust_metadata.adjust_metadata:123,Exifread could not handle C:\Users\nedlecky\ACDSee\01Personal\2024\06France\2024-06-26(218).heic tag_year='0000000' tag_year_int=0
2024-07-31,13:33:39.344.0,INFO,__main__,adjust_metadata.adjust_metadata:123,Exifread could not handle C:\Users\nedlecky\ACDSee\01Personal\2024\06France\2024-06-26(219).heic tag_year='0000000' tag_year_int=0
2024-07-31,13:33:39.344.0,INFO,__main__,adjust_metadata.adjust_metadata:123,Exifread could not handle C:\Users\nedlecky\ACDSee\01Personal\2024\06France\2024-06-26(22).heic tag_year='0000000' tag_year_int=0
2024-07-31,13:33:39.344.0,INFO,__main__,adjust_metadata.adjust_metadata:123,Exifread could not handle C:\Users\nedlecky\ACDSee\01Personal\2024\06France\2024-06-26(220).heic tag_year='0000000' tag_year_int=0
2024-07-31,13:33:39.344.0,INFO,__main__,adjust_metadata.adjust_metadata:123,Exifread could not handle C:\Users\nedlecky\ACDSee\01Personal\2024\06France\2024-06-26(221).heic tag_year='0000000' tag_year_int=0
2024-07-31,13:33:39.344.0,INFO,__main__,adjust_metadata.adjust_metadata:123,Exifread could not handle C:\Users\nedlecky\ACDSee\01Personal\2024\06France\2024-06-26(222).heic tag_year='0000000' tag_year_int=0
2024-07-31,13:33:39.346.0,INFO,__main__,adjust_metadata.adjust_metadata:123,Exifread could not handle C:\Users\nedlecky\ACDSee\01Personal\2024\06France\2024-06-26(223).heic tag_year='0000000' tag_year_int=0
2024-07-31,13:33:39.346.0,INFO,__main__,adjust_metadata.adjust_metadata:123,Exifread could not handle C:\Users\nedlecky\ACDSee\01Personal\2024\06France\2024-06-26(224).heic tag_year='0000000' tag_year_int=0
2024-07-31,13:33:39.346.0,INFO,__main__,adjust_metadata.adjust_metadata:123,Exifread could not handle C:\Users\nedlecky\ACDSee\01Personal\2024\06France\2024-06-26(225).heic tag_year='0000000' tag_year_int=0
2024-07-31,13:33:39.346.0,INFO,__main__,adjust_metadata.adjust_metadata:123,Exifread could not handle C:\Users\nedlecky\ACDSee\01Personal\2024\06France\2024-06-26(226).heic tag_year='0000000' tag_year_int=0
2024-07-31,13:33:39.346.0,INFO,__main__,adjust_metadata.adjust_metadata:123,Exifread could not handle C:\Users\nedlecky\ACDSee\01Personal\2024\06France\2024-06-26(227).heic tag_year='0000000' tag_year_int=0
2024-07-31,13:33:39.346.0,INFO,__main__,adjust_metadata.adjust_metadata:123,Exifread could not handle C:\Users\nedlecky\ACDSee\01Personal\2024\06France\2024-06-26(228).heic tag_year='0000000' tag_year_int=0
2024-07-31,13:33:39.346.0,INFO,__main__,adjust_metadata.adjust_metadata:123,Exifread could not handle C:\Users\nedlecky\ACDSee\01Personal\2024\06France\2024-06-26(229).heic tag_year='0000000' tag_year_int=0
2024-07-31,13:33:39.346.0,INFO,__main__,adjust_metadata.adjust_metadata:123,Exifread could not handle C:\Users\nedlecky\ACDSee\01Personal\2024\06France\2024-06-26(23).heic tag_year='0000000' tag_year_int=0
2024-07-31,13:33:39.346.0,INFO,__main__,adjust_metadata.adjust_metadata:123,Exifread could not handle C:\Users\nedlecky\ACDSee\01Personal\2024\06France\2024-06-26(230).heic tag_year='0000000' tag_year_int=0
2024-07-31,13:33:39.346.0,INFO,__main__,adjust_metadata.adjust_metadata:123,Exifread could not handle C:\Users\nedlecky\ACDSee\01Personal\2024\06France\2024-06-26(231).heic tag_year='0000000' tag_year_int=0
2024-07-31,13:33:39.346.0,INFO,__main__,adjust_metadata.adjust_metadata:123,Exifread could not handle C:\Users\nedlecky\ACDSee\01Personal\2024\06France\2024-06-26(232).heic tag_year='0000000' tag_year_int=0
2024-07-31,13:33:39.346.0,INFO,__main__,adjust_metadata.adjust_metadata:123,Exifread could not handle C:\Users\nedlecky\ACDSee\01Personal\2024\06France\2024-06-26(233).heic tag_year='0000000' tag_year_int=0
2024-07-31,13:33:39.346.0,INFO,__main__,adjust_metadata.adjust_metadata:123,Exifread could not handle C:\Users\nedlecky\ACDSee\01Personal\2024\06France\2024-06-26(234).heic tag_year='0000000' tag_year_int=0
2024-07-31,13:33:39.346.0,INFO,__main__,adjust_metadata.adjust_metadata:123,Exifread could not handle C:\Users\nedlecky\ACDSee\01Personal\2024\06France\2024-06-26(235).heic tag_year='0000000' tag_year_int=0
2024-07-31,13:33:39.347.0,INFO,__main__,adjust_metadata.adjust_metadata:123,Exifread could not handle C:\Users\nedlecky\ACDSee\01Personal\2024\06France\2024-06-26(236).heic tag_year='0000000' tag_year_int=0
2024-07-31,13:33:39.347.0,INFO,__main__,adjust_metadata.adjust_metadata:123,Exifread could not handle C:\Users\nedlecky\ACDSee\01Personal\2024\06France\2024-06-26(237).heic tag_year='0000000' tag_year_int=0
2024-07-31,13:33:39.347.0,INFO,__main__,adjust_metadata.adjust_metadata:123,Exifread could not handle C:\Users\nedlecky\ACDSee\01Personal\2024\06France\2024-06-26(238).heic tag_year='0000000' tag_year_int=0
2024-07-31,13:33:39.347.0,INFO,__main__,adjust_metadata.adjust_metadata:123,Exifread could not handle C:\Users\nedlecky\ACDSee\01Personal\2024\06France\2024-06-26(239).heic tag_year='0000000' tag_year_int=0
2024-07-31,13:33:39.347.0,INFO,__main__,adjust_metadata.adjust_metadata:123,Exifread could not handle C:\Users\nedlecky\ACDSee\01Personal\2024\06France\2024-06-26(24).heic tag_year='0000000' tag_year_int=0
2024-07-31,13:33:39.347.0,INFO,__main__,adjust_metadata.adjust_metadata:123,Exifread could not handle C:\Users\nedlecky\ACDSee\01Personal\2024\06France\2024-06-26(240).heic tag_year='0000000' tag_year_int=0
2024-07-31,13:33:39.347.0,INFO,__main__,adjust_metadata.adjust_metadata:123,Exifread could not handle C:\Users\nedlecky\ACDSee\01Personal\2024\06France\2024-06-26(241).heic tag_year='0000000' tag_year_int=0
2024-07-31,13:33:39.347.0,INFO,__main__,adjust_metadata.adjust_metadata:123,Exifread could not handle C:\Users\nedlecky\ACDSee\01Personal\2024\06France\2024-06-26(242).heic tag_year='0000000' tag_year_int=0
2024-07-31,13:33:39.347.0,INFO,__main__,adjust_metadata.adjust_metadata:123,Exifread could not handle C:\Users\nedlecky\ACDSee\01Personal\2024\06France\2024-06-26(243).heic tag_year='0000000' tag_year_int=0
2024-07-31,13:33:39.347.0,INFO,__main__,adjust_metadata.adjust_metadata:123,Exifread could not handle C:\Users\nedlecky\ACDSee\01Personal\2024\06France\2024-06-26(244).heic tag_year='0000000' tag_year_int=0
2024-07-31,13:33:39.347.0,INFO,__main__,adjust_metadata.adjust_metadata:123,Exifread could not handle C:\Users\nedlecky\ACDSee\01Personal\2024\06France\2024-06-26(245).heic tag_year='0000000' tag_year_int=0
2024-07-31,13:33:39.347.0,INFO,__main__,adjust_metadata.adjust_metadata:123,Exifread could not handle C:\Users\nedlecky\ACDSee\01Personal\2024\06France\2024-06-26(246).heic tag_year='0000000' tag_year_int=0
2024-07-31,13:33:39.348.0,INFO,__main__,adjust_metadata.adjust_metadata:123,Exifread could not handle C:\Users\nedlecky\ACDSee\01Personal\2024\06France\2024-06-26(247).heic tag_year='0000000' tag_year_int=0
2024-07-31,13:33:39.348.0,INFO,__main__,adjust_metadata.adjust_metadata:123,Exifread could not handle C:\Users\nedlecky\ACDSee\01Personal\2024\06France\2024-06-26(248).heic tag_year='0000000' tag_year_int=0
2024-07-31,13:33:39.348.0,INFO,__main__,adjust_metadata.adjust_metadata:123,Exifread could not handle C:\Users\nedlecky\ACDSee\01Personal\2024\06France\2024-06-26(249).heic tag_year='0000000' tag_year_int=0
2024-07-31,13:33:39.348.0,INFO,__main__,adjust_metadata.adjust_metadata:123,Exifread could not handle C:\Users\nedlecky\ACDSee\01Personal\2024\06France\2024-06-26(25).heic tag_year='0000000' tag_year_int=0
2024-07-31,13:33:39.348.0,INFO,__main__,adjust_metadata.adjust_metadata:123,Exifread could not handle C:\Users\nedlecky\ACDSee\01Personal\2024\06France\2024-06-26(250).heic tag_year='0000000' tag_year_int=0
2024-07-31,13:33:39.348.0,INFO,__main__,adjust_metadata.adjust_metadata:123,Exifread could not handle C:\Users\nedlecky\ACDSee\01Personal\2024\06France\2024-06-26(251).heic tag_year='0000000' tag_year_int=0
2024-07-31,13:33:39.348.0,INFO,__main__,adjust_metadata.adjust_metadata:123,Exifread could not handle C:\Users\nedlecky\ACDSee\01Personal\2024\06France\2024-06-26(252).heic tag_year='0000000' tag_year_int=0
2024-07-31,13:33:39.348.0,INFO,__main__,adjust_metadata.adjust_metadata:123,Exifread could not handle C:\Users\nedlecky\ACDSee\01Personal\2024\06France\2024-06-26(253).heic tag_year='0000000' tag_year_int=0
2024-07-31,13:33:39.348.0,INFO,__main__,adjust_metadata.adjust_metadata:123,Exifread could not handle C:\Users\nedlecky\ACDSee\01Personal\2024\06France\2024-06-26(254).heic tag_year='0000000' tag_year_int=0
2024-07-31,13:33:39.348.0,INFO,__main__,adjust_metadata.adjust_metadata:123,Exifread could not handle C:\Users\nedlecky\ACDSee\01Personal\2024\06France\2024-06-26(255).heic tag_year='0000000' tag_year_int=0
2024-07-31,13:33:39.348.0,INFO,__main__,adjust_metadata.adjust_metadata:123,Exifread could not handle C:\Users\nedlecky\ACDSee\01Personal\2024\06France\2024-06-26(256).heic tag_year='0000000' tag_year_int=0
2024-07-31,13:33:39.348.0,INFO,__main__,adjust_metadata.adjust_metadata:123,Exifread could not handle C:\Users\nedlecky\ACDSee\01Personal\2024\06France\2024-06-26(257).heic tag_year='0000000' tag_year_int=0
2024-07-31,13:33:39.349.0,INFO,__main__,adjust_metadata.adjust_metadata:123,Exifread could not handle C:\Users\nedlecky\ACDSee\01Personal\2024\06France\2024-06-26(258).heic tag_year='0000000' tag_year_int=0
2024-07-31,13:33:39.349.0,INFO,__main__,adjust_metadata.adjust_metadata:123,Exifread could not handle C:\Users\nedlecky\ACDSee\01Personal\2024\06France\2024-06-26(259).heic tag_year='0000000' tag_year_int=0
2024-07-31,13:33:39.349.0,INFO,__main__,adjust_metadata.adjust_metadata:123,Exifread could not handle C:\Users\nedlecky\ACDSee\01Personal\2024\06France\2024-06-26(26).heic tag_year='0000000' tag_year_int=0
2024-07-31,13:33:39.349.0,INFO,__main__,adjust_metadata.adjust_metadata:123,Exifread could not handle C:\Users\nedlecky\ACDSee\01Personal\2024\06France\2024-06-26(260).heic tag_year='0000000' tag_year_int=0
2024-07-31,13:33:39.349.0,INFO,__main__,adjust_metadata.adjust_metadata:123,Exifread could not handle C:\Users\nedlecky\ACDSee\01Personal\2024\06France\2024-06-26(261).heic tag_year='0000000' tag_year_int=0
2024-07-31,13:33:39.349.0,INFO,__main__,adjust_metadata.adjust_metadata:123,Exifread could not handle C:\Users\nedlecky\ACDSee\01Personal\2024\06France\2024-06-26(262).heic tag_year='0000000' tag_year_int=0
2024-07-31,13:33:39.349.0,INFO,__main__,adjust_metadata.adjust_metadata:123,Exifread could not handle C:\Users\nedlecky\ACDSee\01Personal\2024\06France\2024-06-26(263).heic tag_year='0000000' tag_year_int=0
2024-07-31,13:33:39.349.0,INFO,__main__,adjust_metadata.adjust_metadata:123,Exifread could not handle C:\Users\nedlecky\ACDSee\01Personal\2024\06France\2024-06-26(264).heic tag_year='0000000' tag_year_int=0
2024-07-31,13:33:39.349.0,INFO,__main__,adjust_metadata.adjust_metadata:123,Exifread could not handle C:\Users\nedlecky\ACDSee\01Personal\2024\06France\2024-06-26(265).heic tag_year='0000000' tag_year_int=0
2024-07-31,13:33:39.350.0,INFO,__main__,adjust_metadata.adjust_metadata:123,Exifread could not handle C:\Users\nedlecky\ACDSee\01Personal\2024\06France\2024-06-26(266).heic tag_year='0000000' tag_year_int=0
2024-07-31,13:33:39.350.0,INFO,__main__,adjust_metadata.adjust_metadata:123,Exifread could not handle C:\Users\nedlecky\ACDSee\01Personal\2024\06France\2024-06-26(267).heic tag_year='0000000' tag_year_int=0
2024-07-31,13:33:39.350.0,INFO,__main__,adjust_metadata.adjust_metadata:123,Exifread could not handle C:\Users\nedlecky\ACDSee\01Personal\2024\06France\2024-06-26(268).heic tag_year='0000000' tag_year_int=0
2024-07-31,13:33:39.350.0,INFO,__main__,adjust_metadata.adjust_metadata:123,Exifread could not handle C:\Users\nedlecky\ACDSee\01Personal\2024\06France\2024-06-26(269).heic tag_year='0000000' tag_year_int=0
2024-07-31,13:33:39.350.0,INFO,__main__,adjust_metadata.adjust_metadata:123,Exifread could not handle C:\Users\nedlecky\ACDSee\01Personal\2024\06France\2024-06-26(27).heic tag_year='0000000' tag_year_int=0
2024-07-31,13:33:39.350.0,INFO,__main__,adjust_metadata.adjust_metadata:123,Exifread could not handle C:\Users\nedlecky\ACDSee\01Personal\2024\06France\2024-06-26(270).heic tag_year='0000000' tag_year_int=0
2024-07-31,13:33:39.350.0,INFO,__main__,adjust_metadata.adjust_metadata:123,Exifread could not handle C:\Users\nedlecky\ACDSee\01Personal\2024\06France\2024-06-26(271).heic tag_year='0000000' tag_year_int=0
2024-07-31,13:33:39.350.0,INFO,__main__,adjust_metadata.adjust_metadata:123,Exifread could not handle C:\Users\nedlecky\ACDSee\01Personal\2024\06France\2024-06-26(272).heic tag_year='0000000' tag_year_int=0
2024-07-31,13:33:39.351.0,INFO,__main__,adjust_metadata.adjust_metadata:123,Exifread could not handle C:\Users\nedlecky\ACDSee\01Personal\2024\06France\2024-06-26(273).heic tag_year='0000000' tag_year_int=0
2024-07-31,13:33:39.351.0,INFO,__main__,adjust_metadata.adjust_metadata:123,Exifread could not handle C:\Users\nedlecky\ACDSee\01Personal\2024\06France\2024-06-26(274).heic tag_year='0000000' tag_year_int=0
2024-07-31,13:33:39.351.0,INFO,__main__,adjust_metadata.adjust_metadata:123,Exifread could not handle C:\Users\nedlecky\ACDSee\01Personal\2024\06France\2024-06-26(275).heic tag_year='0000000' tag_year_int=0
2024-07-31,13:33:39.351.0,INFO,__main__,adjust_metadata.adjust_metadata:123,Exifread could not handle C:\Users\nedlecky\ACDSee\01Personal\2024\06France\2024-06-26(276).heic tag_year='0000000' tag_year_int=0
2024-07-31,13:33:39.351.0,INFO,__main__,adjust_metadata.adjust_metadata:123,Exifread could not handle C:\Users\nedlecky\ACDSee\01Personal\2024\06France\2024-06-26(277).heic tag_year='0000000' tag_year_int=0
2024-07-31,13:33:39.351.0,INFO,__main__,adjust_metadata.adjust_metadata:123,Exifread could not handle C:\Users\nedlecky\ACDSee\01Personal\2024\06France\2024-06-26(278).heic tag_year='0000000' tag_year_int=0
2024-07-31,13:33:39.351.0,INFO,__main__,adjust_metadata.adjust_metadata:123,Exifread could not handle C:\Users\nedlecky\ACDSee\01Personal\2024\06France\2024-06-26(279).heic tag_year='0000000' tag_year_int=0
2024-07-31,13:33:39.351.0,INFO,__main__,adjust_metadata.adjust_metadata:123,Exifread could not handle C:\Users\nedlecky\ACDSee\01Personal\2024\06France\2024-06-26(28).heic tag_year='0000000' tag_year_int=0
2024-07-31,13:33:39.351.0,INFO,__main__,adjust_metadata.adjust_metadata:123,Exifread could not handle C:\Users\nedlecky\ACDSee\01Personal\2024\06France\2024-06-26(280).heic tag_year='0000000' tag_year_int=0
2024-07-31,13:33:39.352.0,INFO,__main__,adjust_metadata.adjust_metadata:123,Exifread could not handle C:\Users\nedlecky\ACDSee\01Personal\2024\06France\2024-06-26(281).heic tag_year='0000000' tag_year_int=0
2024-07-31,13:33:39.352.0,INFO,__main__,adjust_metadata.adjust_metadata:123,Exifread could not handle C:\Users\nedlecky\ACDSee\01Personal\2024\06France\2024-06-26(282).heic tag_year='0000000' tag_year_int=0
2024-07-31,13:33:39.352.0,INFO,__main__,adjust_metadata.adjust_metadata:123,Exifread could not handle C:\Users\nedlecky\ACDSee\01Personal\2024\06France\2024-06-26(283).heic tag_year='0000000' tag_year_int=0
2024-07-31,13:33:39.352.0,INFO,__main__,adjust_metadata.adjust_metadata:123,Exifread could not handle C:\Users\nedlecky\ACDSee\01Personal\2024\06France\2024-06-26(284).heic tag_year='0000000' tag_year_int=0
2024-07-31,13:33:39.352.0,INFO,__main__,adjust_metadata.adjust_metadata:123,Exifread could not handle C:\Users\nedlecky\ACDSee\01Personal\2024\06France\2024-06-26(285).heic tag_year='0000000' tag_year_int=0
2024-07-31,13:33:39.352.0,INFO,__main__,adjust_metadata.adjust_metadata:123,Exifread could not handle C:\Users\nedlecky\ACDSee\01Personal\2024\06France\2024-06-26(286).heic tag_year='0000000' tag_year_int=0
2024-07-31,13:33:39.352.0,INFO,__main__,adjust_metadata.adjust_metadata:123,Exifread could not handle C:\Users\nedlecky\ACDSee\01Personal\2024\06France\2024-06-26(287).heic tag_year='0000000' tag_year_int=0
2024-07-31,13:33:39.352.0,INFO,__main__,adjust_metadata.adjust_metadata:123,Exifread could not handle C:\Users\nedlecky\ACDSee\01Personal\2024\06France\2024-06-26(288).heic tag_year='0000000' tag_year_int=0
2024-07-31,13:33:39.352.0,INFO,__main__,adjust_metadata.adjust_metadata:123,Exifread could not handle C:\Users\nedlecky\ACDSee\01Personal\2024\06France\2024-06-26(289).heic tag_year='0000000' tag_year_int=0
2024-07-31,13:33:39.353.0,INFO,__main__,adjust_metadata.adjust_metadata:123,Exifread could not handle C:\Users\nedlecky\ACDSee\01Personal\2024\06France\2024-06-26(29).heic tag_year='0000000' tag_year_int=0
2024-07-31,13:33:39.353.0,INFO,__main__,adjust_metadata.adjust_metadata:123,Exifread could not handle C:\Users\nedlecky\ACDSee\01Personal\2024\06France\2024-06-26(290).heic tag_year='0000000' tag_year_int=0
2024-07-31,13:33:39.353.0,INFO,__main__,adjust_metadata.adjust_metadata:123,Exifread could not handle C:\Users\nedlecky\ACDSee\01Personal\2024\06France\2024-06-26(291).heic tag_year='0000000' tag_year_int=0
2024-07-31,13:33:39.353.0,INFO,__main__,adjust_metadata.adjust_metadata:123,Exifread could not handle C:\Users\nedlecky\ACDSee\01Personal\2024\06France\2024-06-26(292).heic tag_year='0000000' tag_year_int=0
2024-07-31,13:33:39.353.0,INFO,__main__,adjust_metadata.adjust_metadata:123,Exifread could not handle C:\Users\nedlecky\ACDSee\01Personal\2024\06France\2024-06-26(293).heic tag_year='0000000' tag_year_int=0
2024-07-31,13:33:39.353.0,INFO,__main__,adjust_metadata.adjust_metadata:123,Exifread could not handle C:\Users\nedlecky\ACDSee\01Personal\2024\06France\2024-06-26(294).heic tag_year='0000000' tag_year_int=0
2024-07-31,13:33:39.353.0,INFO,__main__,adjust_metadata.adjust_metadata:123,Exifread could not handle C:\Users\nedlecky\ACDSee\01Personal\2024\06France\2024-06-26(295).heic tag_year='0000000' tag_year_int=0
2024-07-31,13:33:39.353.0,INFO,__main__,adjust_metadata.adjust_metadata:123,Exifread could not handle C:\Users\nedlecky\ACDSee\01Personal\2024\06France\2024-06-26(296).heic tag_year='0000000' tag_year_int=0
2024-07-31,13:33:39.353.0,INFO,__main__,adjust_metadata.adjust_metadata:123,Exifread could not handle C:\Users\nedlecky\ACDSee\01Personal\2024\06France\2024-06-26(297).heic tag_year='0000000' tag_year_int=0
2024-07-31,13:33:39.353.0,INFO,__main__,adjust_metadata.adjust_metadata:123,Exifread could not handle C:\Users\nedlecky\ACDSee\01Personal\2024\06France\2024-06-26(298).heic tag_year='0000000' tag_year_int=0
2024-07-31,13:33:39.353.0,INFO,__main__,adjust_metadata.adjust_metadata:123,Exifread could not handle C:\Users\nedlecky\ACDSee\01Personal\2024\06France\2024-06-26(299).heic tag_year='0000000' tag_year_int=0
2024-07-31,13:33:39.353.0,INFO,__main__,adjust_metadata.adjust_metadata:123,Exifread could not handle C:\Users\nedlecky\ACDSee\01Personal\2024\06France\2024-06-26(30).heic tag_year='0000000' tag_year_int=0
2024-07-31,13:33:39.356.0,INFO,__main__,adjust_metadata.adjust_metadata:123,Exifread could not handle C:\Users\nedlecky\ACDSee\01Personal\2024\06France\2024-06-26(300).heic tag_year='0000000' tag_year_int=0
2024-07-31,13:33:39.356.0,INFO,__main__,adjust_metadata.adjust_metadata:123,Exifread could not handle C:\Users\nedlecky\ACDSee\01Personal\2024\06France\2024-06-26(301).heic tag_year='0000000' tag_year_int=0
2024-07-31,13:33:39.356.0,INFO,__main__,adjust_metadata.adjust_metadata:123,Exifread could not handle C:\Users\nedlecky\ACDSee\01Personal\2024\06France\2024-06-26(302).heic tag_year='0000000' tag_year_int=0
2024-07-31,13:33:39.356.0,INFO,__main__,adjust_metadata.adjust_metadata:123,Exifread could not handle C:\Users\nedlecky\ACDSee\01Personal\2024\06France\2024-06-26(303).heic tag_year='0000000' tag_year_int=0
2024-07-31,13:33:39.356.0,INFO,__main__,adjust_metadata.adjust_metadata:123,Exifread could not handle C:\Users\nedlecky\ACDSee\01Personal\2024\06France\2024-06-26(304).heic tag_year='0000000' tag_year_int=0
2024-07-31,13:33:39.356.0,INFO,__main__,adjust_metadata.adjust_metadata:123,Exifread could not handle C:\Users\nedlecky\ACDSee\01Personal\2024\06France\2024-06-26(305).heic tag_year='0000000' tag_year_int=0
2024-07-31,13:33:39.357.0,INFO,__main__,adjust_metadata.adjust_metadata:123,Exifread could not handle C:\Users\nedlecky\ACDSee\01Personal\2024\06France\2024-06-26(306).heic tag_year='0000000' tag_year_int=0
2024-07-31,13:33:39.357.0,INFO,__main__,adjust_metadata.adjust_metadata:123,Exifread could not handle C:\Users\nedlecky\ACDSee\01Personal\2024\06France\2024-06-26(307).heic tag_year='0000000' tag_year_int=0
2024-07-31,13:33:39.357.0,INFO,__main__,adjust_metadata.adjust_metadata:123,Exifread could not handle C:\Users\nedlecky\ACDSee\01Personal\2024\06France\2024-06-26(308).heic tag_year='0000000' tag_year_int=0
2024-07-31,13:33:39.357.0,INFO,__main__,adjust_metadata.adjust_metadata:123,Exifread could not handle C:\Users\nedlecky\ACDSee\01Personal\2024\06France\2024-06-26(309).heic tag_year='0000000' tag_year_int=0
2024-07-31,13:33:39.357.0,INFO,__main__,adjust_metadata.adjust_metadata:123,Exifread could not handle C:\Users\nedlecky\ACDSee\01Personal\2024\06France\2024-06-26(31).heic tag_year='0000000' tag_year_int=0
2024-07-31,13:33:39.357.0,INFO,__main__,adjust_metadata.adjust_metadata:123,Exifread could not handle C:\Users\nedlecky\ACDSee\01Personal\2024\06France\2024-06-26(310).heic tag_year='0000000' tag_year_int=0
2024-07-31,13:33:39.357.0,INFO,__main__,adjust_metadata.adjust_metadata:123,Exifread could not handle C:\Users\nedlecky\ACDSee\01Personal\2024\06France\2024-06-26(311).heic tag_year='0000000' tag_year_int=0
2024-07-31,13:33:39.357.0,INFO,__main__,adjust_metadata.adjust_metadata:123,Exifread could not handle C:\Users\nedlecky\ACDSee\01Personal\2024\06France\2024-06-26(312).heic tag_year='0000000' tag_year_int=0
2024-07-31,13:33:39.357.0,INFO,__main__,adjust_metadata.adjust_metadata:123,Exifread could not handle C:\Users\nedlecky\ACDSee\01Personal\2024\06France\2024-06-26(313).heic tag_year='0000000' tag_year_int=0
2024-07-31,13:33:39.358.0,INFO,__main__,adjust_metadata.adjust_metadata:123,Exifread could not handle C:\Users\nedlecky\ACDSee\01Personal\2024\06France\2024-06-26(314).heic tag_year='0000000' tag_year_int=0
2024-07-31,13:33:39.358.0,INFO,__main__,adjust_metadata.adjust_metadata:123,Exifread could not handle C:\Users\nedlecky\ACDSee\01Personal\2024\06France\2024-06-26(315).heic tag_year='0000000' tag_year_int=0
2024-07-31,13:33:39.358.0,INFO,__main__,adjust_metadata.adjust_metadata:123,Exifread could not handle C:\Users\nedlecky\ACDSee\01Personal\2024\06France\2024-06-26(316).heic tag_year='0000000' tag_year_int=0
2024-07-31,13:33:39.358.0,INFO,__main__,adjust_metadata.adjust_metadata:123,Exifread could not handle C:\Users\nedlecky\ACDSee\01Personal\2024\06France\2024-06-26(317).heic tag_year='0000000' tag_year_int=0
2024-07-31,13:33:39.358.0,INFO,__main__,adjust_metadata.adjust_metadata:123,Exifread could not handle C:\Users\nedlecky\ACDSee\01Personal\2024\06France\2024-06-26(318).heic tag_year='0000000' tag_year_int=0
2024-07-31,13:33:39.358.0,INFO,__main__,adjust_metadata.adjust_metadata:123,Exifread could not handle C:\Users\nedlecky\ACDSee\01Personal\2024\06France\2024-06-26(319).heic tag_year='0000000' tag_year_int=0
2024-07-31,13:33:39.358.0,INFO,__main__,adjust_metadata.adjust_metadata:123,Exifread could not handle C:\Users\nedlecky\ACDSee\01Personal\2024\06France\2024-06-26(32).heic tag_year='0000000' tag_year_int=0
2024-07-31,13:33:39.358.0,INFO,__main__,adjust_metadata.adjust_metadata:123,Exifread could not handle C:\Users\nedlecky\ACDSee\01Personal\2024\06France\2024-06-26(320).heic tag_year='0000000' tag_year_int=0
2024-07-31,13:33:39.358.0,INFO,__main__,adjust_metadata.adjust_metadata:123,Exifread could not handle C:\Users\nedlecky\ACDSee\01Personal\2024\06France\2024-06-26(321).heic tag_year='0000000' tag_year_int=0
2024-07-31,13:33:39.358.0,INFO,__main__,adjust_metadata.adjust_metadata:123,Exifread could not handle C:\Users\nedlecky\ACDSee\01Personal\2024\06France\2024-06-26(322).heic tag_year='0000000' tag_year_int=0
2024-07-31,13:33:39.358.0,INFO,__main__,adjust_metadata.adjust_metadata:123,Exifread could not handle C:\Users\nedlecky\ACDSee\01Personal\2024\06France\2024-06-26(323).heic tag_year='0000000' tag_year_int=0
2024-07-31,13:33:39.358.0,INFO,__main__,adjust_metadata.adjust_metadata:123,Exifread could not handle C:\Users\nedlecky\ACDSee\01Personal\2024\06France\2024-06-26(324).heic tag_year='0000000' tag_year_int=0
2024-07-31,13:33:39.358.0,INFO,__main__,adjust_metadata.adjust_metadata:123,Exifread could not handle C:\Users\nedlecky\ACDSee\01Personal\2024\06France\2024-06-26(325).heic tag_year='0000000' tag_year_int=0
2024-07-31,13:33:39.358.0,INFO,__main__,adjust_metadata.adjust_metadata:123,Exifread could not handle C:\Users\nedlecky\ACDSee\01Personal\2024\06France\2024-06-26(326).heic tag_year='0000000' tag_year_int=0
2024-07-31,13:33:39.359.0,INFO,__main__,adjust_metadata.adjust_metadata:123,Exifread could not handle C:\Users\nedlecky\ACDSee\01Personal\2024\06France\2024-06-26(327).heic tag_year='0000000' tag_year_int=0
2024-07-31,13:33:39.359.0,INFO,__main__,adjust_metadata.adjust_metadata:123,Exifread could not handle C:\Users\nedlecky\ACDSee\01Personal\2024\06France\2024-06-26(328).heic tag_year='0000000' tag_year_int=0
2024-07-31,13:33:39.359.0,INFO,__main__,adjust_metadata.adjust_metadata:123,Exifread could not handle C:\Users\nedlecky\ACDSee\01Personal\2024\06France\2024-06-26(329).heic tag_year='0000000' tag_year_int=0
2024-07-31,13:33:39.359.0,INFO,__main__,adjust_metadata.adjust_metadata:123,Exifread could not handle C:\Users\nedlecky\ACDSee\01Personal\2024\06France\2024-06-26(33).heic tag_year='0000000' tag_year_int=0
2024-07-31,13:33:39.359.0,INFO,__main__,adjust_metadata.adjust_metadata:123,Exifread could not handle C:\Users\nedlecky\ACDSee\01Personal\2024\06France\2024-06-26(330).heic tag_year='0000000' tag_year_int=0
2024-07-31,13:33:39.359.0,INFO,__main__,adjust_metadata.adjust_metadata:123,Exifread could not handle C:\Users\nedlecky\ACDSee\01Personal\2024\06France\2024-06-26(331).heic tag_year='0000000' tag_year_int=0
2024-07-31,13:33:39.359.0,INFO,__main__,adjust_metadata.adjust_metadata:123,Exifread could not handle C:\Users\nedlecky\ACDSee\01Personal\2024\06France\2024-06-26(332).heic tag_year='0000000' tag_year_int=0
2024-07-31,13:33:39.359.0,INFO,__main__,adjust_metadata.adjust_metadata:123,Exifread could not handle C:\Users\nedlecky\ACDSee\01Personal\2024\06France\2024-06-26(333).heic tag_year='0000000' tag_year_int=0
2024-07-31,13:33:39.359.0,INFO,__main__,adjust_metadata.adjust_metadata:123,Exifread could not handle C:\Users\nedlecky\ACDSee\01Personal\2024\06France\2024-06-26(334).heic tag_year='0000000' tag_year_int=0
2024-07-31,13:33:39.359.0,INFO,__main__,adjust_metadata.adjust_metadata:123,Exifread could not handle C:\Users\nedlecky\ACDSee\01Personal\2024\06France\2024-06-26(335).heic tag_year='0000000' tag_year_int=0
2024-07-31,13:33:39.359.0,INFO,__main__,adjust_metadata.adjust_metadata:123,Exifread could not handle C:\Users\nedlecky\ACDSee\01Personal\2024\06France\2024-06-26(336).heic tag_year='0000000' tag_year_int=0
2024-07-31,13:33:39.359.0,INFO,__main__,adjust_metadata.adjust_metadata:123,Exifread could not handle C:\Users\nedlecky\ACDSee\01Personal\2024\06France\2024-06-26(337).heic tag_year='0000000' tag_year_int=0
2024-07-31,13:33:39.360.0,INFO,__main__,adjust_metadata.adjust_metadata:123,Exifread could not handle C:\Users\nedlecky\ACDSee\01Personal\2024\06France\2024-06-26(338).heic tag_year='0000000' tag_year_int=0
2024-07-31,13:33:39.360.0,INFO,__main__,adjust_metadata.adjust_metadata:123,Exifread could not handle C:\Users\nedlecky\ACDSee\01Personal\2024\06France\2024-06-26(339).heic tag_year='0000000' tag_year_int=0
2024-07-31,13:33:39.360.0,INFO,__main__,adjust_metadata.adjust_metadata:123,Exifread could not handle C:\Users\nedlecky\ACDSee\01Personal\2024\06France\2024-06-26(34).heic tag_year='0000000' tag_year_int=0
2024-07-31,13:33:39.360.0,INFO,__main__,adjust_metadata.adjust_metadata:123,Exifread could not handle C:\Users\nedlecky\ACDSee\01Personal\2024\06France\2024-06-26(340).heic tag_year='0000000' tag_year_int=0
2024-07-31,13:33:39.360.0,INFO,__main__,adjust_metadata.adjust_metadata:123,Exifread could not handle C:\Users\nedlecky\ACDSee\01Personal\2024\06France\2024-06-26(341).heic tag_year='0000000' tag_year_int=0
2024-07-31,13:33:39.360.0,INFO,__main__,adjust_metadata.adjust_metadata:123,Exifread could not handle C:\Users\nedlecky\ACDSee\01Personal\2024\06France\2024-06-26(342).heic tag_year='0000000' tag_year_int=0
2024-07-31,13:33:39.360.0,INFO,__main__,adjust_metadata.adjust_metadata:123,Exifread could not handle C:\Users\nedlecky\ACDSee\01Personal\2024\06France\2024-06-26(343).heic tag_year='0000000' tag_year_int=0
2024-07-31,13:33:39.360.0,INFO,__main__,adjust_metadata.adjust_metadata:123,Exifread could not handle C:\Users\nedlecky\ACDSee\01Personal\2024\06France\2024-06-26(344).heic tag_year='0000000' tag_year_int=0
2024-07-31,13:33:39.360.0,INFO,__main__,adjust_metadata.adjust_metadata:123,Exifread could not handle C:\Users\nedlecky\ACDSee\01Personal\2024\06France\2024-06-26(345).heic tag_year='0000000' tag_year_int=0
2024-07-31,13:33:39.360.0,INFO,__main__,adjust_metadata.adjust_metadata:123,Exifread could not handle C:\Users\nedlecky\ACDSee\01Personal\2024\06France\2024-06-26(346).heic tag_year='0000000' tag_year_int=0
2024-07-31,13:33:39.361.0,INFO,__main__,adjust_metadata.adjust_metadata:123,Exifread could not handle C:\Users\nedlecky\ACDSee\01Personal\2024\06France\2024-06-26(347).heic tag_year='0000000' tag_year_int=0
2024-07-31,13:33:39.361.0,INFO,__main__,adjust_metadata.adjust_metadata:123,Exifread could not handle C:\Users\nedlecky\ACDSee\01Personal\2024\06France\2024-06-26(348).heic tag_year='0000000' tag_year_int=0
2024-07-31,13:33:39.361.0,INFO,__main__,adjust_metadata.adjust_metadata:123,Exifread could not handle C:\Users\nedlecky\ACDSee\01Personal\2024\06France\2024-06-26(349).heic tag_year='0000000' tag_year_int=0
2024-07-31,13:33:39.361.0,INFO,__main__,adjust_metadata.adjust_metadata:123,Exifread could not handle C:\Users\nedlecky\ACDSee\01Personal\2024\06France\2024-06-26(35).heic tag_year='0000000' tag_year_int=0
2024-07-31,13:33:39.361.0,INFO,__main__,adjust_metadata.adjust_metadata:123,Exifread could not handle C:\Users\nedlecky\ACDSee\01Personal\2024\06France\2024-06-26(350).heic tag_year='0000000' tag_year_int=0
2024-07-31,13:33:39.361.0,INFO,__main__,adjust_metadata.adjust_metadata:123,Exifread could not handle C:\Users\nedlecky\ACDSee\01Personal\2024\06France\2024-06-26(351).heic tag_year='0000000' tag_year_int=0
2024-07-31,13:33:39.361.0,INFO,__main__,adjust_metadata.adjust_metadata:123,Exifread could not handle C:\Users\nedlecky\ACDSee\01Personal\2024\06France\2024-06-26(352).heic tag_year='0000000' tag_year_int=0
2024-07-31,13:33:39.361.0,INFO,__main__,adjust_metadata.adjust_metadata:123,Exifread could not handle C:\Users\nedlecky\ACDSee\01Personal\2024\06France\2024-06-26(353).heic tag_year='0000000' tag_year_int=0
2024-07-31,13:33:39.362.0,INFO,__main__,adjust_metadata.adjust_metadata:123,Exifread could not handle C:\Users\nedlecky\ACDSee\01Personal\2024\06France\2024-06-26(354).heic tag_year='0000000' tag_year_int=0
2024-07-31,13:33:39.362.0,INFO,__main__,adjust_metadata.adjust_metadata:123,Exifread could not handle C:\Users\nedlecky\ACDSee\01Personal\2024\06France\2024-06-26(355).heic tag_year='0000000' tag_year_int=0
2024-07-31,13:33:39.362.0,INFO,__main__,adjust_metadata.adjust_metadata:123,Exifread could not handle C:\Users\nedlecky\ACDSee\01Personal\2024\06France\2024-06-26(356).heic tag_year='0000000' tag_year_int=0
2024-07-31,13:33:39.362.0,INFO,__main__,adjust_metadata.adjust_metadata:123,Exifread could not handle C:\Users\nedlecky\ACDSee\01Personal\2024\06France\2024-06-26(357).heic tag_year='0000000' tag_year_int=0
2024-07-31,13:33:39.362.0,INFO,__main__,adjust_metadata.adjust_metadata:123,Exifread could not handle C:\Users\nedlecky\ACDSee\01Personal\2024\06France\2024-06-26(358).heic tag_year='0000000' tag_year_int=0
2024-07-31,13:33:39.362.0,INFO,__main__,adjust_metadata.adjust_metadata:123,Exifread could not handle C:\Users\nedlecky\ACDSee\01Personal\2024\06France\2024-06-26(359).heic tag_year='0000000' tag_year_int=0
2024-07-31,13:33:39.362.0,INFO,__main__,adjust_metadata.adjust_metadata:123,Exifread could not handle C:\Users\nedlecky\ACDSee\01Personal\2024\06France\2024-06-26(36).heic tag_year='0000000' tag_year_int=0
2024-07-31,13:33:39.362.0,INFO,__main__,adjust_metadata.adjust_metadata:123,Exifread could not handle C:\Users\nedlecky\ACDSee\01Personal\2024\06France\2024-06-26(360).heic tag_year='0000000' tag_year_int=0
2024-07-31,13:33:39.362.0,INFO,__main__,adjust_metadata.adjust_metadata:123,Exifread could not handle C:\Users\nedlecky\ACDSee\01Personal\2024\06France\2024-06-26(361).heic tag_year='0000000' tag_year_int=0
2024-07-31,13:33:39.362.0,INFO,__main__,adjust_metadata.adjust_metadata:123,Exifread could not handle C:\Users\nedlecky\ACDSee\01Personal\2024\06France\2024-06-26(362).heic tag_year='0000000' tag_year_int=0
2024-07-31,13:33:39.362.0,INFO,__main__,adjust_metadata.adjust_metadata:123,Exifread could not handle C:\Users\nedlecky\ACDSee\01Personal\2024\06France\2024-06-26(363).heic tag_year='0000000' tag_year_int=0
2024-07-31,13:33:39.362.0,INFO,__main__,adjust_metadata.adjust_metadata:123,Exifread could not handle C:\Users\nedlecky\ACDSee\01Personal\2024\06France\2024-06-26(364).heic tag_year='0000000' tag_year_int=0
2024-07-31,13:33:39.363.0,INFO,__main__,adjust_metadata.adjust_metadata:123,Exifread could not handle C:\Users\nedlecky\ACDSee\01Personal\2024\06France\2024-06-26(365).heic tag_year='0000000' tag_year_int=0
2024-07-31,13:33:39.363.0,INFO,__main__,adjust_metadata.adjust_metadata:123,Exifread could not handle C:\Users\nedlecky\ACDSee\01Personal\2024\06France\2024-06-26(366).heic tag_year='0000000' tag_year_int=0
2024-07-31,13:33:39.363.0,INFO,__main__,adjust_metadata.adjust_metadata:123,Exifread could not handle C:\Users\nedlecky\ACDSee\01Personal\2024\06France\2024-06-26(367).heic tag_year='0000000' tag_year_int=0
2024-07-31,13:33:39.363.0,INFO,__main__,adjust_metadata.adjust_metadata:123,Exifread could not handle C:\Users\nedlecky\ACDSee\01Personal\2024\06France\2024-06-26(368).heic tag_year='0000000' tag_year_int=0
2024-07-31,13:33:39.363.0,INFO,__main__,adjust_metadata.adjust_metadata:123,Exifread could not handle C:\Users\nedlecky\ACDSee\01Personal\2024\06France\2024-06-26(369).heic tag_year='0000000' tag_year_int=0
2024-07-31,13:33:39.363.0,INFO,__main__,adjust_metadata.adjust_metadata:123,Exifread could not handle C:\Users\nedlecky\ACDSee\01Personal\2024\06France\2024-06-26(37).heic tag_year='0000000' tag_year_int=0
2024-07-31,13:33:39.363.0,INFO,__main__,adjust_metadata.adjust_metadata:123,Exifread could not handle C:\Users\nedlecky\ACDSee\01Personal\2024\06France\2024-06-26(370).heic tag_year='0000000' tag_year_int=0
2024-07-31,13:33:39.363.0,INFO,__main__,adjust_metadata.adjust_metadata:123,Exifread could not handle C:\Users\nedlecky\ACDSee\01Personal\2024\06France\2024-06-26(371).heic tag_year='0000000' tag_year_int=0
2024-07-31,13:33:39.363.0,INFO,__main__,adjust_metadata.adjust_metadata:123,Exifread could not handle C:\Users\nedlecky\ACDSee\01Personal\2024\06France\2024-06-26(372).heic tag_year='0000000' tag_year_int=0
2024-07-31,13:33:39.363.0,INFO,__main__,adjust_metadata.adjust_metadata:123,Exifread could not handle C:\Users\nedlecky\ACDSee\01Personal\2024\06France\2024-06-26(373).heic tag_year='0000000' tag_year_int=0
2024-07-31,13:33:39.363.0,INFO,__main__,adjust_metadata.adjust_metadata:123,Exifread could not handle C:\Users\nedlecky\ACDSee\01Personal\2024\06France\2024-06-26(374).heic tag_year='0000000' tag_year_int=0
2024-07-31,13:33:39.363.0,INFO,__main__,adjust_metadata.adjust_metadata:123,Exifread could not handle C:\Users\nedlecky\ACDSee\01Personal\2024\06France\2024-06-26(375).heic tag_year='0000000' tag_year_int=0
2024-07-31,13:33:39.364.0,INFO,__main__,adjust_metadata.adjust_metadata:123,Exifread could not handle C:\Users\nedlecky\ACDSee\01Personal\2024\06France\2024-06-26(376).heic tag_year='0000000' tag_year_int=0
2024-07-31,13:33:39.364.0,INFO,__main__,adjust_metadata.adjust_metadata:123,Exifread could not handle C:\Users\nedlecky\ACDSee\01Personal\2024\06France\2024-06-26(377).heic tag_year='0000000' tag_year_int=0
2024-07-31,13:33:39.364.0,INFO,__main__,adjust_metadata.adjust_metadata:123,Exifread could not handle C:\Users\nedlecky\ACDSee\01Personal\2024\06France\2024-06-26(378).heic tag_year='0000000' tag_year_int=0
2024-07-31,13:33:39.364.0,INFO,__main__,adjust_metadata.adjust_metadata:123,Exifread could not handle C:\Users\nedlecky\ACDSee\01Personal\2024\06France\2024-06-26(379).heic tag_year='0000000' tag_year_int=0
2024-07-31,13:33:39.364.0,INFO,__main__,adjust_metadata.adjust_metadata:123,Exifread could not handle C:\Users\nedlecky\ACDSee\01Personal\2024\06France\2024-06-26(38).heic tag_year='0000000' tag_year_int=0
2024-07-31,13:33:39.364.0,INFO,__main__,adjust_metadata.adjust_metadata:123,Exifread could not handle C:\Users\nedlecky\ACDSee\01Personal\2024\06France\2024-06-26(380).heic tag_year='0000000' tag_year_int=0
2024-07-31,13:33:39.364.0,INFO,__main__,adjust_metadata.adjust_metadata:123,Exifread could not handle C:\Users\nedlecky\ACDSee\01Personal\2024\06France\2024-06-26(381).heic tag_year='0000000' tag_year_int=0
2024-07-31,13:33:39.364.0,INFO,__main__,adjust_metadata.adjust_metadata:123,Exifread could not handle C:\Users\nedlecky\ACDSee\01Personal\2024\06France\2024-06-26(382).heic tag_year='0000000' tag_year_int=0
2024-07-31,13:33:39.364.0,INFO,__main__,adjust_metadata.adjust_metadata:123,Exifread could not handle C:\Users\nedlecky\ACDSee\01Personal\2024\06France\2024-06-26(383).heic tag_year='0000000' tag_year_int=0
2024-07-31,13:33:39.364.0,INFO,__main__,adjust_metadata.adjust_metadata:123,Exifread could not handle C:\Users\nedlecky\ACDSee\01Personal\2024\06France\2024-06-26(384).heic tag_year='0000000' tag_year_int=0
2024-07-31,13:33:39.364.0,INFO,__main__,adjust_metadata.adjust_metadata:123,Exifread could not handle C:\Users\nedlecky\ACDSee\01Personal\2024\06France\2024-06-26(385).heic tag_year='0000000' tag_year_int=0
2024-07-31,13:33:39.364.0,INFO,__main__,adjust_metadata.adjust_metadata:123,Exifread could not handle C:\Users\nedlecky\ACDSee\01Personal\2024\06France\2024-06-26(386).heic tag_year='0000000' tag_year_int=0
2024-07-31,13:33:39.364.0,INFO,__main__,adjust_metadata.adjust_metadata:123,Exifread could not handle C:\Users\nedlecky\ACDSee\01Personal\2024\06France\2024-06-26(387).heic tag_year='0000000' tag_year_int=0
2024-07-31,13:33:39.365.0,INFO,__main__,adjust_metadata.adjust_metadata:123,Exifread could not handle C:\Users\nedlecky\ACDSee\01Personal\2024\06France\2024-06-26(388).heic tag_year='0000000' tag_year_int=0
2024-07-31,13:33:39.365.0,INFO,__main__,adjust_metadata.adjust_metadata:123,Exifread could not handle C:\Users\nedlecky\ACDSee\01Personal\2024\06France\2024-06-26(389).heic tag_year='0000000' tag_year_int=0
2024-07-31,13:33:39.365.0,INFO,__main__,adjust_metadata.adjust_metadata:123,Exifread could not handle C:\Users\nedlecky\ACDSee\01Personal\2024\06France\2024-06-26(39).heic tag_year='0000000' tag_year_int=0
2024-07-31,13:33:39.365.0,INFO,__main__,adjust_metadata.adjust_metadata:123,Exifread could not handle C:\Users\nedlecky\ACDSee\01Personal\2024\06France\2024-06-26(390).heic tag_year='0000000' tag_year_int=0
2024-07-31,13:33:39.365.0,INFO,__main__,adjust_metadata.adjust_metadata:123,Exifread could not handle C:\Users\nedlecky\ACDSee\01Personal\2024\06France\2024-06-26(391).heic tag_year='0000000' tag_year_int=0
2024-07-31,13:33:39.365.0,INFO,__main__,adjust_metadata.adjust_metadata:123,Exifread could not handle C:\Users\nedlecky\ACDSee\01Personal\2024\06France\2024-06-26(392).heic tag_year='0000000' tag_year_int=0
2024-07-31,13:33:39.365.0,INFO,__main__,adjust_metadata.adjust_metadata:123,Exifread could not handle C:\Users\nedlecky\ACDSee\01Personal\2024\06France\2024-06-26(393).heic tag_year='0000000' tag_year_int=0
2024-07-31,13:33:39.365.0,INFO,__main__,adjust_metadata.adjust_metadata:123,Exifread could not handle C:\Users\nedlecky\ACDSee\01Personal\2024\06France\2024-06-26(394).heic tag_year='0000000' tag_year_int=0
2024-07-31,13:33:39.365.0,INFO,__main__,adjust_metadata.adjust_metadata:123,Exifread could not handle C:\Users\nedlecky\ACDSee\01Personal\2024\06France\2024-06-26(395).heic tag_year='0000000' tag_year_int=0
2024-07-31,13:33:39.365.0,INFO,__main__,adjust_metadata.adjust_metadata:123,Exifread could not handle C:\Users\nedlecky\ACDSee\01Personal\2024\06France\2024-06-26(396).heic tag_year='0000000' tag_year_int=0
2024-07-31,13:33:39.365.0,INFO,__main__,adjust_metadata.adjust_metadata:123,Exifread could not handle C:\Users\nedlecky\ACDSee\01Personal\2024\06France\2024-06-26(397).heic tag_year='0000000' tag_year_int=0
2024-07-31,13:33:39.365.0,INFO,__main__,adjust_metadata.adjust_metadata:123,Exifread could not handle C:\Users\nedlecky\ACDSee\01Personal\2024\06France\2024-06-26(398).heic tag_year='0000000' tag_year_int=0
2024-07-31,13:33:39.365.0,INFO,__main__,adjust_metadata.adjust_metadata:123,Exifread could not handle C:\Users\nedlecky\ACDSee\01Personal\2024\06France\2024-06-26(399).heic tag_year='0000000' tag_year_int=0
2024-07-31,13:33:39.365.0,INFO,__main__,adjust_metadata.adjust_metadata:123,Exifread could not handle C:\Users\nedlecky\ACDSee\01Personal\2024\06France\2024-06-26(40).heic tag_year='0000000' tag_year_int=0
2024-07-31,13:33:39.365.0,INFO,__main__,adjust_metadata.adjust_metadata:123,Exifread could not handle C:\Users\nedlecky\ACDSee\01Personal\2024\06France\2024-06-26(400).heic tag_year='0000000' tag_year_int=0
2024-07-31,13:33:39.366.0,INFO,__main__,adjust_metadata.adjust_metadata:123,Exifread could not handle C:\Users\nedlecky\ACDSee\01Personal\2024\06France\2024-06-26(401).heic tag_year='0000000' tag_year_int=0
2024-07-31,13:33:39.366.0,INFO,__main__,adjust_metadata.adjust_metadata:123,Exifread could not handle C:\Users\nedlecky\ACDSee\01Personal\2024\06France\2024-06-26(402).heic tag_year='0000000' tag_year_int=0
2024-07-31,13:33:39.366.0,INFO,__main__,adjust_metadata.adjust_metadata:123,Exifread could not handle C:\Users\nedlecky\ACDSee\01Personal\2024\06France\2024-06-26(403).heic tag_year='0000000' tag_year_int=0
2024-07-31,13:33:39.366.0,INFO,__main__,adjust_metadata.adjust_metadata:123,Exifread could not handle C:\Users\nedlecky\ACDSee\01Personal\2024\06France\2024-06-26(404).heic tag_year='0000000' tag_year_int=0
2024-07-31,13:33:39.366.0,INFO,__main__,adjust_metadata.adjust_metadata:123,Exifread could not handle C:\Users\nedlecky\ACDSee\01Personal\2024\06France\2024-06-26(405).heic tag_year='0000000' tag_year_int=0
2024-07-31,13:33:39.366.0,INFO,__main__,adjust_metadata.adjust_metadata:123,Exifread could not handle C:\Users\nedlecky\ACDSee\01Personal\2024\06France\2024-06-26(406).heic tag_year='0000000' tag_year_int=0
2024-07-31,13:33:39.366.0,INFO,__main__,adjust_metadata.adjust_metadata:123,Exifread could not handle C:\Users\nedlecky\ACDSee\01Personal\2024\06France\2024-06-26(407).heic tag_year='0000000' tag_year_int=0
2024-07-31,13:33:39.366.0,INFO,__main__,adjust_metadata.adjust_metadata:123,Exifread could not handle C:\Users\nedlecky\ACDSee\01Personal\2024\06France\2024-06-26(408).heic tag_year='0000000' tag_year_int=0
2024-07-31,13:33:39.366.0,INFO,__main__,adjust_metadata.adjust_metadata:123,Exifread could not handle C:\Users\nedlecky\ACDSee\01Personal\2024\06France\2024-06-26(409).heic tag_year='0000000' tag_year_int=0
2024-07-31,13:33:39.366.0,INFO,__main__,adjust_metadata.adjust_metadata:123,Exifread could not handle C:\Users\nedlecky\ACDSee\01Personal\2024\06France\2024-06-26(41).heic tag_year='0000000' tag_year_int=0
2024-07-31,13:33:39.366.0,INFO,__main__,adjust_metadata.adjust_metadata:123,Exifread could not handle C:\Users\nedlecky\ACDSee\01Personal\2024\06France\2024-06-26(410).heic tag_year='0000000' tag_year_int=0
2024-07-31,13:33:39.366.0,INFO,__main__,adjust_metadata.adjust_metadata:123,Exifread could not handle C:\Users\nedlecky\ACDSee\01Personal\2024\06France\2024-06-26(411).heic tag_year='0000000' tag_year_int=0
2024-07-31,13:33:39.366.0,INFO,__main__,adjust_metadata.adjust_metadata:123,Exifread could not handle C:\Users\nedlecky\ACDSee\01Personal\2024\06France\2024-06-26(412).heic tag_year='0000000' tag_year_int=0
2024-07-31,13:33:39.366.0,INFO,__main__,adjust_metadata.adjust_metadata:123,Exifread could not handle C:\Users\nedlecky\ACDSee\01Personal\2024\06France\2024-06-26(413).heic tag_year='0000000' tag_year_int=0
2024-07-31,13:33:39.366.0,INFO,__main__,adjust_metadata.adjust_metadata:123,Exifread could not handle C:\Users\nedlecky\ACDSee\01Personal\2024\06France\2024-06-26(414).heic tag_year='0000000' tag_year_int=0
2024-07-31,13:33:39.367.0,INFO,__main__,adjust_metadata.adjust_metadata:123,Exifread could not handle C:\Users\nedlecky\ACDSee\01Personal\2024\06France\2024-06-26(415).heic tag_year='0000000' tag_year_int=0
2024-07-31,13:33:39.367.0,INFO,__main__,adjust_metadata.adjust_metadata:123,Exifread could not handle C:\Users\nedlecky\ACDSee\01Personal\2024\06France\2024-06-26(416).heic tag_year='0000000' tag_year_int=0
2024-07-31,13:33:39.367.0,INFO,__main__,adjust_metadata.adjust_metadata:123,Exifread could not handle C:\Users\nedlecky\ACDSee\01Personal\2024\06France\2024-06-26(417).heic tag_year='0000000' tag_year_int=0
2024-07-31,13:33:39.367.0,INFO,__main__,adjust_metadata.adjust_metadata:123,Exifread could not handle C:\Users\nedlecky\ACDSee\01Personal\2024\06France\2024-06-26(418).heic tag_year='0000000' tag_year_int=0
2024-07-31,13:33:39.367.0,INFO,__main__,adjust_metadata.adjust_metadata:123,Exifread could not handle C:\Users\nedlecky\ACDSee\01Personal\2024\06France\2024-06-26(419).heic tag_year='0000000' tag_year_int=0
2024-07-31,13:33:39.367.0,INFO,__main__,adjust_metadata.adjust_metadata:123,Exifread could not handle C:\Users\nedlecky\ACDSee\01Personal\2024\06France\2024-06-26(42).heic tag_year='0000000' tag_year_int=0
2024-07-31,13:33:39.367.0,INFO,__main__,adjust_metadata.adjust_metadata:123,Exifread could not handle C:\Users\nedlecky\ACDSee\01Personal\2024\06France\2024-06-26(420).heic tag_year='0000000' tag_year_int=0
2024-07-31,13:33:39.367.0,INFO,__main__,adjust_metadata.adjust_metadata:123,Exifread could not handle C:\Users\nedlecky\ACDSee\01Personal\2024\06France\2024-06-26(421).heic tag_year='0000000' tag_year_int=0
2024-07-31,13:33:39.367.0,INFO,__main__,adjust_metadata.adjust_metadata:123,Exifread could not handle C:\Users\nedlecky\ACDSee\01Personal\2024\06France\2024-06-26(422).heic tag_year='0000000' tag_year_int=0
2024-07-31,13:33:39.367.0,INFO,__main__,adjust_metadata.adjust_metadata:123,Exifread could not handle C:\Users\nedlecky\ACDSee\01Personal\2024\06France\2024-06-26(423).heic tag_year='0000000' tag_year_int=0
2024-07-31,13:33:39.367.0,INFO,__main__,adjust_metadata.adjust_metadata:123,Exifread could not handle C:\Users\nedlecky\ACDSee\01Personal\2024\06France\2024-06-26(424).heic tag_year='0000000' tag_year_int=0
2024-07-31,13:33:39.367.0,INFO,__main__,adjust_metadata.adjust_metadata:123,Exifread could not handle C:\Users\nedlecky\ACDSee\01Personal\2024\06France\2024-06-26(425).heic tag_year='0000000' tag_year_int=0
2024-07-31,13:33:39.367.0,INFO,__main__,adjust_metadata.adjust_metadata:123,Exifread could not handle C:\Users\nedlecky\ACDSee\01Personal\2024\06France\2024-06-26(426).heic tag_year='0000000' tag_year_int=0
2024-07-31,13:33:39.367.0,INFO,__main__,adjust_metadata.adjust_metadata:123,Exifread could not handle C:\Users\nedlecky\ACDSee\01Personal\2024\06France\2024-06-26(427).heic tag_year='0000000' tag_year_int=0
2024-07-31,13:33:39.367.0,INFO,__main__,adjust_metadata.adjust_metadata:123,Exifread could not handle C:\Users\nedlecky\ACDSee\01Personal\2024\06France\2024-06-26(428).heic tag_year='0000000' tag_year_int=0
2024-07-31,13:33:39.368.0,INFO,__main__,adjust_metadata.adjust_metadata:123,Exifread could not handle C:\Users\nedlecky\ACDSee\01Personal\2024\06France\2024-06-26(429).heic tag_year='0000000' tag_year_int=0
2024-07-31,13:33:39.368.0,INFO,__main__,adjust_metadata.adjust_metadata:123,Exifread could not handle C:\Users\nedlecky\ACDSee\01Personal\2024\06France\2024-06-26(43).heic tag_year='0000000' tag_year_int=0
2024-07-31,13:33:39.368.0,INFO,__main__,adjust_metadata.adjust_metadata:123,Exifread could not handle C:\Users\nedlecky\ACDSee\01Personal\2024\06France\2024-06-26(430).heic tag_year='0000000' tag_year_int=0
2024-07-31,13:33:39.368.0,INFO,__main__,adjust_metadata.adjust_metadata:123,Exifread could not handle C:\Users\nedlecky\ACDSee\01Personal\2024\06France\2024-06-26(431).heic tag_year='0000000' tag_year_int=0
2024-07-31,13:33:39.368.0,INFO,__main__,adjust_metadata.adjust_metadata:123,Exifread could not handle C:\Users\nedlecky\ACDSee\01Personal\2024\06France\2024-06-26(432).heic tag_year='0000000' tag_year_int=0
2024-07-31,13:33:39.368.0,INFO,__main__,adjust_metadata.adjust_metadata:123,Exifread could not handle C:\Users\nedlecky\ACDSee\01Personal\2024\06France\2024-06-26(433).heic tag_year='0000000' tag_year_int=0
2024-07-31,13:33:39.368.0,INFO,__main__,adjust_metadata.adjust_metadata:123,Exifread could not handle C:\Users\nedlecky\ACDSee\01Personal\2024\06France\2024-06-26(434).heic tag_year='0000000' tag_year_int=0
2024-07-31,13:33:39.368.0,INFO,__main__,adjust_metadata.adjust_metadata:123,Exifread could not handle C:\Users\nedlecky\ACDSee\01Personal\2024\06France\2024-06-26(435).heic tag_year='0000000' tag_year_int=0
2024-07-31,13:33:39.368.0,INFO,__main__,adjust_metadata.adjust_metadata:123,Exifread could not handle C:\Users\nedlecky\ACDSee\01Personal\2024\06France\2024-06-26(436).heic tag_year='0000000' tag_year_int=0
2024-07-31,13:33:39.368.0,INFO,__main__,adjust_metadata.adjust_metadata:123,Exifread could not handle C:\Users\nedlecky\ACDSee\01Personal\2024\06France\2024-06-26(437).heic tag_year='0000000' tag_year_int=0
2024-07-31,13:33:39.368.0,INFO,__main__,adjust_metadata.adjust_metadata:123,Exifread could not handle C:\Users\nedlecky\ACDSee\01Personal\2024\06France\2024-06-26(438).heic tag_year='0000000' tag_year_int=0
2024-07-31,13:33:39.368.0,INFO,__main__,adjust_metadata.adjust_metadata:123,Exifread could not handle C:\Users\nedlecky\ACDSee\01Personal\2024\06France\2024-06-26(439).heic tag_year='0000000' tag_year_int=0
2024-07-31,13:33:39.368.0,INFO,__main__,adjust_metadata.adjust_metadata:123,Exifread could not handle C:\Users\nedlecky\ACDSee\01Personal\2024\06France\2024-06-26(44).heic tag_year='0000000' tag_year_int=0
2024-07-31,13:33:39.368.0,INFO,__main__,adjust_metadata.adjust_metadata:123,Exifread could not handle C:\Users\nedlecky\ACDSee\01Personal\2024\06France\2024-06-26(440).heic tag_year='0000000' tag_year_int=0
2024-07-31,13:33:39.369.0,INFO,__main__,adjust_metadata.adjust_metadata:123,Exifread could not handle C:\Users\nedlecky\ACDSee\01Personal\2024\06France\2024-06-26(441).heic tag_year='0000000' tag_year_int=0
2024-07-31,13:33:39.369.0,INFO,__main__,adjust_metadata.adjust_metadata:123,Exifread could not handle C:\Users\nedlecky\ACDSee\01Personal\2024\06France\2024-06-26(442).heic tag_year='0000000' tag_year_int=0
2024-07-31,13:33:39.369.0,INFO,__main__,adjust_metadata.adjust_metadata:123,Exifread could not handle C:\Users\nedlecky\ACDSee\01Personal\2024\06France\2024-06-26(443).heic tag_year='0000000' tag_year_int=0
2024-07-31,13:33:39.369.0,INFO,__main__,adjust_metadata.adjust_metadata:123,Exifread could not handle C:\Users\nedlecky\ACDSee\01Personal\2024\06France\2024-06-26(444).heic tag_year='0000000' tag_year_int=0
2024-07-31,13:33:39.369.0,INFO,__main__,adjust_metadata.adjust_metadata:123,Exifread could not handle C:\Users\nedlecky\ACDSee\01Personal\2024\06France\2024-06-26(445).heic tag_year='0000000' tag_year_int=0
2024-07-31,13:33:39.369.0,INFO,__main__,adjust_metadata.adjust_metadata:123,Exifread could not handle C:\Users\nedlecky\ACDSee\01Personal\2024\06France\2024-06-26(446).heic tag_year='0000000' tag_year_int=0
2024-07-31,13:33:39.369.0,INFO,__main__,adjust_metadata.adjust_metadata:123,Exifread could not handle C:\Users\nedlecky\ACDSee\01Personal\2024\06France\2024-06-26(447).heic tag_year='0000000' tag_year_int=0
2024-07-31,13:33:39.369.0,INFO,__main__,adjust_metadata.adjust_metadata:123,Exifread could not handle C:\Users\nedlecky\ACDSee\01Personal\2024\06France\2024-06-26(448).heic tag_year='0000000' tag_year_int=0
2024-07-31,13:33:39.369.0,INFO,__main__,adjust_metadata.adjust_metadata:123,Exifread could not handle C:\Users\nedlecky\ACDSee\01Personal\2024\06France\2024-06-26(449).heic tag_year='0000000' tag_year_int=0
2024-07-31,13:33:39.369.0,INFO,__main__,adjust_metadata.adjust_metadata:123,Exifread could not handle C:\Users\nedlecky\ACDSee\01Personal\2024\06France\2024-06-26(45).heic tag_year='0000000' tag_year_int=0
2024-07-31,13:33:39.369.0,INFO,__main__,adjust_metadata.adjust_metadata:123,Exifread could not handle C:\Users\nedlecky\ACDSee\01Personal\2024\06France\2024-06-26(450).heic tag_year='0000000' tag_year_int=0
2024-07-31,13:33:39.369.0,INFO,__main__,adjust_metadata.adjust_metadata:123,Exifread could not handle C:\Users\nedlecky\ACDSee\01Personal\2024\06France\2024-06-26(451).heic tag_year='0000000' tag_year_int=0
2024-07-31,13:33:39.369.0,INFO,__main__,adjust_metadata.adjust_metadata:123,Exifread could not handle C:\Users\nedlecky\ACDSee\01Personal\2024\06France\2024-06-26(452).heic tag_year='0000000' tag_year_int=0
2024-07-31,13:33:39.369.0,INFO,__main__,adjust_metadata.adjust_metadata:123,Exifread could not handle C:\Users\nedlecky\ACDSee\01Personal\2024\06France\2024-06-26(453).heic tag_year='0000000' tag_year_int=0
2024-07-31,13:33:39.369.0,INFO,__main__,adjust_metadata.adjust_metadata:123,Exifread could not handle C:\Users\nedlecky\ACDSee\01Personal\2024\06France\2024-06-26(454).heic tag_year='0000000' tag_year_int=0
2024-07-31,13:33:39.370.0,INFO,__main__,adjust_metadata.adjust_metadata:123,Exifread could not handle C:\Users\nedlecky\ACDSee\01Personal\2024\06France\2024-06-26(455).heic tag_year='0000000' tag_year_int=0
2024-07-31,13:33:39.370.0,INFO,__main__,adjust_metadata.adjust_metadata:123,Exifread could not handle C:\Users\nedlecky\ACDSee\01Personal\2024\06France\2024-06-26(456).heic tag_year='0000000' tag_year_int=0
2024-07-31,13:33:39.370.0,INFO,__main__,adjust_metadata.adjust_metadata:123,Exifread could not handle C:\Users\nedlecky\ACDSee\01Personal\2024\06France\2024-06-26(457).heic tag_year='0000000' tag_year_int=0
2024-07-31,13:33:39.370.0,INFO,__main__,adjust_metadata.adjust_metadata:123,Exifread could not handle C:\Users\nedlecky\ACDSee\01Personal\2024\06France\2024-06-26(458).heic tag_year='0000000' tag_year_int=0
2024-07-31,13:33:39.370.0,INFO,__main__,adjust_metadata.adjust_metadata:123,Exifread could not handle C:\Users\nedlecky\ACDSee\01Personal\2024\06France\2024-06-26(459).heic tag_year='0000000' tag_year_int=0
2024-07-31,13:33:39.370.0,INFO,__main__,adjust_metadata.adjust_metadata:123,Exifread could not handle C:\Users\nedlecky\ACDSee\01Personal\2024\06France\2024-06-26(46).heic tag_year='0000000' tag_year_int=0
2024-07-31,13:33:39.370.0,INFO,__main__,adjust_metadata.adjust_metadata:123,Exifread could not handle C:\Users\nedlecky\ACDSee\01Personal\2024\06France\2024-06-26(460).heic tag_year='0000000' tag_year_int=0
2024-07-31,13:33:39.370.0,INFO,__main__,adjust_metadata.adjust_metadata:123,Exifread could not handle C:\Users\nedlecky\ACDSee\01Personal\2024\06France\2024-06-26(461).heic tag_year='0000000' tag_year_int=0
2024-07-31,13:33:39.370.0,INFO,__main__,adjust_metadata.adjust_metadata:123,Exifread could not handle C:\Users\nedlecky\ACDSee\01Personal\2024\06France\2024-06-26(462).heic tag_year='0000000' tag_year_int=0
2024-07-31,13:33:39.370.0,INFO,__main__,adjust_metadata.adjust_metadata:123,Exifread could not handle C:\Users\nedlecky\ACDSee\01Personal\2024\06France\2024-06-26(463).heic tag_year='0000000' tag_year_int=0
2024-07-31,13:33:39.370.0,INFO,__main__,adjust_metadata.adjust_metadata:123,Exifread could not handle C:\Users\nedlecky\ACDSee\01Personal\2024\06France\2024-06-26(464).heic tag_year='0000000' tag_year_int=0
2024-07-31,13:33:39.370.0,INFO,__main__,adjust_metadata.adjust_metadata:123,Exifread could not handle C:\Users\nedlecky\ACDSee\01Personal\2024\06France\2024-06-26(465).heic tag_year='0000000' tag_year_int=0
2024-07-31,13:33:39.370.0,INFO,__main__,adjust_metadata.adjust_metadata:123,Exifread could not handle C:\Users\nedlecky\ACDSee\01Personal\2024\06France\2024-06-26(466).heic tag_year='0000000' tag_year_int=0
2024-07-31,13:33:39.370.0,INFO,__main__,adjust_metadata.adjust_metadata:123,Exifread could not handle C:\Users\nedlecky\ACDSee\01Personal\2024\06France\2024-06-26(467).heic tag_year='0000000' tag_year_int=0
2024-07-31,13:33:39.370.0,INFO,__main__,adjust_metadata.adjust_metadata:123,Exifread could not handle C:\Users\nedlecky\ACDSee\01Personal\2024\06France\2024-06-26(468).heic tag_year='0000000' tag_year_int=0
2024-07-31,13:33:39.371.0,INFO,__main__,adjust_metadata.adjust_metadata:123,Exifread could not handle C:\Users\nedlecky\ACDSee\01Personal\2024\06France\2024-06-26(469).heic tag_year='0000000' tag_year_int=0
2024-07-31,13:33:39.371.0,INFO,__main__,adjust_metadata.adjust_metadata:123,Exifread could not handle C:\Users\nedlecky\ACDSee\01Personal\2024\06France\2024-06-26(47).heic tag_year='0000000' tag_year_int=0
2024-07-31,13:33:39.371.0,INFO,__main__,adjust_metadata.adjust_metadata:123,Exifread could not handle C:\Users\nedlecky\ACDSee\01Personal\2024\06France\2024-06-26(470).heic tag_year='0000000' tag_year_int=0
2024-07-31,13:33:39.371.0,INFO,__main__,adjust_metadata.adjust_metadata:123,Exifread could not handle C:\Users\nedlecky\ACDSee\01Personal\2024\06France\2024-06-26(471).heic tag_year='0000000' tag_year_int=0
2024-07-31,13:33:39.371.0,INFO,__main__,adjust_metadata.adjust_metadata:123,Exifread could not handle C:\Users\nedlecky\ACDSee\01Personal\2024\06France\2024-06-26(472).heic tag_year='0000000' tag_year_int=0
2024-07-31,13:33:39.371.0,INFO,__main__,adjust_metadata.adjust_metadata:123,Exifread could not handle C:\Users\nedlecky\ACDSee\01Personal\2024\06France\2024-06-26(473).heic tag_year='0000000' tag_year_int=0
2024-07-31,13:33:39.371.0,INFO,__main__,adjust_metadata.adjust_metadata:123,Exifread could not handle C:\Users\nedlecky\ACDSee\01Personal\2024\06France\2024-06-26(474).heic tag_year='0000000' tag_year_int=0
2024-07-31,13:33:39.372.0,INFO,__main__,adjust_metadata.adjust_metadata:123,Exifread could not handle C:\Users\nedlecky\ACDSee\01Personal\2024\06France\2024-06-26(475).heic tag_year='0000000' tag_year_int=0
2024-07-31,13:33:39.372.0,INFO,__main__,adjust_metadata.adjust_metadata:123,Exifread could not handle C:\Users\nedlecky\ACDSee\01Personal\2024\06France\2024-06-26(476).heic tag_year='0000000' tag_year_int=0
2024-07-31,13:33:39.372.0,INFO,__main__,adjust_metadata.adjust_metadata:123,Exifread could not handle C:\Users\nedlecky\ACDSee\01Personal\2024\06France\2024-06-26(477).heic tag_year='0000000' tag_year_int=0
2024-07-31,13:33:39.372.0,INFO,__main__,adjust_metadata.adjust_metadata:123,Exifread could not handle C:\Users\nedlecky\ACDSee\01Personal\2024\06France\2024-06-26(478).heic tag_year='0000000' tag_year_int=0
2024-07-31,13:33:39.372.0,INFO,__main__,adjust_metadata.adjust_metadata:123,Exifread could not handle C:\Users\nedlecky\ACDSee\01Personal\2024\06France\2024-06-26(479).heic tag_year='0000000' tag_year_int=0
2024-07-31,13:33:39.372.0,INFO,__main__,adjust_metadata.adjust_metadata:123,Exifread could not handle C:\Users\nedlecky\ACDSee\01Personal\2024\06France\2024-06-26(48).heic tag_year='0000000' tag_year_int=0
2024-07-31,13:33:39.372.0,INFO,__main__,adjust_metadata.adjust_metadata:123,Exifread could not handle C:\Users\nedlecky\ACDSee\01Personal\2024\06France\2024-06-26(480).heic tag_year='0000000' tag_year_int=0
2024-07-31,13:33:39.372.0,INFO,__main__,adjust_metadata.adjust_metadata:123,Exifread could not handle C:\Users\nedlecky\ACDSee\01Personal\2024\06France\2024-06-26(481).heic tag_year='0000000' tag_year_int=0
2024-07-31,13:33:39.372.0,INFO,__main__,adjust_metadata.adjust_metadata:123,Exifread could not handle C:\Users\nedlecky\ACDSee\01Personal\2024\06France\2024-06-26(482).heic tag_year='0000000' tag_year_int=0
2024-07-31,13:33:39.372.0,INFO,__main__,adjust_metadata.adjust_metadata:123,Exifread could not handle C:\Users\nedlecky\ACDSee\01Personal\2024\06France\2024-06-26(483).heic tag_year='0000000' tag_year_int=0
2024-07-31,13:33:39.372.0,INFO,__main__,adjust_metadata.adjust_metadata:123,Exifread could not handle C:\Users\nedlecky\ACDSee\01Personal\2024\06France\2024-06-26(484).heic tag_year='0000000' tag_year_int=0
2024-07-31,13:33:39.373.0,INFO,__main__,adjust_metadata.adjust_metadata:123,Exifread could not handle C:\Users\nedlecky\ACDSee\01Personal\2024\06France\2024-06-26(485).heic tag_year='0000000' tag_year_int=0
2024-07-31,13:33:39.373.0,INFO,__main__,adjust_metadata.adjust_metadata:123,Exifread could not handle C:\Users\nedlecky\ACDSee\01Personal\2024\06France\2024-06-26(486).heic tag_year='0000000' tag_year_int=0
2024-07-31,13:33:39.373.0,INFO,__main__,adjust_metadata.adjust_metadata:123,Exifread could not handle C:\Users\nedlecky\ACDSee\01Personal\2024\06France\2024-06-26(487).heic tag_year='0000000' tag_year_int=0
2024-07-31,13:33:39.373.0,INFO,__main__,adjust_metadata.adjust_metadata:123,Exifread could not handle C:\Users\nedlecky\ACDSee\01Personal\2024\06France\2024-06-26(488).heic tag_year='0000000' tag_year_int=0
2024-07-31,13:33:39.373.0,INFO,__main__,adjust_metadata.adjust_metadata:123,Exifread could not handle C:\Users\nedlecky\ACDSee\01Personal\2024\06France\2024-06-26(489).heic tag_year='0000000' tag_year_int=0
2024-07-31,13:33:39.373.0,INFO,__main__,adjust_metadata.adjust_metadata:123,Exifread could not handle C:\Users\nedlecky\ACDSee\01Personal\2024\06France\2024-06-26(49).heic tag_year='0000000' tag_year_int=0
2024-07-31,13:33:39.373.0,INFO,__main__,adjust_metadata.adjust_metadata:123,Exifread could not handle C:\Users\nedlecky\ACDSee\01Personal\2024\06France\2024-06-26(490).heic tag_year='0000000' tag_year_int=0
2024-07-31,13:33:39.373.0,INFO,__main__,adjust_metadata.adjust_metadata:123,Exifread could not handle C:\Users\nedlecky\ACDSee\01Personal\2024\06France\2024-06-26(491).heic tag_year='0000000' tag_year_int=0
2024-07-31,13:33:39.373.0,INFO,__main__,adjust_metadata.adjust_metadata:123,Exifread could not handle C:\Users\nedlecky\ACDSee\01Personal\2024\06France\2024-06-26(492).heic tag_year='0000000' tag_year_int=0
2024-07-31,13:33:39.373.0,INFO,__main__,adjust_metadata.adjust_metadata:123,Exifread could not handle C:\Users\nedlecky\ACDSee\01Personal\2024\06France\2024-06-26(493).heic tag_year='0000000' tag_year_int=0
2024-07-31,13:33:39.373.0,INFO,__main__,adjust_metadata.adjust_metadata:123,Exifread could not handle C:\Users\nedlecky\ACDSee\01Personal\2024\06France\2024-06-26(494).heic tag_year='0000000' tag_year_int=0
2024-07-31,13:33:39.373.0,INFO,__main__,adjust_metadata.adjust_metadata:123,Exifread could not handle C:\Users\nedlecky\ACDSee\01Personal\2024\06France\2024-06-26(495).heic tag_year='0000000' tag_year_int=0
2024-07-31,13:33:39.373.0,INFO,__main__,adjust_metadata.adjust_metadata:123,Exifread could not handle C:\Users\nedlecky\ACDSee\01Personal\2024\06France\2024-06-26(496).heic tag_year='0000000' tag_year_int=0
2024-07-31,13:33:39.373.0,INFO,__main__,adjust_metadata.adjust_metadata:123,Exifread could not handle C:\Users\nedlecky\ACDSee\01Personal\2024\06France\2024-06-26(497).heic tag_year='0000000' tag_year_int=0
2024-07-31,13:33:39.373.0,INFO,__main__,adjust_metadata.adjust_metadata:123,Exifread could not handle C:\Users\nedlecky\ACDSee\01Personal\2024\06France\2024-06-26(498).heic tag_year='0000000' tag_year_int=0
2024-07-31,13:33:39.374.0,INFO,__main__,adjust_metadata.adjust_metadata:123,Exifread could not handle C:\Users\nedlecky\ACDSee\01Personal\2024\06France\2024-06-26(499).heic tag_year='0000000' tag_year_int=0
2024-07-31,13:33:39.374.0,INFO,__main__,adjust_metadata.adjust_metadata:123,Exifread could not handle C:\Users\nedlecky\ACDSee\01Personal\2024\06France\2024-06-26(50).heic tag_year='0000000' tag_year_int=0
2024-07-31,13:33:39.374.0,INFO,__main__,adjust_metadata.adjust_metadata:123,Exifread could not handle C:\Users\nedlecky\ACDSee\01Personal\2024\06France\2024-06-26(500).heic tag_year='0000000' tag_year_int=0
2024-07-31,13:33:39.374.0,INFO,__main__,adjust_metadata.adjust_metadata:123,Exifread could not handle C:\Users\nedlecky\ACDSee\01Personal\2024\06France\2024-06-26(501).heic tag_year='0000000' tag_year_int=0
2024-07-31,13:33:39.374.0,INFO,__main__,adjust_metadata.adjust_metadata:123,Exifread could not handle C:\Users\nedlecky\ACDSee\01Personal\2024\06France\2024-06-26(502).heic tag_year='0000000' tag_year_int=0
2024-07-31,13:33:39.374.0,INFO,__main__,adjust_metadata.adjust_metadata:123,Exifread could not handle C:\Users\nedlecky\ACDSee\01Personal\2024\06France\2024-06-26(503).heic tag_year='0000000' tag_year_int=0
2024-07-31,13:33:39.374.0,INFO,__main__,adjust_metadata.adjust_metadata:123,Exifread could not handle C:\Users\nedlecky\ACDSee\01Personal\2024\06France\2024-06-26(504).heic tag_year='0000000' tag_year_int=0
2024-07-31,13:33:39.374.0,INFO,__main__,adjust_metadata.adjust_metadata:123,Exifread could not handle C:\Users\nedlecky\ACDSee\01Personal\2024\06France\2024-06-26(505).heic tag_year='0000000' tag_year_int=0
2024-07-31,13:33:39.374.0,INFO,__main__,adjust_metadata.adjust_metadata:123,Exifread could not handle C:\Users\nedlecky\ACDSee\01Personal\2024\06France\2024-06-26(506).heic tag_year='0000000' tag_year_int=0
2024-07-31,13:33:39.374.0,INFO,__main__,adjust_metadata.adjust_metadata:123,Exifread could not handle C:\Users\nedlecky\ACDSee\01Personal\2024\06France\2024-06-26(507).heic tag_year='0000000' tag_year_int=0
2024-07-31,13:33:39.374.0,INFO,__main__,adjust_metadata.adjust_metadata:123,Exifread could not handle C:\Users\nedlecky\ACDSee\01Personal\2024\06France\2024-06-26(508).heic tag_year='0000000' tag_year_int=0
2024-07-31,13:33:39.374.0,INFO,__main__,adjust_metadata.adjust_metadata:123,Exifread could not handle C:\Users\nedlecky\ACDSee\01Personal\2024\06France\2024-06-26(509).heic tag_year='0000000' tag_year_int=0
2024-07-31,13:33:39.374.0,INFO,__main__,adjust_metadata.adjust_metadata:123,Exifread could not handle C:\Users\nedlecky\ACDSee\01Personal\2024\06France\2024-06-26(51).heic tag_year='0000000' tag_year_int=0
2024-07-31,13:33:39.375.0,INFO,__main__,adjust_metadata.adjust_metadata:123,Exifread could not handle C:\Users\nedlecky\ACDSee\01Personal\2024\06France\2024-06-26(510).heic tag_year='0000000' tag_year_int=0
2024-07-31,13:33:39.375.0,INFO,__main__,adjust_metadata.adjust_metadata:123,Exifread could not handle C:\Users\nedlecky\ACDSee\01Personal\2024\06France\2024-06-26(511).heic tag_year='0000000' tag_year_int=0
2024-07-31,13:33:39.375.0,INFO,__main__,adjust_metadata.adjust_metadata:123,Exifread could not handle C:\Users\nedlecky\ACDSee\01Personal\2024\06France\2024-06-26(512).heic tag_year='0000000' tag_year_int=0
2024-07-31,13:33:39.375.0,INFO,__main__,adjust_metadata.adjust_metadata:123,Exifread could not handle C:\Users\nedlecky\ACDSee\01Personal\2024\06France\2024-06-26(513).heic tag_year='0000000' tag_year_int=0
2024-07-31,13:33:39.375.0,INFO,__main__,adjust_metadata.adjust_metadata:123,Exifread could not handle C:\Users\nedlecky\ACDSee\01Personal\2024\06France\2024-06-26(514).heic tag_year='0000000' tag_year_int=0
2024-07-31,13:33:39.375.0,INFO,__main__,adjust_metadata.adjust_metadata:123,Exifread could not handle C:\Users\nedlecky\ACDSee\01Personal\2024\06France\2024-06-26(515).heic tag_year='0000000' tag_year_int=0
2024-07-31,13:33:39.375.0,INFO,__main__,adjust_metadata.adjust_metadata:123,Exifread could not handle C:\Users\nedlecky\ACDSee\01Personal\2024\06France\2024-06-26(516).heic tag_year='0000000' tag_year_int=0
2024-07-31,13:33:39.375.0,INFO,__main__,adjust_metadata.adjust_metadata:123,Exifread could not handle C:\Users\nedlecky\ACDSee\01Personal\2024\06France\2024-06-26(517).heic tag_year='0000000' tag_year_int=0
2024-07-31,13:33:39.375.0,INFO,__main__,adjust_metadata.adjust_metadata:123,Exifread could not handle C:\Users\nedlecky\ACDSee\01Personal\2024\06France\2024-06-26(518).heic tag_year='0000000' tag_year_int=0
2024-07-31,13:33:39.375.0,INFO,__main__,adjust_metadata.adjust_metadata:123,Exifread could not handle C:\Users\nedlecky\ACDSee\01Personal\2024\06France\2024-06-26(519).heic tag_year='0000000' tag_year_int=0
2024-07-31,13:33:39.375.0,INFO,__main__,adjust_metadata.adjust_metadata:123,Exifread could not handle C:\Users\nedlecky\ACDSee\01Personal\2024\06France\2024-06-26(52).heic tag_year='0000000' tag_year_int=0
2024-07-31,13:33:39.375.0,INFO,__main__,adjust_metadata.adjust_metadata:123,Exifread could not handle C:\Users\nedlecky\ACDSee\01Personal\2024\06France\2024-06-26(520).heic tag_year='0000000' tag_year_int=0
2024-07-31,13:33:39.377.0,INFO,__main__,adjust_metadata.adjust_metadata:123,Exifread could not handle C:\Users\nedlecky\ACDSee\01Personal\2024\06France\2024-06-26(521).heic tag_year='0000000' tag_year_int=0
2024-07-31,13:33:39.377.0,INFO,__main__,adjust_metadata.adjust_metadata:123,Exifread could not handle C:\Users\nedlecky\ACDSee\01Personal\2024\06France\2024-06-26(522).heic tag_year='0000000' tag_year_int=0
2024-07-31,13:33:39.377.0,INFO,__main__,adjust_metadata.adjust_metadata:123,Exifread could not handle C:\Users\nedlecky\ACDSee\01Personal\2024\06France\2024-06-26(523).heic tag_year='0000000' tag_year_int=0
2024-07-31,13:33:39.377.0,INFO,__main__,adjust_metadata.adjust_metadata:123,Exifread could not handle C:\Users\nedlecky\ACDSee\01Personal\2024\06France\2024-06-26(524).heic tag_year='0000000' tag_year_int=0
2024-07-31,13:33:39.377.0,INFO,__main__,adjust_metadata.adjust_metadata:123,Exifread could not handle C:\Users\nedlecky\ACDSee\01Personal\2024\06France\2024-06-26(525).heic tag_year='0000000' tag_year_int=0
2024-07-31,13:33:39.377.0,INFO,__main__,adjust_metadata.adjust_metadata:123,Exifread could not handle C:\Users\nedlecky\ACDSee\01Personal\2024\06France\2024-06-26(526).heic tag_year='0000000' tag_year_int=0
2024-07-31,13:33:39.377.0,INFO,__main__,adjust_metadata.adjust_metadata:123,Exifread could not handle C:\Users\nedlecky\ACDSee\01Personal\2024\06France\2024-06-26(527).heic tag_year='0000000' tag_year_int=0
2024-07-31,13:33:39.377.0,INFO,__main__,adjust_metadata.adjust_metadata:123,Exifread could not handle C:\Users\nedlecky\ACDSee\01Personal\2024\06France\2024-06-26(528).heic tag_year='0000000' tag_year_int=0
2024-07-31,13:33:39.377.0,INFO,__main__,adjust_metadata.adjust_metadata:123,Exifread could not handle C:\Users\nedlecky\ACDSee\01Personal\2024\06France\2024-06-26(529).heic tag_year='0000000' tag_year_int=0
2024-07-31,13:33:39.377.0,INFO,__main__,adjust_metadata.adjust_metadata:123,Exifread could not handle C:\Users\nedlecky\ACDSee\01Personal\2024\06France\2024-06-26(53).heic tag_year='0000000' tag_year_int=0
2024-07-31,13:33:39.377.0,INFO,__main__,adjust_metadata.adjust_metadata:123,Exifread could not handle C:\Users\nedlecky\ACDSee\01Personal\2024\06France\2024-06-26(530).heic tag_year='0000000' tag_year_int=0
2024-07-31,13:33:39.378.0,INFO,__main__,adjust_metadata.adjust_metadata:123,Exifread could not handle C:\Users\nedlecky\ACDSee\01Personal\2024\06France\2024-06-26(531).heic tag_year='0000000' tag_year_int=0
2024-07-31,13:33:39.378.0,INFO,__main__,adjust_metadata.adjust_metadata:123,Exifread could not handle C:\Users\nedlecky\ACDSee\01Personal\2024\06France\2024-06-26(532).heic tag_year='0000000' tag_year_int=0
2024-07-31,13:33:39.378.0,INFO,__main__,adjust_metadata.adjust_metadata:123,Exifread could not handle C:\Users\nedlecky\ACDSee\01Personal\2024\06France\2024-06-26(533).heic tag_year='0000000' tag_year_int=0
2024-07-31,13:33:39.378.0,INFO,__main__,adjust_metadata.adjust_metadata:123,Exifread could not handle C:\Users\nedlecky\ACDSee\01Personal\2024\06France\2024-06-26(534).heic tag_year='0000000' tag_year_int=0
2024-07-31,13:33:39.378.0,INFO,__main__,adjust_metadata.adjust_metadata:123,Exifread could not handle C:\Users\nedlecky\ACDSee\01Personal\2024\06France\2024-06-26(535).heic tag_year='0000000' tag_year_int=0
2024-07-31,13:33:39.378.0,INFO,__main__,adjust_metadata.adjust_metadata:123,Exifread could not handle C:\Users\nedlecky\ACDSee\01Personal\2024\06France\2024-06-26(536).heic tag_year='0000000' tag_year_int=0
2024-07-31,13:33:39.378.0,INFO,__main__,adjust_metadata.adjust_metadata:123,Exifread could not handle C:\Users\nedlecky\ACDSee\01Personal\2024\06France\2024-06-26(537).heic tag_year='0000000' tag_year_int=0
2024-07-31,13:33:39.378.0,INFO,__main__,adjust_metadata.adjust_metadata:123,Exifread could not handle C:\Users\nedlecky\ACDSee\01Personal\2024\06France\2024-06-26(538).heic tag_year='0000000' tag_year_int=0
2024-07-31,13:33:39.378.0,INFO,__main__,adjust_metadata.adjust_metadata:123,Exifread could not handle C:\Users\nedlecky\ACDSee\01Personal\2024\06France\2024-06-26(539).heic tag_year='0000000' tag_year_int=0
2024-07-31,13:33:39.378.0,INFO,__main__,adjust_metadata.adjust_metadata:123,Exifread could not handle C:\Users\nedlecky\ACDSee\01Personal\2024\06France\2024-06-26(54).heic tag_year='0000000' tag_year_int=0
2024-07-31,13:33:39.378.0,INFO,__main__,adjust_metadata.adjust_metadata:123,Exifread could not handle C:\Users\nedlecky\ACDSee\01Personal\2024\06France\2024-06-26(540).heic tag_year='0000000' tag_year_int=0
2024-07-31,13:33:39.378.0,INFO,__main__,adjust_metadata.adjust_metadata:123,Exifread could not handle C:\Users\nedlecky\ACDSee\01Personal\2024\06France\2024-06-26(541).heic tag_year='0000000' tag_year_int=0
2024-07-31,13:33:39.379.0,INFO,__main__,adjust_metadata.adjust_metadata:123,Exifread could not handle C:\Users\nedlecky\ACDSee\01Personal\2024\06France\2024-06-26(542).heic tag_year='0000000' tag_year_int=0
2024-07-31,13:33:39.379.0,INFO,__main__,adjust_metadata.adjust_metadata:123,Exifread could not handle C:\Users\nedlecky\ACDSee\01Personal\2024\06France\2024-06-26(543).heic tag_year='0000000' tag_year_int=0
2024-07-31,13:33:39.379.0,INFO,__main__,adjust_metadata.adjust_metadata:123,Exifread could not handle C:\Users\nedlecky\ACDSee\01Personal\2024\06France\2024-06-26(544).heic tag_year='0000000' tag_year_int=0
2024-07-31,13:33:39.379.0,INFO,__main__,adjust_metadata.adjust_metadata:123,Exifread could not handle C:\Users\nedlecky\ACDSee\01Personal\2024\06France\2024-06-26(545).heic tag_year='0000000' tag_year_int=0
2024-07-31,13:33:39.379.0,INFO,__main__,adjust_metadata.adjust_metadata:123,Exifread could not handle C:\Users\nedlecky\ACDSee\01Personal\2024\06France\2024-06-26(546).heic tag_year='0000000' tag_year_int=0
2024-07-31,13:33:39.379.0,INFO,__main__,adjust_metadata.adjust_metadata:123,Exifread could not handle C:\Users\nedlecky\ACDSee\01Personal\2024\06France\2024-06-26(547).heic tag_year='0000000' tag_year_int=0
2024-07-31,13:33:39.379.0,INFO,__main__,adjust_metadata.adjust_metadata:123,Exifread could not handle C:\Users\nedlecky\ACDSee\01Personal\2024\06France\2024-06-26(548).heic tag_year='0000000' tag_year_int=0
2024-07-31,13:33:39.379.0,INFO,__main__,adjust_metadata.adjust_metadata:123,Exifread could not handle C:\Users\nedlecky\ACDSee\01Personal\2024\06France\2024-06-26(549).heic tag_year='0000000' tag_year_int=0
2024-07-31,13:33:39.379.0,INFO,__main__,adjust_metadata.adjust_metadata:123,Exifread could not handle C:\Users\nedlecky\ACDSee\01Personal\2024\06France\2024-06-26(55).heic tag_year='0000000' tag_year_int=0
2024-07-31,13:33:39.379.0,INFO,__main__,adjust_metadata.adjust_metadata:123,Exifread could not handle C:\Users\nedlecky\ACDSee\01Personal\2024\06France\2024-06-26(550).heic tag_year='0000000' tag_year_int=0
2024-07-31,13:33:39.379.0,INFO,__main__,adjust_metadata.adjust_metadata:123,Exifread could not handle C:\Users\nedlecky\ACDSee\01Personal\2024\06France\2024-06-26(551).heic tag_year='0000000' tag_year_int=0
2024-07-31,13:33:39.379.0,INFO,__main__,adjust_metadata.adjust_metadata:123,Exifread could not handle C:\Users\nedlecky\ACDSee\01Personal\2024\06France\2024-06-26(552).heic tag_year='0000000' tag_year_int=0
2024-07-31,13:33:39.380.0,INFO,__main__,adjust_metadata.adjust_metadata:123,Exifread could not handle C:\Users\nedlecky\ACDSee\01Personal\2024\06France\2024-06-26(553).heic tag_year='0000000' tag_year_int=0
2024-07-31,13:33:39.380.0,INFO,__main__,adjust_metadata.adjust_metadata:123,Exifread could not handle C:\Users\nedlecky\ACDSee\01Personal\2024\06France\2024-06-26(554).heic tag_year='0000000' tag_year_int=0
2024-07-31,13:33:39.380.0,INFO,__main__,adjust_metadata.adjust_metadata:123,Exifread could not handle C:\Users\nedlecky\ACDSee\01Personal\2024\06France\2024-06-26(555).heic tag_year='0000000' tag_year_int=0
2024-07-31,13:33:39.380.0,INFO,__main__,adjust_metadata.adjust_metadata:123,Exifread could not handle C:\Users\nedlecky\ACDSee\01Personal\2024\06France\2024-06-26(556).heic tag_year='0000000' tag_year_int=0
2024-07-31,13:33:39.380.0,INFO,__main__,adjust_metadata.adjust_metadata:123,Exifread could not handle C:\Users\nedlecky\ACDSee\01Personal\2024\06France\2024-06-26(557).heic tag_year='0000000' tag_year_int=0
2024-07-31,13:33:39.380.0,INFO,__main__,adjust_metadata.adjust_metadata:123,Exifread could not handle C:\Users\nedlecky\ACDSee\01Personal\2024\06France\2024-06-26(558).heic tag_year='0000000' tag_year_int=0
2024-07-31,13:33:39.380.0,INFO,__main__,adjust_metadata.adjust_metadata:123,Exifread could not handle C:\Users\nedlecky\ACDSee\01Personal\2024\06France\2024-06-26(559).heic tag_year='0000000' tag_year_int=0
2024-07-31,13:33:39.380.0,INFO,__main__,adjust_metadata.adjust_metadata:123,Exifread could not handle C:\Users\nedlecky\ACDSee\01Personal\2024\06France\2024-06-26(56).heic tag_year='0000000' tag_year_int=0
2024-07-31,13:33:39.380.0,INFO,__main__,adjust_metadata.adjust_metadata:123,Exifread could not handle C:\Users\nedlecky\ACDSee\01Personal\2024\06France\2024-06-26(560).heic tag_year='0000000' tag_year_int=0
2024-07-31,13:33:39.380.0,INFO,__main__,adjust_metadata.adjust_metadata:123,Exifread could not handle C:\Users\nedlecky\ACDSee\01Personal\2024\06France\2024-06-26(561).heic tag_year='0000000' tag_year_int=0
2024-07-31,13:33:39.380.0,INFO,__main__,adjust_metadata.adjust_metadata:123,Exifread could not handle C:\Users\nedlecky\ACDSee\01Personal\2024\06France\2024-06-26(562).heic tag_year='0000000' tag_year_int=0
2024-07-31,13:33:39.380.0,INFO,__main__,adjust_metadata.adjust_metadata:123,Exifread could not handle C:\Users\nedlecky\ACDSee\01Personal\2024\06France\2024-06-26(563).heic tag_year='0000000' tag_year_int=0
2024-07-31,13:33:39.380.0,INFO,__main__,adjust_metadata.adjust_metadata:123,Exifread could not handle C:\Users\nedlecky\ACDSee\01Personal\2024\06France\2024-06-26(564).heic tag_year='0000000' tag_year_int=0
2024-07-31,13:33:39.380.0,INFO,__main__,adjust_metadata.adjust_metadata:123,Exifread could not handle C:\Users\nedlecky\ACDSee\01Personal\2024\06France\2024-06-26(565).heic tag_year='0000000' tag_year_int=0
2024-07-31,13:33:39.380.0,INFO,__main__,adjust_metadata.adjust_metadata:123,Exifread could not handle C:\Users\nedlecky\ACDSee\01Personal\2024\06France\2024-06-26(566).heic tag_year='0000000' tag_year_int=0
2024-07-31,13:33:39.381.0,INFO,__main__,adjust_metadata.adjust_metadata:123,Exifread could not handle C:\Users\nedlecky\ACDSee\01Personal\2024\06France\2024-06-26(567).heic tag_year='0000000' tag_year_int=0
2024-07-31,13:33:39.381.0,INFO,__main__,adjust_metadata.adjust_metadata:123,Exifread could not handle C:\Users\nedlecky\ACDSee\01Personal\2024\06France\2024-06-26(568).heic tag_year='0000000' tag_year_int=0
2024-07-31,13:33:39.381.0,INFO,__main__,adjust_metadata.adjust_metadata:123,Exifread could not handle C:\Users\nedlecky\ACDSee\01Personal\2024\06France\2024-06-26(569).heic tag_year='0000000' tag_year_int=0
2024-07-31,13:33:39.381.0,INFO,__main__,adjust_metadata.adjust_metadata:123,Exifread could not handle C:\Users\nedlecky\ACDSee\01Personal\2024\06France\2024-06-26(57).heic tag_year='0000000' tag_year_int=0
2024-07-31,13:33:39.381.0,INFO,__main__,adjust_metadata.adjust_metadata:123,Exifread could not handle C:\Users\nedlecky\ACDSee\01Personal\2024\06France\2024-06-26(570).heic tag_year='0000000' tag_year_int=0
2024-07-31,13:33:39.381.0,INFO,__main__,adjust_metadata.adjust_metadata:123,Exifread could not handle C:\Users\nedlecky\ACDSee\01Personal\2024\06France\2024-06-26(571).heic tag_year='0000000' tag_year_int=0
2024-07-31,13:33:39.381.0,INFO,__main__,adjust_metadata.adjust_metadata:123,Exifread could not handle C:\Users\nedlecky\ACDSee\01Personal\2024\06France\2024-06-26(572).heic tag_year='0000000' tag_year_int=0
2024-07-31,13:33:39.381.0,INFO,__main__,adjust_metadata.adjust_metadata:123,Exifread could not handle C:\Users\nedlecky\ACDSee\01Personal\2024\06France\2024-06-26(573).heic tag_year='0000000' tag_year_int=0
2024-07-31,13:33:39.381.0,INFO,__main__,adjust_metadata.adjust_metadata:123,Exifread could not handle C:\Users\nedlecky\ACDSee\01Personal\2024\06France\2024-06-26(574).heic tag_year='0000000' tag_year_int=0
2024-07-31,13:33:39.381.0,INFO,__main__,adjust_metadata.adjust_metadata:123,Exifread could not handle C:\Users\nedlecky\ACDSee\01Personal\2024\06France\2024-06-26(575).heic tag_year='0000000' tag_year_int=0
2024-07-31,13:33:39.381.0,INFO,__main__,adjust_metadata.adjust_metadata:123,Exifread could not handle C:\Users\nedlecky\ACDSee\01Personal\2024\06France\2024-06-26(576).heic tag_year='0000000' tag_year_int=0
2024-07-31,13:33:39.381.0,INFO,__main__,adjust_metadata.adjust_metadata:123,Exifread could not handle C:\Users\nedlecky\ACDSee\01Personal\2024\06France\2024-06-26(577).heic tag_year='0000000' tag_year_int=0
2024-07-31,13:33:39.381.0,INFO,__main__,adjust_metadata.adjust_metadata:123,Exifread could not handle C:\Users\nedlecky\ACDSee\01Personal\2024\06France\2024-06-26(578).heic tag_year='0000000' tag_year_int=0
2024-07-31,13:33:39.381.0,INFO,__main__,adjust_metadata.adjust_metadata:123,Exifread could not handle C:\Users\nedlecky\ACDSee\01Personal\2024\06France\2024-06-26(579).heic tag_year='0000000' tag_year_int=0
2024-07-31,13:33:39.381.0,INFO,__main__,adjust_metadata.adjust_metadata:123,Exifread could not handle C:\Users\nedlecky\ACDSee\01Personal\2024\06France\2024-06-26(58).heic tag_year='0000000' tag_year_int=0
2024-07-31,13:33:39.381.0,INFO,__main__,adjust_metadata.adjust_metadata:123,Exifread could not handle C:\Users\nedlecky\ACDSee\01Personal\2024\06France\2024-06-26(580).heic tag_year='0000000' tag_year_int=0
2024-07-31,13:33:39.381.0,INFO,__main__,adjust_metadata.adjust_metadata:123,Exifread could not handle C:\Users\nedlecky\ACDSee\01Personal\2024\06France\2024-06-26(581).heic tag_year='0000000' tag_year_int=0
2024-07-31,13:33:39.382.0,INFO,__main__,adjust_metadata.adjust_metadata:123,Exifread could not handle C:\Users\nedlecky\ACDSee\01Personal\2024\06France\2024-06-26(582).heic tag_year='0000000' tag_year_int=0
2024-07-31,13:33:39.382.0,INFO,__main__,adjust_metadata.adjust_metadata:123,Exifread could not handle C:\Users\nedlecky\ACDSee\01Personal\2024\06France\2024-06-26(583).heic tag_year='0000000' tag_year_int=0
2024-07-31,13:33:39.382.0,INFO,__main__,adjust_metadata.adjust_metadata:123,Exifread could not handle C:\Users\nedlecky\ACDSee\01Personal\2024\06France\2024-06-26(584).heic tag_year='0000000' tag_year_int=0
2024-07-31,13:33:39.382.0,INFO,__main__,adjust_metadata.adjust_metadata:123,Exifread could not handle C:\Users\nedlecky\ACDSee\01Personal\2024\06France\2024-06-26(585).heic tag_year='0000000' tag_year_int=0
2024-07-31,13:33:39.382.0,INFO,__main__,adjust_metadata.adjust_metadata:123,Exifread could not handle C:\Users\nedlecky\ACDSee\01Personal\2024\06France\2024-06-26(586).heic tag_year='0000000' tag_year_int=0
2024-07-31,13:33:39.382.0,INFO,__main__,adjust_metadata.adjust_metadata:123,Exifread could not handle C:\Users\nedlecky\ACDSee\01Personal\2024\06France\2024-06-26(587).heic tag_year='0000000' tag_year_int=0
2024-07-31,13:33:39.383.0,INFO,__main__,adjust_metadata.adjust_metadata:123,Exifread could not handle C:\Users\nedlecky\ACDSee\01Personal\2024\06France\2024-06-26(588).heic tag_year='0000000' tag_year_int=0
2024-07-31,13:33:39.383.0,INFO,__main__,adjust_metadata.adjust_metadata:123,Exifread could not handle C:\Users\nedlecky\ACDSee\01Personal\2024\06France\2024-06-26(589).heic tag_year='0000000' tag_year_int=0
2024-07-31,13:33:39.383.0,INFO,__main__,adjust_metadata.adjust_metadata:123,Exifread could not handle C:\Users\nedlecky\ACDSee\01Personal\2024\06France\2024-06-26(59).heic tag_year='0000000' tag_year_int=0
2024-07-31,13:33:39.383.0,INFO,__main__,adjust_metadata.adjust_metadata:123,Exifread could not handle C:\Users\nedlecky\ACDSee\01Personal\2024\06France\2024-06-26(590).heic tag_year='0000000' tag_year_int=0
2024-07-31,13:33:39.383.0,INFO,__main__,adjust_metadata.adjust_metadata:123,Exifread could not handle C:\Users\nedlecky\ACDSee\01Personal\2024\06France\2024-06-26(591).heic tag_year='0000000' tag_year_int=0
2024-07-31,13:33:39.383.0,INFO,__main__,adjust_metadata.adjust_metadata:123,Exifread could not handle C:\Users\nedlecky\ACDSee\01Personal\2024\06France\2024-06-26(592).heic tag_year='0000000' tag_year_int=0
2024-07-31,13:33:39.383.0,INFO,__main__,adjust_metadata.adjust_metadata:123,Exifread could not handle C:\Users\nedlecky\ACDSee\01Personal\2024\06France\2024-06-26(593).heic tag_year='0000000' tag_year_int=0
2024-07-31,13:33:39.383.0,INFO,__main__,adjust_metadata.adjust_metadata:123,Exifread could not handle C:\Users\nedlecky\ACDSee\01Personal\2024\06France\2024-06-26(594).heic tag_year='0000000' tag_year_int=0
2024-07-31,13:33:39.383.0,INFO,__main__,adjust_metadata.adjust_metadata:123,Exifread could not handle C:\Users\nedlecky\ACDSee\01Personal\2024\06France\2024-06-26(595).heic tag_year='0000000' tag_year_int=0
2024-07-31,13:33:39.383.0,INFO,__main__,adjust_metadata.adjust_metadata:123,Exifread could not handle C:\Users\nedlecky\ACDSee\01Personal\2024\06France\2024-06-26(596).heic tag_year='0000000' tag_year_int=0
2024-07-31,13:33:39.383.0,INFO,__main__,adjust_metadata.adjust_metadata:123,Exifread could not handle C:\Users\nedlecky\ACDSee\01Personal\2024\06France\2024-06-26(597).heic tag_year='0000000' tag_year_int=0
2024-07-31,13:33:39.383.0,INFO,__main__,adjust_metadata.adjust_metadata:123,Exifread could not handle C:\Users\nedlecky\ACDSee\01Personal\2024\06France\2024-06-26(598).heic tag_year='0000000' tag_year_int=0
2024-07-31,13:33:39.384.0,INFO,__main__,adjust_metadata.adjust_metadata:123,Exifread could not handle C:\Users\nedlecky\ACDSee\01Personal\2024\06France\2024-06-26(599).heic tag_year='0000000' tag_year_int=0
2024-07-31,13:33:39.384.0,INFO,__main__,adjust_metadata.adjust_metadata:123,Exifread could not handle C:\Users\nedlecky\ACDSee\01Personal\2024\06France\2024-06-26(60).heic tag_year='0000000' tag_year_int=0
2024-07-31,13:33:39.384.0,INFO,__main__,adjust_metadata.adjust_metadata:123,Exifread could not handle C:\Users\nedlecky\ACDSee\01Personal\2024\06France\2024-06-26(600).heic tag_year='0000000' tag_year_int=0
2024-07-31,13:33:39.384.0,INFO,__main__,adjust_metadata.adjust_metadata:123,Exifread could not handle C:\Users\nedlecky\ACDSee\01Personal\2024\06France\2024-06-26(601).heic tag_year='0000000' tag_year_int=0
2024-07-31,13:33:39.384.0,INFO,__main__,adjust_metadata.adjust_metadata:123,Exifread could not handle C:\Users\nedlecky\ACDSee\01Personal\2024\06France\2024-06-26(602).heic tag_year='0000000' tag_year_int=0
2024-07-31,13:33:39.384.0,INFO,__main__,adjust_metadata.adjust_metadata:123,Exifread could not handle C:\Users\nedlecky\ACDSee\01Personal\2024\06France\2024-06-26(603).heic tag_year='0000000' tag_year_int=0
2024-07-31,13:33:39.384.0,INFO,__main__,adjust_metadata.adjust_metadata:123,Exifread could not handle C:\Users\nedlecky\ACDSee\01Personal\2024\06France\2024-06-26(604).heic tag_year='0000000' tag_year_int=0
2024-07-31,13:33:39.384.0,INFO,__main__,adjust_metadata.adjust_metadata:123,Exifread could not handle C:\Users\nedlecky\ACDSee\01Personal\2024\06France\2024-06-26(605).heic tag_year='0000000' tag_year_int=0
2024-07-31,13:33:39.384.0,INFO,__main__,adjust_metadata.adjust_metadata:123,Exifread could not handle C:\Users\nedlecky\ACDSee\01Personal\2024\06France\2024-06-26(606).heic tag_year='0000000' tag_year_int=0
2024-07-31,13:33:39.384.0,INFO,__main__,adjust_metadata.adjust_metadata:123,Exifread could not handle C:\Users\nedlecky\ACDSee\01Personal\2024\06France\2024-06-26(607).heic tag_year='0000000' tag_year_int=0
2024-07-31,13:33:39.384.0,INFO,__main__,adjust_metadata.adjust_metadata:123,Exifread could not handle C:\Users\nedlecky\ACDSee\01Personal\2024\06France\2024-06-26(608).heic tag_year='0000000' tag_year_int=0
2024-07-31,13:33:39.384.0,INFO,__main__,adjust_metadata.adjust_metadata:123,Exifread could not handle C:\Users\nedlecky\ACDSee\01Personal\2024\06France\2024-06-26(609).heic tag_year='0000000' tag_year_int=0
2024-07-31,13:33:39.384.0,INFO,__main__,adjust_metadata.adjust_metadata:123,Exifread could not handle C:\Users\nedlecky\ACDSee\01Personal\2024\06France\2024-06-26(61).heic tag_year='0000000' tag_year_int=0
2024-07-31,13:33:39.384.0,INFO,__main__,adjust_metadata.adjust_metadata:123,Exifread could not handle C:\Users\nedlecky\ACDSee\01Personal\2024\06France\2024-06-26(610).heic tag_year='0000000' tag_year_int=0
2024-07-31,13:33:39.384.0,INFO,__main__,adjust_metadata.adjust_metadata:123,Exifread could not handle C:\Users\nedlecky\ACDSee\01Personal\2024\06France\2024-06-26(611).heic tag_year='0000000' tag_year_int=0
2024-07-31,13:33:39.385.0,INFO,__main__,adjust_metadata.adjust_metadata:123,Exifread could not handle C:\Users\nedlecky\ACDSee\01Personal\2024\06France\2024-06-26(612).heic tag_year='0000000' tag_year_int=0
2024-07-31,13:33:39.385.0,INFO,__main__,adjust_metadata.adjust_metadata:123,Exifread could not handle C:\Users\nedlecky\ACDSee\01Personal\2024\06France\2024-06-26(613).heic tag_year='0000000' tag_year_int=0
2024-07-31,13:33:39.385.0,INFO,__main__,adjust_metadata.adjust_metadata:123,Exifread could not handle C:\Users\nedlecky\ACDSee\01Personal\2024\06France\2024-06-26(614).heic tag_year='0000000' tag_year_int=0
2024-07-31,13:33:39.385.0,INFO,__main__,adjust_metadata.adjust_metadata:123,Exifread could not handle C:\Users\nedlecky\ACDSee\01Personal\2024\06France\2024-06-26(615).heic tag_year='0000000' tag_year_int=0
2024-07-31,13:33:39.385.0,INFO,__main__,adjust_metadata.adjust_metadata:123,Exifread could not handle C:\Users\nedlecky\ACDSee\01Personal\2024\06France\2024-06-26(616).heic tag_year='0000000' tag_year_int=0
2024-07-31,13:33:39.385.0,INFO,__main__,adjust_metadata.adjust_metadata:123,Exifread could not handle C:\Users\nedlecky\ACDSee\01Personal\2024\06France\2024-06-26(617).heic tag_year='0000000' tag_year_int=0
2024-07-31,13:33:39.385.0,INFO,__main__,adjust_metadata.adjust_metadata:123,Exifread could not handle C:\Users\nedlecky\ACDSee\01Personal\2024\06France\2024-06-26(618).heic tag_year='0000000' tag_year_int=0
2024-07-31,13:33:39.385.0,INFO,__main__,adjust_metadata.adjust_metadata:123,Exifread could not handle C:\Users\nedlecky\ACDSee\01Personal\2024\06France\2024-06-26(619).heic tag_year='0000000' tag_year_int=0
2024-07-31,13:33:39.385.0,INFO,__main__,adjust_metadata.adjust_metadata:123,Exifread could not handle C:\Users\nedlecky\ACDSee\01Personal\2024\06France\2024-06-26(62).heic tag_year='0000000' tag_year_int=0
2024-07-31,13:33:39.385.0,INFO,__main__,adjust_metadata.adjust_metadata:123,Exifread could not handle C:\Users\nedlecky\ACDSee\01Personal\2024\06France\2024-06-26(620).heic tag_year='0000000' tag_year_int=0
2024-07-31,13:33:39.385.0,INFO,__main__,adjust_metadata.adjust_metadata:123,Exifread could not handle C:\Users\nedlecky\ACDSee\01Personal\2024\06France\2024-06-26(621).heic tag_year='0000000' tag_year_int=0
2024-07-31,13:33:39.385.0,INFO,__main__,adjust_metadata.adjust_metadata:123,Exifread could not handle C:\Users\nedlecky\ACDSee\01Personal\2024\06France\2024-06-26(622).heic tag_year='0000000' tag_year_int=0
2024-07-31,13:33:39.385.0,INFO,__main__,adjust_metadata.adjust_metadata:123,Exifread could not handle C:\Users\nedlecky\ACDSee\01Personal\2024\06France\2024-06-26(623).heic tag_year='0000000' tag_year_int=0
2024-07-31,13:33:39.385.0,INFO,__main__,adjust_metadata.adjust_metadata:123,Exifread could not handle C:\Users\nedlecky\ACDSee\01Personal\2024\06France\2024-06-26(624).heic tag_year='0000000' tag_year_int=0
2024-07-31,13:33:39.385.0,INFO,__main__,adjust_metadata.adjust_metadata:123,Exifread could not handle C:\Users\nedlecky\ACDSee\01Personal\2024\06France\2024-06-26(625).heic tag_year='0000000' tag_year_int=0
2024-07-31,13:33:39.386.0,INFO,__main__,adjust_metadata.adjust_metadata:123,Exifread could not handle C:\Users\nedlecky\ACDSee\01Personal\2024\06France\2024-06-26(626).heic tag_year='0000000' tag_year_int=0
2024-07-31,13:33:39.386.0,INFO,__main__,adjust_metadata.adjust_metadata:123,Exifread could not handle C:\Users\nedlecky\ACDSee\01Personal\2024\06France\2024-06-26(627).heic tag_year='0000000' tag_year_int=0
2024-07-31,13:33:39.386.0,INFO,__main__,adjust_metadata.adjust_metadata:123,Exifread could not handle C:\Users\nedlecky\ACDSee\01Personal\2024\06France\2024-06-26(628).heic tag_year='0000000' tag_year_int=0
2024-07-31,13:33:39.386.0,INFO,__main__,adjust_metadata.adjust_metadata:123,Exifread could not handle C:\Users\nedlecky\ACDSee\01Personal\2024\06France\2024-06-26(629).heic tag_year='0000000' tag_year_int=0
2024-07-31,13:33:39.386.0,INFO,__main__,adjust_metadata.adjust_metadata:123,Exifread could not handle C:\Users\nedlecky\ACDSee\01Personal\2024\06France\2024-06-26(63).heic tag_year='0000000' tag_year_int=0
2024-07-31,13:33:39.386.0,INFO,__main__,adjust_metadata.adjust_metadata:123,Exifread could not handle C:\Users\nedlecky\ACDSee\01Personal\2024\06France\2024-06-26(630).heic tag_year='0000000' tag_year_int=0
2024-07-31,13:33:39.386.0,INFO,__main__,adjust_metadata.adjust_metadata:123,Exifread could not handle C:\Users\nedlecky\ACDSee\01Personal\2024\06France\2024-06-26(631).heic tag_year='0000000' tag_year_int=0
2024-07-31,13:33:39.386.0,INFO,__main__,adjust_metadata.adjust_metadata:123,Exifread could not handle C:\Users\nedlecky\ACDSee\01Personal\2024\06France\2024-06-26(632).heic tag_year='0000000' tag_year_int=0
2024-07-31,13:33:39.387.0,INFO,__main__,adjust_metadata.adjust_metadata:123,Exifread could not handle C:\Users\nedlecky\ACDSee\01Personal\2024\06France\2024-06-26(633).heic tag_year='0000000' tag_year_int=0
2024-07-31,13:33:39.387.0,INFO,__main__,adjust_metadata.adjust_metadata:123,Exifread could not handle C:\Users\nedlecky\ACDSee\01Personal\2024\06France\2024-06-26(634).heic tag_year='0000000' tag_year_int=0
2024-07-31,13:33:39.387.0,INFO,__main__,adjust_metadata.adjust_metadata:123,Exifread could not handle C:\Users\nedlecky\ACDSee\01Personal\2024\06France\2024-06-26(635).heic tag_year='0000000' tag_year_int=0
2024-07-31,13:33:39.387.0,INFO,__main__,adjust_metadata.adjust_metadata:123,Exifread could not handle C:\Users\nedlecky\ACDSee\01Personal\2024\06France\2024-06-26(636).heic tag_year='0000000' tag_year_int=0
2024-07-31,13:33:39.387.0,INFO,__main__,adjust_metadata.adjust_metadata:123,Exifread could not handle C:\Users\nedlecky\ACDSee\01Personal\2024\06France\2024-06-26(637).heic tag_year='0000000' tag_year_int=0
2024-07-31,13:33:39.387.0,INFO,__main__,adjust_metadata.adjust_metadata:123,Exifread could not handle C:\Users\nedlecky\ACDSee\01Personal\2024\06France\2024-06-26(638).heic tag_year='0000000' tag_year_int=0
2024-07-31,13:33:39.387.0,INFO,__main__,adjust_metadata.adjust_metadata:123,Exifread could not handle C:\Users\nedlecky\ACDSee\01Personal\2024\06France\2024-06-26(639).heic tag_year='0000000' tag_year_int=0
2024-07-31,13:33:39.387.0,INFO,__main__,adjust_metadata.adjust_metadata:123,Exifread could not handle C:\Users\nedlecky\ACDSee\01Personal\2024\06France\2024-06-26(64).heic tag_year='0000000' tag_year_int=0
2024-07-31,13:33:39.387.0,INFO,__main__,adjust_metadata.adjust_metadata:123,Exifread could not handle C:\Users\nedlecky\ACDSee\01Personal\2024\06France\2024-06-26(640).heic tag_year='0000000' tag_year_int=0
2024-07-31,13:33:39.388.0,INFO,__main__,adjust_metadata.adjust_metadata:123,Exifread could not handle C:\Users\nedlecky\ACDSee\01Personal\2024\06France\2024-06-26(641).heic tag_year='0000000' tag_year_int=0
2024-07-31,13:33:39.388.0,INFO,__main__,adjust_metadata.adjust_metadata:123,Exifread could not handle C:\Users\nedlecky\ACDSee\01Personal\2024\06France\2024-06-26(642).heic tag_year='0000000' tag_year_int=0
2024-07-31,13:33:39.388.0,INFO,__main__,adjust_metadata.adjust_metadata:123,Exifread could not handle C:\Users\nedlecky\ACDSee\01Personal\2024\06France\2024-06-26(643).heic tag_year='0000000' tag_year_int=0
2024-07-31,13:33:39.388.0,INFO,__main__,adjust_metadata.adjust_metadata:123,Exifread could not handle C:\Users\nedlecky\ACDSee\01Personal\2024\06France\2024-06-26(644).heic tag_year='0000000' tag_year_int=0
2024-07-31,13:33:39.388.0,INFO,__main__,adjust_metadata.adjust_metadata:123,Exifread could not handle C:\Users\nedlecky\ACDSee\01Personal\2024\06France\2024-06-26(645).heic tag_year='0000000' tag_year_int=0
2024-07-31,13:33:39.388.0,INFO,__main__,adjust_metadata.adjust_metadata:123,Exifread could not handle C:\Users\nedlecky\ACDSee\01Personal\2024\06France\2024-06-26(646).heic tag_year='0000000' tag_year_int=0
2024-07-31,13:33:39.388.0,INFO,__main__,adjust_metadata.adjust_metadata:123,Exifread could not handle C:\Users\nedlecky\ACDSee\01Personal\2024\06France\2024-06-26(647).heic tag_year='0000000' tag_year_int=0
2024-07-31,13:33:39.388.0,INFO,__main__,adjust_metadata.adjust_metadata:123,Exifread could not handle C:\Users\nedlecky\ACDSee\01Personal\2024\06France\2024-06-26(648).heic tag_year='0000000' tag_year_int=0
2024-07-31,13:33:39.388.0,INFO,__main__,adjust_metadata.adjust_metadata:123,Exifread could not handle C:\Users\nedlecky\ACDSee\01Personal\2024\06France\2024-06-26(649).heic tag_year='0000000' tag_year_int=0
2024-07-31,13:33:39.389.0,INFO,__main__,adjust_metadata.adjust_metadata:123,Exifread could not handle C:\Users\nedlecky\ACDSee\01Personal\2024\06France\2024-06-26(65).heic tag_year='0000000' tag_year_int=0
2024-07-31,13:33:39.389.0,INFO,__main__,adjust_metadata.adjust_metadata:123,Exifread could not handle C:\Users\nedlecky\ACDSee\01Personal\2024\06France\2024-06-26(650).heic tag_year='0000000' tag_year_int=0
2024-07-31,13:33:39.389.0,INFO,__main__,adjust_metadata.adjust_metadata:123,Exifread could not handle C:\Users\nedlecky\ACDSee\01Personal\2024\06France\2024-06-26(651).heic tag_year='0000000' tag_year_int=0
2024-07-31,13:33:39.389.0,INFO,__main__,adjust_metadata.adjust_metadata:123,Exifread could not handle C:\Users\nedlecky\ACDSee\01Personal\2024\06France\2024-06-26(652).heic tag_year='0000000' tag_year_int=0
2024-07-31,13:33:39.389.0,INFO,__main__,adjust_metadata.adjust_metadata:123,Exifread could not handle C:\Users\nedlecky\ACDSee\01Personal\2024\06France\2024-06-26(653).heic tag_year='0000000' tag_year_int=0
2024-07-31,13:33:39.389.0,INFO,__main__,adjust_metadata.adjust_metadata:123,Exifread could not handle C:\Users\nedlecky\ACDSee\01Personal\2024\06France\2024-06-26(654).heic tag_year='0000000' tag_year_int=0
2024-07-31,13:33:39.390.0,INFO,__main__,adjust_metadata.adjust_metadata:123,Exifread could not handle C:\Users\nedlecky\ACDSee\01Personal\2024\06France\2024-06-26(655).heic tag_year='0000000' tag_year_int=0
2024-07-31,13:33:39.390.0,INFO,__main__,adjust_metadata.adjust_metadata:123,Exifread could not handle C:\Users\nedlecky\ACDSee\01Personal\2024\06France\2024-06-26(656).heic tag_year='0000000' tag_year_int=0
2024-07-31,13:33:39.390.0,INFO,__main__,adjust_metadata.adjust_metadata:123,Exifread could not handle C:\Users\nedlecky\ACDSee\01Personal\2024\06France\2024-06-26(657).heic tag_year='0000000' tag_year_int=0
2024-07-31,13:33:39.390.0,INFO,__main__,adjust_metadata.adjust_metadata:123,Exifread could not handle C:\Users\nedlecky\ACDSee\01Personal\2024\06France\2024-06-26(658).heic tag_year='0000000' tag_year_int=0
2024-07-31,13:33:39.390.0,INFO,__main__,adjust_metadata.adjust_metadata:123,Exifread could not handle C:\Users\nedlecky\ACDSee\01Personal\2024\06France\2024-06-26(659).heic tag_year='0000000' tag_year_int=0
2024-07-31,13:33:39.390.0,INFO,__main__,adjust_metadata.adjust_metadata:123,Exifread could not handle C:\Users\nedlecky\ACDSee\01Personal\2024\06France\2024-06-26(66).heic tag_year='0000000' tag_year_int=0
2024-07-31,13:33:39.391.0,INFO,__main__,adjust_metadata.adjust_metadata:123,Exifread could not handle C:\Users\nedlecky\ACDSee\01Personal\2024\06France\2024-06-26(660).heic tag_year='0000000' tag_year_int=0
2024-07-31,13:33:39.391.0,INFO,__main__,adjust_metadata.adjust_metadata:123,Exifread could not handle C:\Users\nedlecky\ACDSee\01Personal\2024\06France\2024-06-26(661).heic tag_year='0000000' tag_year_int=0
2024-07-31,13:33:39.391.0,INFO,__main__,adjust_metadata.adjust_metadata:123,Exifread could not handle C:\Users\nedlecky\ACDSee\01Personal\2024\06France\2024-06-26(662).heic tag_year='0000000' tag_year_int=0
2024-07-31,13:33:39.391.0,INFO,__main__,adjust_metadata.adjust_metadata:123,Exifread could not handle C:\Users\nedlecky\ACDSee\01Personal\2024\06France\2024-06-26(663).heic tag_year='0000000' tag_year_int=0
2024-07-31,13:33:39.391.0,INFO,__main__,adjust_metadata.adjust_metadata:123,Exifread could not handle C:\Users\nedlecky\ACDSee\01Personal\2024\06France\2024-06-26(664).heic tag_year='0000000' tag_year_int=0
2024-07-31,13:33:39.391.0,INFO,__main__,adjust_metadata.adjust_metadata:123,Exifread could not handle C:\Users\nedlecky\ACDSee\01Personal\2024\06France\2024-06-26(665).heic tag_year='0000000' tag_year_int=0
2024-07-31,13:33:39.392.0,INFO,__main__,adjust_metadata.adjust_metadata:123,Exifread could not handle C:\Users\nedlecky\ACDSee\01Personal\2024\06France\2024-06-26(666).heic tag_year='0000000' tag_year_int=0
2024-07-31,13:33:39.392.0,INFO,__main__,adjust_metadata.adjust_metadata:123,Exifread could not handle C:\Users\nedlecky\ACDSee\01Personal\2024\06France\2024-06-26(667).heic tag_year='0000000' tag_year_int=0
2024-07-31,13:33:39.392.0,INFO,__main__,adjust_metadata.adjust_metadata:123,Exifread could not handle C:\Users\nedlecky\ACDSee\01Personal\2024\06France\2024-06-26(668).heic tag_year='0000000' tag_year_int=0
2024-07-31,13:33:39.392.0,INFO,__main__,adjust_metadata.adjust_metadata:123,Exifread could not handle C:\Users\nedlecky\ACDSee\01Personal\2024\06France\2024-06-26(669).heic tag_year='0000000' tag_year_int=0
2024-07-31,13:33:39.392.0,INFO,__main__,adjust_metadata.adjust_metadata:123,Exifread could not handle C:\Users\nedlecky\ACDSee\01Personal\2024\06France\2024-06-26(67).heic tag_year='0000000' tag_year_int=0
2024-07-31,13:33:39.392.0,INFO,__main__,adjust_metadata.adjust_metadata:123,Exifread could not handle C:\Users\nedlecky\ACDSee\01Personal\2024\06France\2024-06-26(670).heic tag_year='0000000' tag_year_int=0
2024-07-31,13:33:39.392.0,INFO,__main__,adjust_metadata.adjust_metadata:123,Exifread could not handle C:\Users\nedlecky\ACDSee\01Personal\2024\06France\2024-06-26(671).heic tag_year='0000000' tag_year_int=0
2024-07-31,13:33:39.392.0,INFO,__main__,adjust_metadata.adjust_metadata:123,Exifread could not handle C:\Users\nedlecky\ACDSee\01Personal\2024\06France\2024-06-26(672).heic tag_year='0000000' tag_year_int=0
2024-07-31,13:33:39.392.0,INFO,__main__,adjust_metadata.adjust_metadata:123,Exifread could not handle C:\Users\nedlecky\ACDSee\01Personal\2024\06France\2024-06-26(673).heic tag_year='0000000' tag_year_int=0
2024-07-31,13:33:39.393.0,INFO,__main__,adjust_metadata.adjust_metadata:123,Exifread could not handle C:\Users\nedlecky\ACDSee\01Personal\2024\06France\2024-06-26(674).heic tag_year='0000000' tag_year_int=0
2024-07-31,13:33:39.393.0,INFO,__main__,adjust_metadata.adjust_metadata:123,Exifread could not handle C:\Users\nedlecky\ACDSee\01Personal\2024\06France\2024-06-26(675).heic tag_year='0000000' tag_year_int=0
2024-07-31,13:33:39.393.0,INFO,__main__,adjust_metadata.adjust_metadata:123,Exifread could not handle C:\Users\nedlecky\ACDSee\01Personal\2024\06France\2024-06-26(676).heic tag_year='0000000' tag_year_int=0
2024-07-31,13:33:39.393.0,INFO,__main__,adjust_metadata.adjust_metadata:123,Exifread could not handle C:\Users\nedlecky\ACDSee\01Personal\2024\06France\2024-06-26(677).heic tag_year='0000000' tag_year_int=0
2024-07-31,13:33:39.393.0,INFO,__main__,adjust_metadata.adjust_metadata:123,Exifread could not handle C:\Users\nedlecky\ACDSee\01Personal\2024\06France\2024-06-26(678).heic tag_year='0000000' tag_year_int=0
2024-07-31,13:33:39.393.0,INFO,__main__,adjust_metadata.adjust_metadata:123,Exifread could not handle C:\Users\nedlecky\ACDSee\01Personal\2024\06France\2024-06-26(679).heic tag_year='0000000' tag_year_int=0
2024-07-31,13:33:39.393.0,INFO,__main__,adjust_metadata.adjust_metadata:123,Exifread could not handle C:\Users\nedlecky\ACDSee\01Personal\2024\06France\2024-06-26(68).heic tag_year='0000000' tag_year_int=0
2024-07-31,13:33:39.393.0,INFO,__main__,adjust_metadata.adjust_metadata:123,Exifread could not handle C:\Users\nedlecky\ACDSee\01Personal\2024\06France\2024-06-26(680).heic tag_year='0000000' tag_year_int=0
2024-07-31,13:33:39.393.0,INFO,__main__,adjust_metadata.adjust_metadata:123,Exifread could not handle C:\Users\nedlecky\ACDSee\01Personal\2024\06France\2024-06-26(681).heic tag_year='0000000' tag_year_int=0
2024-07-31,13:33:39.393.0,INFO,__main__,adjust_metadata.adjust_metadata:123,Exifread could not handle C:\Users\nedlecky\ACDSee\01Personal\2024\06France\2024-06-26(682).heic tag_year='0000000' tag_year_int=0
2024-07-31,13:33:39.394.0,INFO,__main__,adjust_metadata.adjust_metadata:123,Exifread could not handle C:\Users\nedlecky\ACDSee\01Personal\2024\06France\2024-06-26(683).heic tag_year='0000000' tag_year_int=0
2024-07-31,13:33:39.394.0,INFO,__main__,adjust_metadata.adjust_metadata:123,Exifread could not handle C:\Users\nedlecky\ACDSee\01Personal\2024\06France\2024-06-26(684).heic tag_year='0000000' tag_year_int=0
2024-07-31,13:33:39.394.0,INFO,__main__,adjust_metadata.adjust_metadata:123,Exifread could not handle C:\Users\nedlecky\ACDSee\01Personal\2024\06France\2024-06-26(685).heic tag_year='0000000' tag_year_int=0
2024-07-31,13:33:39.394.0,INFO,__main__,adjust_metadata.adjust_metadata:123,Exifread could not handle C:\Users\nedlecky\ACDSee\01Personal\2024\06France\2024-06-26(686).heic tag_year='0000000' tag_year_int=0
2024-07-31,13:33:39.394.0,INFO,__main__,adjust_metadata.adjust_metadata:123,Exifread could not handle C:\Users\nedlecky\ACDSee\01Personal\2024\06France\2024-06-26(687).heic tag_year='0000000' tag_year_int=0
2024-07-31,13:33:39.394.0,INFO,__main__,adjust_metadata.adjust_metadata:123,Exifread could not handle C:\Users\nedlecky\ACDSee\01Personal\2024\06France\2024-06-26(688).heic tag_year='0000000' tag_year_int=0
2024-07-31,13:33:39.395.0,INFO,__main__,adjust_metadata.adjust_metadata:123,Exifread could not handle C:\Users\nedlecky\ACDSee\01Personal\2024\06France\2024-06-26(689).heic tag_year='0000000' tag_year_int=0
2024-07-31,13:33:39.395.0,INFO,__main__,adjust_metadata.adjust_metadata:123,Exifread could not handle C:\Users\nedlecky\ACDSee\01Personal\2024\06France\2024-06-26(69).heic tag_year='0000000' tag_year_int=0
2024-07-31,13:33:39.395.0,INFO,__main__,adjust_metadata.adjust_metadata:123,Exifread could not handle C:\Users\nedlecky\ACDSee\01Personal\2024\06France\2024-06-26(690).heic tag_year='0000000' tag_year_int=0
2024-07-31,13:33:39.395.0,INFO,__main__,adjust_metadata.adjust_metadata:123,Exifread could not handle C:\Users\nedlecky\ACDSee\01Personal\2024\06France\2024-06-26(691).heic tag_year='0000000' tag_year_int=0
2024-07-31,13:33:39.395.0,INFO,__main__,adjust_metadata.adjust_metadata:123,Exifread could not handle C:\Users\nedlecky\ACDSee\01Personal\2024\06France\2024-06-26(692).heic tag_year='0000000' tag_year_int=0
2024-07-31,13:33:39.395.0,INFO,__main__,adjust_metadata.adjust_metadata:123,Exifread could not handle C:\Users\nedlecky\ACDSee\01Personal\2024\06France\2024-06-26(693).heic tag_year='0000000' tag_year_int=0
2024-07-31,13:33:39.395.0,INFO,__main__,adjust_metadata.adjust_metadata:123,Exifread could not handle C:\Users\nedlecky\ACDSee\01Personal\2024\06France\2024-06-26(694).heic tag_year='0000000' tag_year_int=0
2024-07-31,13:33:39.395.0,INFO,__main__,adjust_metadata.adjust_metadata:123,Exifread could not handle C:\Users\nedlecky\ACDSee\01Personal\2024\06France\2024-06-26(695).heic tag_year='0000000' tag_year_int=0
2024-07-31,13:33:39.395.0,INFO,__main__,adjust_metadata.adjust_metadata:123,Exifread could not handle C:\Users\nedlecky\ACDSee\01Personal\2024\06France\2024-06-26(696).heic tag_year='0000000' tag_year_int=0
2024-07-31,13:33:39.396.0,INFO,__main__,adjust_metadata.adjust_metadata:123,Exifread could not handle C:\Users\nedlecky\ACDSee\01Personal\2024\06France\2024-06-26(697).heic tag_year='0000000' tag_year_int=0
2024-07-31,13:33:39.396.0,INFO,__main__,adjust_metadata.adjust_metadata:123,Exifread could not handle C:\Users\nedlecky\ACDSee\01Personal\2024\06France\2024-06-26(698).heic tag_year='0000000' tag_year_int=0
2024-07-31,13:33:39.396.0,INFO,__main__,adjust_metadata.adjust_metadata:123,Exifread could not handle C:\Users\nedlecky\ACDSee\01Personal\2024\06France\2024-06-26(699).heic tag_year='0000000' tag_year_int=0
2024-07-31,13:33:39.396.0,INFO,__main__,adjust_metadata.adjust_metadata:123,Exifread could not handle C:\Users\nedlecky\ACDSee\01Personal\2024\06France\2024-06-26(70).heic tag_year='0000000' tag_year_int=0
2024-07-31,13:33:39.396.0,INFO,__main__,adjust_metadata.adjust_metadata:123,Exifread could not handle C:\Users\nedlecky\ACDSee\01Personal\2024\06France\2024-06-26(700).heic tag_year='0000000' tag_year_int=0
2024-07-31,13:33:39.396.0,INFO,__main__,adjust_metadata.adjust_metadata:123,Exifread could not handle C:\Users\nedlecky\ACDSee\01Personal\2024\06France\2024-06-26(701).heic tag_year='0000000' tag_year_int=0
2024-07-31,13:33:39.396.0,INFO,__main__,adjust_metadata.adjust_metadata:123,Exifread could not handle C:\Users\nedlecky\ACDSee\01Personal\2024\06France\2024-06-26(702).heic tag_year='0000000' tag_year_int=0
2024-07-31,13:33:39.396.0,INFO,__main__,adjust_metadata.adjust_metadata:123,Exifread could not handle C:\Users\nedlecky\ACDSee\01Personal\2024\06France\2024-06-26(703).heic tag_year='0000000' tag_year_int=0
2024-07-31,13:33:39.396.0,INFO,__main__,adjust_metadata.adjust_metadata:123,Exifread could not handle C:\Users\nedlecky\ACDSee\01Personal\2024\06France\2024-06-26(704).heic tag_year='0000000' tag_year_int=0
2024-07-31,13:33:39.396.0,INFO,__main__,adjust_metadata.adjust_metadata:123,Exifread could not handle C:\Users\nedlecky\ACDSee\01Personal\2024\06France\2024-06-26(705).heic tag_year='0000000' tag_year_int=0
2024-07-31,13:33:39.396.0,INFO,__main__,adjust_metadata.adjust_metadata:123,Exifread could not handle C:\Users\nedlecky\ACDSee\01Personal\2024\06France\2024-06-26(706).heic tag_year='0000000' tag_year_int=0
2024-07-31,13:33:39.396.0,INFO,__main__,adjust_metadata.adjust_metadata:123,Exifread could not handle C:\Users\nedlecky\ACDSee\01Personal\2024\06France\2024-06-26(707).heic tag_year='0000000' tag_year_int=0
2024-07-31,13:33:39.397.0,INFO,__main__,adjust_metadata.adjust_metadata:123,Exifread could not handle C:\Users\nedlecky\ACDSee\01Personal\2024\06France\2024-06-26(708).heic tag_year='0000000' tag_year_int=0
2024-07-31,13:33:39.397.0,INFO,__main__,adjust_metadata.adjust_metadata:123,Exifread could not handle C:\Users\nedlecky\ACDSee\01Personal\2024\06France\2024-06-26(709).heic tag_year='0000000' tag_year_int=0
2024-07-31,13:33:39.397.0,INFO,__main__,adjust_metadata.adjust_metadata:123,Exifread could not handle C:\Users\nedlecky\ACDSee\01Personal\2024\06France\2024-06-26(71).heic tag_year='0000000' tag_year_int=0
2024-07-31,13:33:39.397.0,INFO,__main__,adjust_metadata.adjust_metadata:123,Exifread could not handle C:\Users\nedlecky\ACDSee\01Personal\2024\06France\2024-06-26(710).heic tag_year='0000000' tag_year_int=0
2024-07-31,13:33:39.397.0,INFO,__main__,adjust_metadata.adjust_metadata:123,Exifread could not handle C:\Users\nedlecky\ACDSee\01Personal\2024\06France\2024-06-26(711).heic tag_year='0000000' tag_year_int=0
2024-07-31,13:33:39.397.0,INFO,__main__,adjust_metadata.adjust_metadata:123,Exifread could not handle C:\Users\nedlecky\ACDSee\01Personal\2024\06France\2024-06-26(712).heic tag_year='0000000' tag_year_int=0
2024-07-31,13:33:39.397.0,INFO,__main__,adjust_metadata.adjust_metadata:123,Exifread could not handle C:\Users\nedlecky\ACDSee\01Personal\2024\06France\2024-06-26(713).heic tag_year='0000000' tag_year_int=0
2024-07-31,13:33:39.397.0,INFO,__main__,adjust_metadata.adjust_metadata:123,Exifread could not handle C:\Users\nedlecky\ACDSee\01Personal\2024\06France\2024-06-26(714).heic tag_year='0000000' tag_year_int=0
2024-07-31,13:33:39.397.0,INFO,__main__,adjust_metadata.adjust_metadata:123,Exifread could not handle C:\Users\nedlecky\ACDSee\01Personal\2024\06France\2024-06-26(715).heic tag_year='0000000' tag_year_int=0
2024-07-31,13:33:39.397.0,INFO,__main__,adjust_metadata.adjust_metadata:123,Exifread could not handle C:\Users\nedlecky\ACDSee\01Personal\2024\06France\2024-06-26(716).heic tag_year='0000000' tag_year_int=0
2024-07-31,13:33:39.397.0,INFO,__main__,adjust_metadata.adjust_metadata:123,Exifread could not handle C:\Users\nedlecky\ACDSee\01Personal\2024\06France\2024-06-26(717).heic tag_year='0000000' tag_year_int=0
2024-07-31,13:33:39.398.0,INFO,__main__,adjust_metadata.adjust_metadata:123,Exifread could not handle C:\Users\nedlecky\ACDSee\01Personal\2024\06France\2024-06-26(718).heic tag_year='0000000' tag_year_int=0
2024-07-31,13:33:39.398.0,INFO,__main__,adjust_metadata.adjust_metadata:123,Exifread could not handle C:\Users\nedlecky\ACDSee\01Personal\2024\06France\2024-06-26(719).heic tag_year='0000000' tag_year_int=0
2024-07-31,13:33:39.398.0,INFO,__main__,adjust_metadata.adjust_metadata:123,Exifread could not handle C:\Users\nedlecky\ACDSee\01Personal\2024\06France\2024-06-26(72).heic tag_year='0000000' tag_year_int=0
2024-07-31,13:33:39.398.0,INFO,__main__,adjust_metadata.adjust_metadata:123,Exifread could not handle C:\Users\nedlecky\ACDSee\01Personal\2024\06France\2024-06-26(720).heic tag_year='0000000' tag_year_int=0
2024-07-31,13:33:39.398.0,INFO,__main__,adjust_metadata.adjust_metadata:123,Exifread could not handle C:\Users\nedlecky\ACDSee\01Personal\2024\06France\2024-06-26(721).heic tag_year='0000000' tag_year_int=0
2024-07-31,13:33:39.398.0,INFO,__main__,adjust_metadata.adjust_metadata:123,Exifread could not handle C:\Users\nedlecky\ACDSee\01Personal\2024\06France\2024-06-26(722).heic tag_year='0000000' tag_year_int=0
2024-07-31,13:33:39.398.0,INFO,__main__,adjust_metadata.adjust_metadata:123,Exifread could not handle C:\Users\nedlecky\ACDSee\01Personal\2024\06France\2024-06-26(723).heic tag_year='0000000' tag_year_int=0
2024-07-31,13:33:39.398.0,INFO,__main__,adjust_metadata.adjust_metadata:123,Exifread could not handle C:\Users\nedlecky\ACDSee\01Personal\2024\06France\2024-06-26(724).heic tag_year='0000000' tag_year_int=0
2024-07-31,13:33:39.398.0,INFO,__main__,adjust_metadata.adjust_metadata:123,Exifread could not handle C:\Users\nedlecky\ACDSee\01Personal\2024\06France\2024-06-26(725).heic tag_year='0000000' tag_year_int=0
2024-07-31,13:33:39.398.0,INFO,__main__,adjust_metadata.adjust_metadata:123,Exifread could not handle C:\Users\nedlecky\ACDSee\01Personal\2024\06France\2024-06-26(726).heic tag_year='0000000' tag_year_int=0
2024-07-31,13:33:39.398.0,INFO,__main__,adjust_metadata.adjust_metadata:123,Exifread could not handle C:\Users\nedlecky\ACDSee\01Personal\2024\06France\2024-06-26(727).heic tag_year='0000000' tag_year_int=0
2024-07-31,13:33:39.399.0,INFO,__main__,adjust_metadata.adjust_metadata:123,Exifread could not handle C:\Users\nedlecky\ACDSee\01Personal\2024\06France\2024-06-26(728).heic tag_year='0000000' tag_year_int=0
2024-07-31,13:33:39.399.0,INFO,__main__,adjust_metadata.adjust_metadata:123,Exifread could not handle C:\Users\nedlecky\ACDSee\01Personal\2024\06France\2024-06-26(729).heic tag_year='0000000' tag_year_int=0
2024-07-31,13:33:39.399.0,INFO,__main__,adjust_metadata.adjust_metadata:123,Exifread could not handle C:\Users\nedlecky\ACDSee\01Personal\2024\06France\2024-06-26(73).heic tag_year='0000000' tag_year_int=0
2024-07-31,13:33:39.399.0,INFO,__main__,adjust_metadata.adjust_metadata:123,Exifread could not handle C:\Users\nedlecky\ACDSee\01Personal\2024\06France\2024-06-26(730).heic tag_year='0000000' tag_year_int=0
2024-07-31,13:33:39.399.0,INFO,__main__,adjust_metadata.adjust_metadata:123,Exifread could not handle C:\Users\nedlecky\ACDSee\01Personal\2024\06France\2024-06-26(731).heic tag_year='0000000' tag_year_int=0
2024-07-31,13:33:39.399.0,INFO,__main__,adjust_metadata.adjust_metadata:123,Exifread could not handle C:\Users\nedlecky\ACDSee\01Personal\2024\06France\2024-06-26(732).heic tag_year='0000000' tag_year_int=0
2024-07-31,13:33:39.399.0,INFO,__main__,adjust_metadata.adjust_metadata:123,Exifread could not handle C:\Users\nedlecky\ACDSee\01Personal\2024\06France\2024-06-26(733).heic tag_year='0000000' tag_year_int=0
2024-07-31,13:33:39.399.0,INFO,__main__,adjust_metadata.adjust_metadata:123,Exifread could not handle C:\Users\nedlecky\ACDSee\01Personal\2024\06France\2024-06-26(734).heic tag_year='0000000' tag_year_int=0
2024-07-31,13:33:39.399.0,INFO,__main__,adjust_metadata.adjust_metadata:123,Exifread could not handle C:\Users\nedlecky\ACDSee\01Personal\2024\06France\2024-06-26(735).heic tag_year='0000000' tag_year_int=0
2024-07-31,13:33:39.399.0,INFO,__main__,adjust_metadata.adjust_metadata:123,Exifread could not handle C:\Users\nedlecky\ACDSee\01Personal\2024\06France\2024-06-26(736).heic tag_year='0000000' tag_year_int=0
2024-07-31,13:33:39.400.0,INFO,__main__,adjust_metadata.adjust_metadata:123,Exifread could not handle C:\Users\nedlecky\ACDSee\01Personal\2024\06France\2024-06-26(737).heic tag_year='0000000' tag_year_int=0
2024-07-31,13:33:39.400.0,INFO,__main__,adjust_metadata.adjust_metadata:123,Exifread could not handle C:\Users\nedlecky\ACDSee\01Personal\2024\06France\2024-06-26(738).heic tag_year='0000000' tag_year_int=0
2024-07-31,13:33:39.400.0,INFO,__main__,adjust_metadata.adjust_metadata:123,Exifread could not handle C:\Users\nedlecky\ACDSee\01Personal\2024\06France\2024-06-26(739).heic tag_year='0000000' tag_year_int=0
2024-07-31,13:33:39.400.0,INFO,__main__,adjust_metadata.adjust_metadata:123,Exifread could not handle C:\Users\nedlecky\ACDSee\01Personal\2024\06France\2024-06-26(74).heic tag_year='0000000' tag_year_int=0
2024-07-31,13:33:39.400.0,INFO,__main__,adjust_metadata.adjust_metadata:123,Exifread could not handle C:\Users\nedlecky\ACDSee\01Personal\2024\06France\2024-06-26(740).heic tag_year='0000000' tag_year_int=0
2024-07-31,13:33:39.400.0,INFO,__main__,adjust_metadata.adjust_metadata:123,Exifread could not handle C:\Users\nedlecky\ACDSee\01Personal\2024\06France\2024-06-26(741).heic tag_year='0000000' tag_year_int=0
2024-07-31,13:33:39.400.0,INFO,__main__,adjust_metadata.adjust_metadata:123,Exifread could not handle C:\Users\nedlecky\ACDSee\01Personal\2024\06France\2024-06-26(742).heic tag_year='0000000' tag_year_int=0
2024-07-31,13:33:39.400.0,INFO,__main__,adjust_metadata.adjust_metadata:123,Exifread could not handle C:\Users\nedlecky\ACDSee\01Personal\2024\06France\2024-06-26(743).heic tag_year='0000000' tag_year_int=0
2024-07-31,13:33:39.400.0,INFO,__main__,adjust_metadata.adjust_metadata:123,Exifread could not handle C:\Users\nedlecky\ACDSee\01Personal\2024\06France\2024-06-26(744).heic tag_year='0000000' tag_year_int=0
2024-07-31,13:33:39.400.0,INFO,__main__,adjust_metadata.adjust_metadata:123,Exifread could not handle C:\Users\nedlecky\ACDSee\01Personal\2024\06France\2024-06-26(745).heic tag_year='0000000' tag_year_int=0
2024-07-31,13:33:39.402.0,INFO,__main__,adjust_metadata.adjust_metadata:123,Exifread could not handle C:\Users\nedlecky\ACDSee\01Personal\2024\06France\2024-06-26(746).heic tag_year='0000000' tag_year_int=0
2024-07-31,13:33:39.402.0,INFO,__main__,adjust_metadata.adjust_metadata:123,Exifread could not handle C:\Users\nedlecky\ACDSee\01Personal\2024\06France\2024-06-26(747).heic tag_year='0000000' tag_year_int=0
2024-07-31,13:33:39.402.0,INFO,__main__,adjust_metadata.adjust_metadata:123,Exifread could not handle C:\Users\nedlecky\ACDSee\01Personal\2024\06France\2024-06-26(748).heic tag_year='0000000' tag_year_int=0
2024-07-31,13:33:39.402.0,INFO,__main__,adjust_metadata.adjust_metadata:123,Exifread could not handle C:\Users\nedlecky\ACDSee\01Personal\2024\06France\2024-06-26(749).heic tag_year='0000000' tag_year_int=0
2024-07-31,13:33:39.402.0,INFO,__main__,adjust_metadata.adjust_metadata:123,Exifread could not handle C:\Users\nedlecky\ACDSee\01Personal\2024\06France\2024-06-26(75).heic tag_year='0000000' tag_year_int=0
2024-07-31,13:33:39.402.0,INFO,__main__,adjust_metadata.adjust_metadata:123,Exifread could not handle C:\Users\nedlecky\ACDSee\01Personal\2024\06France\2024-06-26(750).heic tag_year='0000000' tag_year_int=0
2024-07-31,13:33:39.403.0,INFO,__main__,adjust_metadata.adjust_metadata:123,Exifread could not handle C:\Users\nedlecky\ACDSee\01Personal\2024\06France\2024-06-26(751).heic tag_year='0000000' tag_year_int=0
2024-07-31,13:33:39.403.0,INFO,__main__,adjust_metadata.adjust_metadata:123,Exifread could not handle C:\Users\nedlecky\ACDSee\01Personal\2024\06France\2024-06-26(752).heic tag_year='0000000' tag_year_int=0
2024-07-31,13:33:39.403.0,INFO,__main__,adjust_metadata.adjust_metadata:123,Exifread could not handle C:\Users\nedlecky\ACDSee\01Personal\2024\06France\2024-06-26(753).heic tag_year='0000000' tag_year_int=0
2024-07-31,13:33:39.403.0,INFO,__main__,adjust_metadata.adjust_metadata:123,Exifread could not handle C:\Users\nedlecky\ACDSee\01Personal\2024\06France\2024-06-26(754).heic tag_year='0000000' tag_year_int=0
2024-07-31,13:33:39.403.0,INFO,__main__,adjust_metadata.adjust_metadata:123,Exifread could not handle C:\Users\nedlecky\ACDSee\01Personal\2024\06France\2024-06-26(755).heic tag_year='0000000' tag_year_int=0
2024-07-31,13:33:39.403.0,INFO,__main__,adjust_metadata.adjust_metadata:123,Exifread could not handle C:\Users\nedlecky\ACDSee\01Personal\2024\06France\2024-06-26(756).heic tag_year='0000000' tag_year_int=0
2024-07-31,13:33:39.403.0,INFO,__main__,adjust_metadata.adjust_metadata:123,Exifread could not handle C:\Users\nedlecky\ACDSee\01Personal\2024\06France\2024-06-26(757).heic tag_year='0000000' tag_year_int=0
2024-07-31,13:33:39.403.0,INFO,__main__,adjust_metadata.adjust_metadata:123,Exifread could not handle C:\Users\nedlecky\ACDSee\01Personal\2024\06France\2024-06-26(758).heic tag_year='0000000' tag_year_int=0
2024-07-31,13:33:39.403.0,INFO,__main__,adjust_metadata.adjust_metadata:123,Exifread could not handle C:\Users\nedlecky\ACDSee\01Personal\2024\06France\2024-06-26(759).heic tag_year='0000000' tag_year_int=0
2024-07-31,13:33:39.403.0,INFO,__main__,adjust_metadata.adjust_metadata:123,Exifread could not handle C:\Users\nedlecky\ACDSee\01Personal\2024\06France\2024-06-26(76).heic tag_year='0000000' tag_year_int=0
2024-07-31,13:33:39.403.0,INFO,__main__,adjust_metadata.adjust_metadata:123,Exifread could not handle C:\Users\nedlecky\ACDSee\01Personal\2024\06France\2024-06-26(760).heic tag_year='0000000' tag_year_int=0
2024-07-31,13:33:39.403.0,INFO,__main__,adjust_metadata.adjust_metadata:123,Exifread could not handle C:\Users\nedlecky\ACDSee\01Personal\2024\06France\2024-06-26(761).heic tag_year='0000000' tag_year_int=0
2024-07-31,13:33:39.403.0,INFO,__main__,adjust_metadata.adjust_metadata:123,Exifread could not handle C:\Users\nedlecky\ACDSee\01Personal\2024\06France\2024-06-26(762).heic tag_year='0000000' tag_year_int=0
2024-07-31,13:33:39.403.0,INFO,__main__,adjust_metadata.adjust_metadata:123,Exifread could not handle C:\Users\nedlecky\ACDSee\01Personal\2024\06France\2024-06-26(763).heic tag_year='0000000' tag_year_int=0
2024-07-31,13:33:39.404.0,INFO,__main__,adjust_metadata.adjust_metadata:123,Exifread could not handle C:\Users\nedlecky\ACDSee\01Personal\2024\06France\2024-06-26(764).heic tag_year='0000000' tag_year_int=0
2024-07-31,13:33:39.404.0,INFO,__main__,adjust_metadata.adjust_metadata:123,Exifread could not handle C:\Users\nedlecky\ACDSee\01Personal\2024\06France\2024-06-26(765).heic tag_year='0000000' tag_year_int=0
2024-07-31,13:33:39.404.0,INFO,__main__,adjust_metadata.adjust_metadata:123,Exifread could not handle C:\Users\nedlecky\ACDSee\01Personal\2024\06France\2024-06-26(766).heic tag_year='0000000' tag_year_int=0
2024-07-31,13:33:39.404.0,INFO,__main__,adjust_metadata.adjust_metadata:123,Exifread could not handle C:\Users\nedlecky\ACDSee\01Personal\2024\06France\2024-06-26(767).heic tag_year='0000000' tag_year_int=0
2024-07-31,13:33:39.404.0,INFO,__main__,adjust_metadata.adjust_metadata:123,Exifread could not handle C:\Users\nedlecky\ACDSee\01Personal\2024\06France\2024-06-26(768).heic tag_year='0000000' tag_year_int=0
2024-07-31,13:33:39.404.0,INFO,__main__,adjust_metadata.adjust_metadata:123,Exifread could not handle C:\Users\nedlecky\ACDSee\01Personal\2024\06France\2024-06-26(769).heic tag_year='0000000' tag_year_int=0
2024-07-31,13:33:39.404.0,INFO,__main__,adjust_metadata.adjust_metadata:123,Exifread could not handle C:\Users\nedlecky\ACDSee\01Personal\2024\06France\2024-06-26(77).heic tag_year='0000000' tag_year_int=0
2024-07-31,13:33:39.404.0,INFO,__main__,adjust_metadata.adjust_metadata:123,Exifread could not handle C:\Users\nedlecky\ACDSee\01Personal\2024\06France\2024-06-26(770).heic tag_year='0000000' tag_year_int=0
2024-07-31,13:33:39.404.0,INFO,__main__,adjust_metadata.adjust_metadata:123,Exifread could not handle C:\Users\nedlecky\ACDSee\01Personal\2024\06France\2024-06-26(771).heic tag_year='0000000' tag_year_int=0
2024-07-31,13:33:39.404.0,INFO,__main__,adjust_metadata.adjust_metadata:123,Exifread could not handle C:\Users\nedlecky\ACDSee\01Personal\2024\06France\2024-06-26(772).heic tag_year='0000000' tag_year_int=0
2024-07-31,13:33:39.404.0,INFO,__main__,adjust_metadata.adjust_metadata:123,Exifread could not handle C:\Users\nedlecky\ACDSee\01Personal\2024\06France\2024-06-26(773).heic tag_year='0000000' tag_year_int=0
2024-07-31,13:33:39.404.0,INFO,__main__,adjust_metadata.adjust_metadata:123,Exifread could not handle C:\Users\nedlecky\ACDSee\01Personal\2024\06France\2024-06-26(774).heic tag_year='0000000' tag_year_int=0
2024-07-31,13:33:39.404.0,INFO,__main__,adjust_metadata.adjust_metadata:123,Exifread could not handle C:\Users\nedlecky\ACDSee\01Personal\2024\06France\2024-06-26(775).heic tag_year='0000000' tag_year_int=0
2024-07-31,13:33:39.404.0,INFO,__main__,adjust_metadata.adjust_metadata:123,Exifread could not handle C:\Users\nedlecky\ACDSee\01Personal\2024\06France\2024-06-26(776).heic tag_year='0000000' tag_year_int=0
2024-07-31,13:33:39.405.0,INFO,__main__,adjust_metadata.adjust_metadata:123,Exifread could not handle C:\Users\nedlecky\ACDSee\01Personal\2024\06France\2024-06-26(777).heic tag_year='0000000' tag_year_int=0
2024-07-31,13:33:39.405.0,INFO,__main__,adjust_metadata.adjust_metadata:123,Exifread could not handle C:\Users\nedlecky\ACDSee\01Personal\2024\06France\2024-06-26(778).heic tag_year='0000000' tag_year_int=0
2024-07-31,13:33:39.405.0,INFO,__main__,adjust_metadata.adjust_metadata:123,Exifread could not handle C:\Users\nedlecky\ACDSee\01Personal\2024\06France\2024-06-26(779).heic tag_year='0000000' tag_year_int=0
2024-07-31,13:33:39.405.0,INFO,__main__,adjust_metadata.adjust_metadata:123,Exifread could not handle C:\Users\nedlecky\ACDSee\01Personal\2024\06France\2024-06-26(78).heic tag_year='0000000' tag_year_int=0
2024-07-31,13:33:39.405.0,INFO,__main__,adjust_metadata.adjust_metadata:123,Exifread could not handle C:\Users\nedlecky\ACDSee\01Personal\2024\06France\2024-06-26(780).heic tag_year='0000000' tag_year_int=0
2024-07-31,13:33:39.405.0,INFO,__main__,adjust_metadata.adjust_metadata:123,Exifread could not handle C:\Users\nedlecky\ACDSee\01Personal\2024\06France\2024-06-26(781).heic tag_year='0000000' tag_year_int=0
2024-07-31,13:33:39.405.0,INFO,__main__,adjust_metadata.adjust_metadata:123,Exifread could not handle C:\Users\nedlecky\ACDSee\01Personal\2024\06France\2024-06-26(782).heic tag_year='0000000' tag_year_int=0
2024-07-31,13:33:39.405.0,INFO,__main__,adjust_metadata.adjust_metadata:123,Exifread could not handle C:\Users\nedlecky\ACDSee\01Personal\2024\06France\2024-06-26(783).heic tag_year='0000000' tag_year_int=0
2024-07-31,13:33:39.405.0,INFO,__main__,adjust_metadata.adjust_metadata:123,Exifread could not handle C:\Users\nedlecky\ACDSee\01Personal\2024\06France\2024-06-26(784).heic tag_year='0000000' tag_year_int=0
2024-07-31,13:33:39.405.0,INFO,__main__,adjust_metadata.adjust_metadata:123,Exifread could not handle C:\Users\nedlecky\ACDSee\01Personal\2024\06France\2024-06-26(785).heic tag_year='0000000' tag_year_int=0
2024-07-31,13:33:39.405.0,INFO,__main__,adjust_metadata.adjust_metadata:123,Exifread could not handle C:\Users\nedlecky\ACDSee\01Personal\2024\06France\2024-06-26(786).heic tag_year='0000000' tag_year_int=0
2024-07-31,13:33:39.405.0,INFO,__main__,adjust_metadata.adjust_metadata:123,Exifread could not handle C:\Users\nedlecky\ACDSee\01Personal\2024\06France\2024-06-26(787).heic tag_year='0000000' tag_year_int=0
2024-07-31,13:33:39.405.0,INFO,__main__,adjust_metadata.adjust_metadata:123,Exifread could not handle C:\Users\nedlecky\ACDSee\01Personal\2024\06France\2024-06-26(788).heic tag_year='0000000' tag_year_int=0
2024-07-31,13:33:39.405.0,INFO,__main__,adjust_metadata.adjust_metadata:123,Exifread could not handle C:\Users\nedlecky\ACDSee\01Personal\2024\06France\2024-06-26(789).heic tag_year='0000000' tag_year_int=0
2024-07-31,13:33:39.405.0,INFO,__main__,adjust_metadata.adjust_metadata:123,Exifread could not handle C:\Users\nedlecky\ACDSee\01Personal\2024\06France\2024-06-26(79).heic tag_year='0000000' tag_year_int=0
2024-07-31,13:33:39.406.0,INFO,__main__,adjust_metadata.adjust_metadata:123,Exifread could not handle C:\Users\nedlecky\ACDSee\01Personal\2024\06France\2024-06-26(790).heic tag_year='0000000' tag_year_int=0
2024-07-31,13:33:39.406.0,INFO,__main__,adjust_metadata.adjust_metadata:123,Exifread could not handle C:\Users\nedlecky\ACDSee\01Personal\2024\06France\2024-06-26(791).heic tag_year='0000000' tag_year_int=0
2024-07-31,13:33:39.406.0,INFO,__main__,adjust_metadata.adjust_metadata:123,Exifread could not handle C:\Users\nedlecky\ACDSee\01Personal\2024\06France\2024-06-26(792).heic tag_year='0000000' tag_year_int=0
2024-07-31,13:33:39.406.0,INFO,__main__,adjust_metadata.adjust_metadata:123,Exifread could not handle C:\Users\nedlecky\ACDSee\01Personal\2024\06France\2024-06-26(793).heic tag_year='0000000' tag_year_int=0
2024-07-31,13:33:39.406.0,INFO,__main__,adjust_metadata.adjust_metadata:123,Exifread could not handle C:\Users\nedlecky\ACDSee\01Personal\2024\06France\2024-06-26(794).heic tag_year='0000000' tag_year_int=0
2024-07-31,13:33:39.406.0,INFO,__main__,adjust_metadata.adjust_metadata:123,Exifread could not handle C:\Users\nedlecky\ACDSee\01Personal\2024\06France\2024-06-26(795).heic tag_year='0000000' tag_year_int=0
2024-07-31,13:33:39.406.0,INFO,__main__,adjust_metadata.adjust_metadata:123,Exifread could not handle C:\Users\nedlecky\ACDSee\01Personal\2024\06France\2024-06-26(796).heic tag_year='0000000' tag_year_int=0
2024-07-31,13:33:39.406.0,INFO,__main__,adjust_metadata.adjust_metadata:123,Exifread could not handle C:\Users\nedlecky\ACDSee\01Personal\2024\06France\2024-06-26(797).heic tag_year='0000000' tag_year_int=0
2024-07-31,13:33:39.406.0,INFO,__main__,adjust_metadata.adjust_metadata:123,Exifread could not handle C:\Users\nedlecky\ACDSee\01Personal\2024\06France\2024-06-26(798).heic tag_year='0000000' tag_year_int=0
2024-07-31,13:33:39.406.0,INFO,__main__,adjust_metadata.adjust_metadata:123,Exifread could not handle C:\Users\nedlecky\ACDSee\01Personal\2024\06France\2024-06-26(799).heic tag_year='0000000' tag_year_int=0
2024-07-31,13:33:39.406.0,INFO,__main__,adjust_metadata.adjust_metadata:123,Exifread could not handle C:\Users\nedlecky\ACDSee\01Personal\2024\06France\2024-06-26(80).heic tag_year='0000000' tag_year_int=0
2024-07-31,13:33:39.406.0,INFO,__main__,adjust_metadata.adjust_metadata:123,Exifread could not handle C:\Users\nedlecky\ACDSee\01Personal\2024\06France\2024-06-26(800).heic tag_year='0000000' tag_year_int=0
2024-07-31,13:33:39.406.0,INFO,__main__,adjust_metadata.adjust_metadata:123,Exifread could not handle C:\Users\nedlecky\ACDSee\01Personal\2024\06France\2024-06-26(801).heic tag_year='0000000' tag_year_int=0
2024-07-31,13:33:39.406.0,INFO,__main__,adjust_metadata.adjust_metadata:123,Exifread could not handle C:\Users\nedlecky\ACDSee\01Personal\2024\06France\2024-06-26(802).heic tag_year='0000000' tag_year_int=0
2024-07-31,13:33:39.407.0,INFO,__main__,adjust_metadata.adjust_metadata:123,Exifread could not handle C:\Users\nedlecky\ACDSee\01Personal\2024\06France\2024-06-26(803).heic tag_year='0000000' tag_year_int=0
2024-07-31,13:33:39.407.0,INFO,__main__,adjust_metadata.adjust_metadata:123,Exifread could not handle C:\Users\nedlecky\ACDSee\01Personal\2024\06France\2024-06-26(804).heic tag_year='0000000' tag_year_int=0
2024-07-31,13:33:39.407.0,INFO,__main__,adjust_metadata.adjust_metadata:123,Exifread could not handle C:\Users\nedlecky\ACDSee\01Personal\2024\06France\2024-06-26(805).heic tag_year='0000000' tag_year_int=0
2024-07-31,13:33:39.407.0,INFO,__main__,adjust_metadata.adjust_metadata:123,Exifread could not handle C:\Users\nedlecky\ACDSee\01Personal\2024\06France\2024-06-26(806).heic tag_year='0000000' tag_year_int=0
2024-07-31,13:33:39.407.0,INFO,__main__,adjust_metadata.adjust_metadata:123,Exifread could not handle C:\Users\nedlecky\ACDSee\01Personal\2024\06France\2024-06-26(807).heic tag_year='0000000' tag_year_int=0
2024-07-31,13:33:39.407.0,INFO,__main__,adjust_metadata.adjust_metadata:123,Exifread could not handle C:\Users\nedlecky\ACDSee\01Personal\2024\06France\2024-06-26(808).heic tag_year='0000000' tag_year_int=0
2024-07-31,13:33:39.407.0,INFO,__main__,adjust_metadata.adjust_metadata:123,Exifread could not handle C:\Users\nedlecky\ACDSee\01Personal\2024\06France\2024-06-26(809).heic tag_year='0000000' tag_year_int=0
2024-07-31,13:33:39.407.0,INFO,__main__,adjust_metadata.adjust_metadata:123,Exifread could not handle C:\Users\nedlecky\ACDSee\01Personal\2024\06France\2024-06-26(81).heic tag_year='0000000' tag_year_int=0
2024-07-31,13:33:39.407.0,INFO,__main__,adjust_metadata.adjust_metadata:123,Exifread could not handle C:\Users\nedlecky\ACDSee\01Personal\2024\06France\2024-06-26(810).heic tag_year='0000000' tag_year_int=0
2024-07-31,13:33:39.407.0,INFO,__main__,adjust_metadata.adjust_metadata:123,Exifread could not handle C:\Users\nedlecky\ACDSee\01Personal\2024\06France\2024-06-26(811).heic tag_year='0000000' tag_year_int=0
2024-07-31,13:33:39.407.0,INFO,__main__,adjust_metadata.adjust_metadata:123,Exifread could not handle C:\Users\nedlecky\ACDSee\01Personal\2024\06France\2024-06-26(812).heic tag_year='0000000' tag_year_int=0
2024-07-31,13:33:39.407.0,INFO,__main__,adjust_metadata.adjust_metadata:123,Exifread could not handle C:\Users\nedlecky\ACDSee\01Personal\2024\06France\2024-06-26(813).heic tag_year='0000000' tag_year_int=0
2024-07-31,13:33:39.407.0,INFO,__main__,adjust_metadata.adjust_metadata:123,Exifread could not handle C:\Users\nedlecky\ACDSee\01Personal\2024\06France\2024-06-26(814).heic tag_year='0000000' tag_year_int=0
2024-07-31,13:33:39.407.0,INFO,__main__,adjust_metadata.adjust_metadata:123,Exifread could not handle C:\Users\nedlecky\ACDSee\01Personal\2024\06France\2024-06-26(815).heic tag_year='0000000' tag_year_int=0
2024-07-31,13:33:39.407.0,INFO,__main__,adjust_metadata.adjust_metadata:123,Exifread could not handle C:\Users\nedlecky\ACDSee\01Personal\2024\06France\2024-06-26(816).heic tag_year='0000000' tag_year_int=0
2024-07-31,13:33:39.408.0,INFO,__main__,adjust_metadata.adjust_metadata:123,Exifread could not handle C:\Users\nedlecky\ACDSee\01Personal\2024\06France\2024-06-26(817).heic tag_year='0000000' tag_year_int=0
2024-07-31,13:33:39.408.0,INFO,__main__,adjust_metadata.adjust_metadata:123,Exifread could not handle C:\Users\nedlecky\ACDSee\01Personal\2024\06France\2024-06-26(818).heic tag_year='0000000' tag_year_int=0
2024-07-31,13:33:39.408.0,INFO,__main__,adjust_metadata.adjust_metadata:123,Exifread could not handle C:\Users\nedlecky\ACDSee\01Personal\2024\06France\2024-06-26(819).heic tag_year='0000000' tag_year_int=0
2024-07-31,13:33:39.408.0,INFO,__main__,adjust_metadata.adjust_metadata:123,Exifread could not handle C:\Users\nedlecky\ACDSee\01Personal\2024\06France\2024-06-26(82).heic tag_year='0000000' tag_year_int=0
2024-07-31,13:33:39.408.0,INFO,__main__,adjust_metadata.adjust_metadata:123,Exifread could not handle C:\Users\nedlecky\ACDSee\01Personal\2024\06France\2024-06-26(820).heic tag_year='0000000' tag_year_int=0
2024-07-31,13:33:39.408.0,INFO,__main__,adjust_metadata.adjust_metadata:123,Exifread could not handle C:\Users\nedlecky\ACDSee\01Personal\2024\06France\2024-06-26(821).heic tag_year='0000000' tag_year_int=0
2024-07-31,13:33:39.408.0,INFO,__main__,adjust_metadata.adjust_metadata:123,Exifread could not handle C:\Users\nedlecky\ACDSee\01Personal\2024\06France\2024-06-26(822).heic tag_year='0000000' tag_year_int=0
2024-07-31,13:33:39.408.0,INFO,__main__,adjust_metadata.adjust_metadata:123,Exifread could not handle C:\Users\nedlecky\ACDSee\01Personal\2024\06France\2024-06-26(823).heic tag_year='0000000' tag_year_int=0
2024-07-31,13:33:39.408.0,INFO,__main__,adjust_metadata.adjust_metadata:123,Exifread could not handle C:\Users\nedlecky\ACDSee\01Personal\2024\06France\2024-06-26(824).heic tag_year='0000000' tag_year_int=0
2024-07-31,13:33:39.408.0,INFO,__main__,adjust_metadata.adjust_metadata:123,Exifread could not handle C:\Users\nedlecky\ACDSee\01Personal\2024\06France\2024-06-26(825).heic tag_year='0000000' tag_year_int=0
2024-07-31,13:33:39.408.0,INFO,__main__,adjust_metadata.adjust_metadata:123,Exifread could not handle C:\Users\nedlecky\ACDSee\01Personal\2024\06France\2024-06-26(826).heic tag_year='0000000' tag_year_int=0
2024-07-31,13:33:39.408.0,INFO,__main__,adjust_metadata.adjust_metadata:123,Exifread could not handle C:\Users\nedlecky\ACDSee\01Personal\2024\06France\2024-06-26(827).heic tag_year='0000000' tag_year_int=0
2024-07-31,13:33:39.408.0,INFO,__main__,adjust_metadata.adjust_metadata:123,Exifread could not handle C:\Users\nedlecky\ACDSee\01Personal\2024\06France\2024-06-26(828).heic tag_year='0000000' tag_year_int=0
2024-07-31,13:33:39.408.0,INFO,__main__,adjust_metadata.adjust_metadata:123,Exifread could not handle C:\Users\nedlecky\ACDSee\01Personal\2024\06France\2024-06-26(829).heic tag_year='0000000' tag_year_int=0
2024-07-31,13:33:39.408.0,INFO,__main__,adjust_metadata.adjust_metadata:123,Exifread could not handle C:\Users\nedlecky\ACDSee\01Personal\2024\06France\2024-06-26(83).heic tag_year='0000000' tag_year_int=0
2024-07-31,13:33:39.409.0,INFO,__main__,adjust_metadata.adjust_metadata:123,Exifread could not handle C:\Users\nedlecky\ACDSee\01Personal\2024\06France\2024-06-26(830).heic tag_year='0000000' tag_year_int=0
2024-07-31,13:33:39.409.0,INFO,__main__,adjust_metadata.adjust_metadata:123,Exifread could not handle C:\Users\nedlecky\ACDSee\01Personal\2024\06France\2024-06-26(831).heic tag_year='0000000' tag_year_int=0
2024-07-31,13:33:39.409.0,INFO,__main__,adjust_metadata.adjust_metadata:123,Exifread could not handle C:\Users\nedlecky\ACDSee\01Personal\2024\06France\2024-06-26(832).heic tag_year='0000000' tag_year_int=0
2024-07-31,13:33:39.409.0,INFO,__main__,adjust_metadata.adjust_metadata:123,Exifread could not handle C:\Users\nedlecky\ACDSee\01Personal\2024\06France\2024-06-26(833).heic tag_year='0000000' tag_year_int=0
2024-07-31,13:33:39.409.0,INFO,__main__,adjust_metadata.adjust_metadata:123,Exifread could not handle C:\Users\nedlecky\ACDSee\01Personal\2024\06France\2024-06-26(834).heic tag_year='0000000' tag_year_int=0
2024-07-31,13:33:39.409.0,INFO,__main__,adjust_metadata.adjust_metadata:123,Exifread could not handle C:\Users\nedlecky\ACDSee\01Personal\2024\06France\2024-06-26(835).heic tag_year='0000000' tag_year_int=0
2024-07-31,13:33:39.409.0,INFO,__main__,adjust_metadata.adjust_metadata:123,Exifread could not handle C:\Users\nedlecky\ACDSee\01Personal\2024\06France\2024-06-26(836).heic tag_year='0000000' tag_year_int=0
2024-07-31,13:33:39.409.0,INFO,__main__,adjust_metadata.adjust_metadata:123,Exifread could not handle C:\Users\nedlecky\ACDSee\01Personal\2024\06France\2024-06-26(837).heic tag_year='0000000' tag_year_int=0
2024-07-31,13:33:39.409.0,INFO,__main__,adjust_metadata.adjust_metadata:123,Exifread could not handle C:\Users\nedlecky\ACDSee\01Personal\2024\06France\2024-06-26(838).heic tag_year='0000000' tag_year_int=0
2024-07-31,13:33:39.409.0,INFO,__main__,adjust_metadata.adjust_metadata:123,Exifread could not handle C:\Users\nedlecky\ACDSee\01Personal\2024\06France\2024-06-26(839).heic tag_year='0000000' tag_year_int=0
2024-07-31,13:33:39.409.0,INFO,__main__,adjust_metadata.adjust_metadata:123,Exifread could not handle C:\Users\nedlecky\ACDSee\01Personal\2024\06France\2024-06-26(84).heic tag_year='0000000' tag_year_int=0
2024-07-31,13:33:39.409.0,INFO,__main__,adjust_metadata.adjust_metadata:123,Exifread could not handle C:\Users\nedlecky\ACDSee\01Personal\2024\06France\2024-06-26(840).heic tag_year='0000000' tag_year_int=0
2024-07-31,13:33:39.409.0,INFO,__main__,adjust_metadata.adjust_metadata:123,Exifread could not handle C:\Users\nedlecky\ACDSee\01Personal\2024\06France\2024-06-26(841).heic tag_year='0000000' tag_year_int=0
2024-07-31,13:33:39.409.0,INFO,__main__,adjust_metadata.adjust_metadata:123,Exifread could not handle C:\Users\nedlecky\ACDSee\01Personal\2024\06France\2024-06-26(842).heic tag_year='0000000' tag_year_int=0
2024-07-31,13:33:39.409.0,INFO,__main__,adjust_metadata.adjust_metadata:123,Exifread could not handle C:\Users\nedlecky\ACDSee\01Personal\2024\06France\2024-06-26(843).heic tag_year='0000000' tag_year_int=0
2024-07-31,13:33:39.410.0,INFO,__main__,adjust_metadata.adjust_metadata:123,Exifread could not handle C:\Users\nedlecky\ACDSee\01Personal\2024\06France\2024-06-26(844).heic tag_year='0000000' tag_year_int=0
2024-07-31,13:33:39.410.0,INFO,__main__,adjust_metadata.adjust_metadata:123,Exifread could not handle C:\Users\nedlecky\ACDSee\01Personal\2024\06France\2024-06-26(845).heic tag_year='0000000' tag_year_int=0
2024-07-31,13:33:39.410.0,INFO,__main__,adjust_metadata.adjust_metadata:123,Exifread could not handle C:\Users\nedlecky\ACDSee\01Personal\2024\06France\2024-06-26(846).heic tag_year='0000000' tag_year_int=0
2024-07-31,13:33:39.410.0,INFO,__main__,adjust_metadata.adjust_metadata:123,Exifread could not handle C:\Users\nedlecky\ACDSee\01Personal\2024\06France\2024-06-26(847).heic tag_year='0000000' tag_year_int=0
2024-07-31,13:33:39.410.0,INFO,__main__,adjust_metadata.adjust_metadata:123,Exifread could not handle C:\Users\nedlecky\ACDSee\01Personal\2024\06France\2024-06-26(848).heic tag_year='0000000' tag_year_int=0
2024-07-31,13:33:39.410.0,INFO,__main__,adjust_metadata.adjust_metadata:123,Exifread could not handle C:\Users\nedlecky\ACDSee\01Personal\2024\06France\2024-06-26(849).heic tag_year='0000000' tag_year_int=0
2024-07-31,13:33:39.410.0,INFO,__main__,adjust_metadata.adjust_metadata:123,Exifread could not handle C:\Users\nedlecky\ACDSee\01Personal\2024\06France\2024-06-26(85).heic tag_year='0000000' tag_year_int=0
2024-07-31,13:33:39.410.0,INFO,__main__,adjust_metadata.adjust_metadata:123,Exifread could not handle C:\Users\nedlecky\ACDSee\01Personal\2024\06France\2024-06-26(850).heic tag_year='0000000' tag_year_int=0
2024-07-31,13:33:39.410.0,INFO,__main__,adjust_metadata.adjust_metadata:123,Exifread could not handle C:\Users\nedlecky\ACDSee\01Personal\2024\06France\2024-06-26(851).heic tag_year='0000000' tag_year_int=0
2024-07-31,13:33:39.410.0,INFO,__main__,adjust_metadata.adjust_metadata:123,Exifread could not handle C:\Users\nedlecky\ACDSee\01Personal\2024\06France\2024-06-26(852).heic tag_year='0000000' tag_year_int=0
2024-07-31,13:33:39.410.0,INFO,__main__,adjust_metadata.adjust_metadata:123,Exifread could not handle C:\Users\nedlecky\ACDSee\01Personal\2024\06France\2024-06-26(853).heic tag_year='0000000' tag_year_int=0
2024-07-31,13:33:39.410.0,INFO,__main__,adjust_metadata.adjust_metadata:123,Exifread could not handle C:\Users\nedlecky\ACDSee\01Personal\2024\06France\2024-06-26(854).heic tag_year='0000000' tag_year_int=0
2024-07-31,13:33:39.410.0,INFO,__main__,adjust_metadata.adjust_metadata:123,Exifread could not handle C:\Users\nedlecky\ACDSee\01Personal\2024\06France\2024-06-26(855).heic tag_year='0000000' tag_year_int=0
2024-07-31,13:33:39.410.0,INFO,__main__,adjust_metadata.adjust_metadata:123,Exifread could not handle C:\Users\nedlecky\ACDSee\01Personal\2024\06France\2024-06-26(856).heic tag_year='0000000' tag_year_int=0
2024-07-31,13:33:39.410.0,INFO,__main__,adjust_metadata.adjust_metadata:123,Exifread could not handle C:\Users\nedlecky\ACDSee\01Personal\2024\06France\2024-06-26(857).heic tag_year='0000000' tag_year_int=0
2024-07-31,13:33:39.411.0,INFO,__main__,adjust_metadata.adjust_metadata:123,Exifread could not handle C:\Users\nedlecky\ACDSee\01Personal\2024\06France\2024-06-26(858).heic tag_year='0000000' tag_year_int=0
2024-07-31,13:33:39.411.0,INFO,__main__,adjust_metadata.adjust_metadata:123,Exifread could not handle C:\Users\nedlecky\ACDSee\01Personal\2024\06France\2024-06-26(859).heic tag_year='0000000' tag_year_int=0
2024-07-31,13:33:39.411.0,INFO,__main__,adjust_metadata.adjust_metadata:123,Exifread could not handle C:\Users\nedlecky\ACDSee\01Personal\2024\06France\2024-06-26(86).heic tag_year='0000000' tag_year_int=0
2024-07-31,13:33:39.411.0,INFO,__main__,adjust_metadata.adjust_metadata:123,Exifread could not handle C:\Users\nedlecky\ACDSee\01Personal\2024\06France\2024-06-26(860).heic tag_year='0000000' tag_year_int=0
2024-07-31,13:33:39.411.0,INFO,__main__,adjust_metadata.adjust_metadata:123,Exifread could not handle C:\Users\nedlecky\ACDSee\01Personal\2024\06France\2024-06-26(861).heic tag_year='0000000' tag_year_int=0
2024-07-31,13:33:39.411.0,INFO,__main__,adjust_metadata.adjust_metadata:123,Exifread could not handle C:\Users\nedlecky\ACDSee\01Personal\2024\06France\2024-06-26(862).heic tag_year='0000000' tag_year_int=0
2024-07-31,13:33:39.411.0,INFO,__main__,adjust_metadata.adjust_metadata:123,Exifread could not handle C:\Users\nedlecky\ACDSee\01Personal\2024\06France\2024-06-26(863).heic tag_year='0000000' tag_year_int=0
2024-07-31,13:33:39.411.0,INFO,__main__,adjust_metadata.adjust_metadata:123,Exifread could not handle C:\Users\nedlecky\ACDSee\01Personal\2024\06France\2024-06-26(864).heic tag_year='0000000' tag_year_int=0
2024-07-31,13:33:39.411.0,INFO,__main__,adjust_metadata.adjust_metadata:123,Exifread could not handle C:\Users\nedlecky\ACDSee\01Personal\2024\06France\2024-06-26(865).heic tag_year='0000000' tag_year_int=0
2024-07-31,13:33:39.411.0,INFO,__main__,adjust_metadata.adjust_metadata:123,Exifread could not handle C:\Users\nedlecky\ACDSee\01Personal\2024\06France\2024-06-26(866).heic tag_year='0000000' tag_year_int=0
2024-07-31,13:33:39.411.0,INFO,__main__,adjust_metadata.adjust_metadata:123,Exifread could not handle C:\Users\nedlecky\ACDSee\01Personal\2024\06France\2024-06-26(867).heic tag_year='0000000' tag_year_int=0
2024-07-31,13:33:39.411.0,INFO,__main__,adjust_metadata.adjust_metadata:123,Exifread could not handle C:\Users\nedlecky\ACDSee\01Personal\2024\06France\2024-06-26(868).heic tag_year='0000000' tag_year_int=0
2024-07-31,13:33:39.411.0,INFO,__main__,adjust_metadata.adjust_metadata:123,Exifread could not handle C:\Users\nedlecky\ACDSee\01Personal\2024\06France\2024-06-26(869).heic tag_year='0000000' tag_year_int=0
2024-07-31,13:33:39.411.0,INFO,__main__,adjust_metadata.adjust_metadata:123,Exifread could not handle C:\Users\nedlecky\ACDSee\01Personal\2024\06France\2024-06-26(87).heic tag_year='0000000' tag_year_int=0
2024-07-31,13:33:39.411.0,INFO,__main__,adjust_metadata.adjust_metadata:123,Exifread could not handle C:\Users\nedlecky\ACDSee\01Personal\2024\06France\2024-06-26(870).heic tag_year='0000000' tag_year_int=0
2024-07-31,13:33:39.412.0,INFO,__main__,adjust_metadata.adjust_metadata:123,Exifread could not handle C:\Users\nedlecky\ACDSee\01Personal\2024\06France\2024-06-26(871).heic tag_year='0000000' tag_year_int=0
2024-07-31,13:33:39.412.0,INFO,__main__,adjust_metadata.adjust_metadata:123,Exifread could not handle C:\Users\nedlecky\ACDSee\01Personal\2024\06France\2024-06-26(872).heic tag_year='0000000' tag_year_int=0
2024-07-31,13:33:39.412.0,INFO,__main__,adjust_metadata.adjust_metadata:123,Exifread could not handle C:\Users\nedlecky\ACDSee\01Personal\2024\06France\2024-06-26(873).heic tag_year='0000000' tag_year_int=0
2024-07-31,13:33:39.412.0,INFO,__main__,adjust_metadata.adjust_metadata:123,Exifread could not handle C:\Users\nedlecky\ACDSee\01Personal\2024\06France\2024-06-26(874).heic tag_year='0000000' tag_year_int=0
2024-07-31,13:33:39.412.0,INFO,__main__,adjust_metadata.adjust_metadata:123,Exifread could not handle C:\Users\nedlecky\ACDSee\01Personal\2024\06France\2024-06-26(875).heic tag_year='0000000' tag_year_int=0
2024-07-31,13:33:39.412.0,INFO,__main__,adjust_metadata.adjust_metadata:123,Exifread could not handle C:\Users\nedlecky\ACDSee\01Personal\2024\06France\2024-06-26(876).heic tag_year='0000000' tag_year_int=0
2024-07-31,13:33:39.412.0,INFO,__main__,adjust_metadata.adjust_metadata:123,Exifread could not handle C:\Users\nedlecky\ACDSee\01Personal\2024\06France\2024-06-26(877).heic tag_year='0000000' tag_year_int=0
2024-07-31,13:33:39.412.0,INFO,__main__,adjust_metadata.adjust_metadata:123,Exifread could not handle C:\Users\nedlecky\ACDSee\01Personal\2024\06France\2024-06-26(878).heic tag_year='0000000' tag_year_int=0
2024-07-31,13:33:39.413.0,INFO,__main__,adjust_metadata.adjust_metadata:123,Exifread could not handle C:\Users\nedlecky\ACDSee\01Personal\2024\06France\2024-06-26(879).heic tag_year='0000000' tag_year_int=0
2024-07-31,13:33:39.413.0,INFO,__main__,adjust_metadata.adjust_metadata:123,Exifread could not handle C:\Users\nedlecky\ACDSee\01Personal\2024\06France\2024-06-26(88).heic tag_year='0000000' tag_year_int=0
2024-07-31,13:33:39.413.0,INFO,__main__,adjust_metadata.adjust_metadata:123,Exifread could not handle C:\Users\nedlecky\ACDSee\01Personal\2024\06France\2024-06-26(880).heic tag_year='0000000' tag_year_int=0
2024-07-31,13:33:39.413.0,INFO,__main__,adjust_metadata.adjust_metadata:123,Exifread could not handle C:\Users\nedlecky\ACDSee\01Personal\2024\06France\2024-06-26(881).heic tag_year='0000000' tag_year_int=0
2024-07-31,13:33:39.413.0,INFO,__main__,adjust_metadata.adjust_metadata:123,Exifread could not handle C:\Users\nedlecky\ACDSee\01Personal\2024\06France\2024-06-26(882).heic tag_year='0000000' tag_year_int=0
2024-07-31,13:33:39.413.0,INFO,__main__,adjust_metadata.adjust_metadata:123,Exifread could not handle C:\Users\nedlecky\ACDSee\01Personal\2024\06France\2024-06-26(883).heic tag_year='0000000' tag_year_int=0
2024-07-31,13:33:39.413.0,INFO,__main__,adjust_metadata.adjust_metadata:123,Exifread could not handle C:\Users\nedlecky\ACDSee\01Personal\2024\06France\2024-06-26(884).heic tag_year='0000000' tag_year_int=0
2024-07-31,13:33:39.413.0,INFO,__main__,adjust_metadata.adjust_metadata:123,Exifread could not handle C:\Users\nedlecky\ACDSee\01Personal\2024\06France\2024-06-26(885).heic tag_year='0000000' tag_year_int=0
2024-07-31,13:33:39.413.0,INFO,__main__,adjust_metadata.adjust_metadata:123,Exifread could not handle C:\Users\nedlecky\ACDSee\01Personal\2024\06France\2024-06-26(886).heic tag_year='0000000' tag_year_int=0
2024-07-31,13:33:39.413.0,INFO,__main__,adjust_metadata.adjust_metadata:123,Exifread could not handle C:\Users\nedlecky\ACDSee\01Personal\2024\06France\2024-06-26(887).heic tag_year='0000000' tag_year_int=0
2024-07-31,13:33:39.413.0,INFO,__main__,adjust_metadata.adjust_metadata:123,Exifread could not handle C:\Users\nedlecky\ACDSee\01Personal\2024\06France\2024-06-26(888).heic tag_year='0000000' tag_year_int=0
2024-07-31,13:33:39.413.0,INFO,__main__,adjust_metadata.adjust_metadata:123,Exifread could not handle C:\Users\nedlecky\ACDSee\01Personal\2024\06France\2024-06-26(889).heic tag_year='0000000' tag_year_int=0
2024-07-31,13:33:39.413.0,INFO,__main__,adjust_metadata.adjust_metadata:123,Exifread could not handle C:\Users\nedlecky\ACDSee\01Personal\2024\06France\2024-06-26(89).heic tag_year='0000000' tag_year_int=0
2024-07-31,13:33:39.413.0,INFO,__main__,adjust_metadata.adjust_metadata:123,Exifread could not handle C:\Users\nedlecky\ACDSee\01Personal\2024\06France\2024-06-26(890).heic tag_year='0000000' tag_year_int=0
2024-07-31,13:33:39.413.0,INFO,__main__,adjust_metadata.adjust_metadata:123,Exifread could not handle C:\Users\nedlecky\ACDSee\01Personal\2024\06France\2024-06-26(891).heic tag_year='0000000' tag_year_int=0
2024-07-31,13:33:39.413.0,INFO,__main__,adjust_metadata.adjust_metadata:123,Exifread could not handle C:\Users\nedlecky\ACDSee\01Personal\2024\06France\2024-06-26(892).heic tag_year='0000000' tag_year_int=0
2024-07-31,13:33:39.413.0,INFO,__main__,adjust_metadata.adjust_metadata:123,Exifread could not handle C:\Users\nedlecky\ACDSee\01Personal\2024\06France\2024-06-26(893).heic tag_year='0000000' tag_year_int=0
2024-07-31,13:33:39.413.0,INFO,__main__,adjust_metadata.adjust_metadata:123,Exifread could not handle C:\Users\nedlecky\ACDSee\01Personal\2024\06France\2024-06-26(894).heic tag_year='0000000' tag_year_int=0
2024-07-31,13:33:39.413.0,INFO,__main__,adjust_metadata.adjust_metadata:123,Exifread could not handle C:\Users\nedlecky\ACDSee\01Personal\2024\06France\2024-06-26(895).heic tag_year='0000000' tag_year_int=0
2024-07-31,13:33:39.413.0,INFO,__main__,adjust_metadata.adjust_metadata:123,Exifread could not handle C:\Users\nedlecky\ACDSee\01Personal\2024\06France\2024-06-26(896).heic tag_year='0000000' tag_year_int=0
2024-07-31,13:33:39.413.0,INFO,__main__,adjust_metadata.adjust_metadata:123,Exifread could not handle C:\Users\nedlecky\ACDSee\01Personal\2024\06France\2024-06-26(897).heic tag_year='0000000' tag_year_int=0
2024-07-31,13:33:39.413.0,INFO,__main__,adjust_metadata.adjust_metadata:123,Exifread could not handle C:\Users\nedlecky\ACDSee\01Personal\2024\06France\2024-06-26(898).heic tag_year='0000000' tag_year_int=0
2024-07-31,13:33:39.414.0,INFO,__main__,adjust_metadata.adjust_metadata:123,Exifread could not handle C:\Users\nedlecky\ACDSee\01Personal\2024\06France\2024-06-26(899).heic tag_year='0000000' tag_year_int=0
2024-07-31,13:33:39.414.0,INFO,__main__,adjust_metadata.adjust_metadata:123,Exifread could not handle C:\Users\nedlecky\ACDSee\01Personal\2024\06France\2024-06-26(90).heic tag_year='0000000' tag_year_int=0
2024-07-31,13:33:39.414.0,INFO,__main__,adjust_metadata.adjust_metadata:123,Exifread could not handle C:\Users\nedlecky\ACDSee\01Personal\2024\06France\2024-06-26(900).heic tag_year='0000000' tag_year_int=0
2024-07-31,13:33:39.414.0,INFO,__main__,adjust_metadata.adjust_metadata:123,Exifread could not handle C:\Users\nedlecky\ACDSee\01Personal\2024\06France\2024-06-26(901).heic tag_year='0000000' tag_year_int=0
2024-07-31,13:33:39.414.0,INFO,__main__,adjust_metadata.adjust_metadata:123,Exifread could not handle C:\Users\nedlecky\ACDSee\01Personal\2024\06France\2024-06-26(902).heic tag_year='0000000' tag_year_int=0
2024-07-31,13:33:39.415.0,INFO,__main__,adjust_metadata.adjust_metadata:123,Exifread could not handle C:\Users\nedlecky\ACDSee\01Personal\2024\06France\2024-06-26(903).heic tag_year='0000000' tag_year_int=0
2024-07-31,13:33:39.415.0,INFO,__main__,adjust_metadata.adjust_metadata:123,Exifread could not handle C:\Users\nedlecky\ACDSee\01Personal\2024\06France\2024-06-26(904).heic tag_year='0000000' tag_year_int=0
2024-07-31,13:33:39.415.0,INFO,__main__,adjust_metadata.adjust_metadata:123,Exifread could not handle C:\Users\nedlecky\ACDSee\01Personal\2024\06France\2024-06-26(905).heic tag_year='0000000' tag_year_int=0
2024-07-31,13:33:39.415.0,INFO,__main__,adjust_metadata.adjust_metadata:123,Exifread could not handle C:\Users\nedlecky\ACDSee\01Personal\2024\06France\2024-06-26(906).heic tag_year='0000000' tag_year_int=0
2024-07-31,13:33:39.415.0,INFO,__main__,adjust_metadata.adjust_metadata:123,Exifread could not handle C:\Users\nedlecky\ACDSee\01Personal\2024\06France\2024-06-26(907).heic tag_year='0000000' tag_year_int=0
2024-07-31,13:33:39.415.0,INFO,__main__,adjust_metadata.adjust_metadata:123,Exifread could not handle C:\Users\nedlecky\ACDSee\01Personal\2024\06France\2024-06-26(908).heic tag_year='0000000' tag_year_int=0
2024-07-31,13:33:39.415.0,INFO,__main__,adjust_metadata.adjust_metadata:123,Exifread could not handle C:\Users\nedlecky\ACDSee\01Personal\2024\06France\2024-06-26(909).heic tag_year='0000000' tag_year_int=0
2024-07-31,13:33:39.415.0,INFO,__main__,adjust_metadata.adjust_metadata:123,Exifread could not handle C:\Users\nedlecky\ACDSee\01Personal\2024\06France\2024-06-26(91).heic tag_year='0000000' tag_year_int=0
2024-07-31,13:33:39.416.0,INFO,__main__,adjust_metadata.adjust_metadata:123,Exifread could not handle C:\Users\nedlecky\ACDSee\01Personal\2024\06France\2024-06-26(910).heic tag_year='0000000' tag_year_int=0
2024-07-31,13:33:39.416.0,INFO,__main__,adjust_metadata.adjust_metadata:123,Exifread could not handle C:\Users\nedlecky\ACDSee\01Personal\2024\06France\2024-06-26(911).heic tag_year='0000000' tag_year_int=0
2024-07-31,13:33:39.416.0,INFO,__main__,adjust_metadata.adjust_metadata:123,Exifread could not handle C:\Users\nedlecky\ACDSee\01Personal\2024\06France\2024-06-26(912).heic tag_year='0000000' tag_year_int=0
2024-07-31,13:33:39.416.0,INFO,__main__,adjust_metadata.adjust_metadata:123,Exifread could not handle C:\Users\nedlecky\ACDSee\01Personal\2024\06France\2024-06-26(913).heic tag_year='0000000' tag_year_int=0
2024-07-31,13:33:39.416.0,INFO,__main__,adjust_metadata.adjust_metadata:123,Exifread could not handle C:\Users\nedlecky\ACDSee\01Personal\2024\06France\2024-06-26(914).heic tag_year='0000000' tag_year_int=0
2024-07-31,13:33:39.416.0,INFO,__main__,adjust_metadata.adjust_metadata:123,Exifread could not handle C:\Users\nedlecky\ACDSee\01Personal\2024\06France\2024-06-26(915).heic tag_year='0000000' tag_year_int=0
2024-07-31,13:33:39.416.0,INFO,__main__,adjust_metadata.adjust_metadata:123,Exifread could not handle C:\Users\nedlecky\ACDSee\01Personal\2024\06France\2024-06-26(916).heic tag_year='0000000' tag_year_int=0
2024-07-31,13:33:39.416.0,INFO,__main__,adjust_metadata.adjust_metadata:123,Exifread could not handle C:\Users\nedlecky\ACDSee\01Personal\2024\06France\2024-06-26(917).heic tag_year='0000000' tag_year_int=0
2024-07-31,13:33:39.416.0,INFO,__main__,adjust_metadata.adjust_metadata:123,Exifread could not handle C:\Users\nedlecky\ACDSee\01Personal\2024\06France\2024-06-26(918).heic tag_year='0000000' tag_year_int=0
2024-07-31,13:33:39.416.0,INFO,__main__,adjust_metadata.adjust_metadata:123,Exifread could not handle C:\Users\nedlecky\ACDSee\01Personal\2024\06France\2024-06-26(919).heic tag_year='0000000' tag_year_int=0
2024-07-31,13:33:39.416.0,INFO,__main__,adjust_metadata.adjust_metadata:123,Exifread could not handle C:\Users\nedlecky\ACDSee\01Personal\2024\06France\2024-06-26(92).heic tag_year='0000000' tag_year_int=0
2024-07-31,13:33:39.417.0,INFO,__main__,adjust_metadata.adjust_metadata:123,Exifread could not handle C:\Users\nedlecky\ACDSee\01Personal\2024\06France\2024-06-26(920).heic tag_year='0000000' tag_year_int=0
2024-07-31,13:33:39.417.0,INFO,__main__,adjust_metadata.adjust_metadata:123,Exifread could not handle C:\Users\nedlecky\ACDSee\01Personal\2024\06France\2024-06-26(921).heic tag_year='0000000' tag_year_int=0
2024-07-31,13:33:39.417.0,INFO,__main__,adjust_metadata.adjust_metadata:123,Exifread could not handle C:\Users\nedlecky\ACDSee\01Personal\2024\06France\2024-06-26(922).heic tag_year='0000000' tag_year_int=0
2024-07-31,13:33:39.417.0,INFO,__main__,adjust_metadata.adjust_metadata:123,Exifread could not handle C:\Users\nedlecky\ACDSee\01Personal\2024\06France\2024-06-26(923).heic tag_year='0000000' tag_year_int=0
2024-07-31,13:33:39.417.0,INFO,__main__,adjust_metadata.adjust_metadata:123,Exifread could not handle C:\Users\nedlecky\ACDSee\01Personal\2024\06France\2024-06-26(924).heic tag_year='0000000' tag_year_int=0
2024-07-31,13:33:39.417.0,INFO,__main__,adjust_metadata.adjust_metadata:123,Exifread could not handle C:\Users\nedlecky\ACDSee\01Personal\2024\06France\2024-06-26(925).heic tag_year='0000000' tag_year_int=0
2024-07-31,13:33:39.417.0,INFO,__main__,adjust_metadata.adjust_metadata:123,Exifread could not handle C:\Users\nedlecky\ACDSee\01Personal\2024\06France\2024-06-26(926).heic tag_year='0000000' tag_year_int=0
2024-07-31,13:33:39.417.0,INFO,__main__,adjust_metadata.adjust_metadata:123,Exifread could not handle C:\Users\nedlecky\ACDSee\01Personal\2024\06France\2024-06-26(927).heic tag_year='0000000' tag_year_int=0
2024-07-31,13:33:39.417.0,INFO,__main__,adjust_metadata.adjust_metadata:123,Exifread could not handle C:\Users\nedlecky\ACDSee\01Personal\2024\06France\2024-06-26(928).heic tag_year='0000000' tag_year_int=0
2024-07-31,13:33:39.417.0,INFO,__main__,adjust_metadata.adjust_metadata:123,Exifread could not handle C:\Users\nedlecky\ACDSee\01Personal\2024\06France\2024-06-26(929).heic tag_year='0000000' tag_year_int=0
2024-07-31,13:33:39.417.0,INFO,__main__,adjust_metadata.adjust_metadata:123,Exifread could not handle C:\Users\nedlecky\ACDSee\01Personal\2024\06France\2024-06-26(93).heic tag_year='0000000' tag_year_int=0
2024-07-31,13:33:39.419.0,INFO,__main__,adjust_metadata.adjust_metadata:123,Exifread could not handle C:\Users\nedlecky\ACDSee\01Personal\2024\06France\2024-06-26(930).heic tag_year='0000000' tag_year_int=0
2024-07-31,13:33:39.419.0,INFO,__main__,adjust_metadata.adjust_metadata:123,Exifread could not handle C:\Users\nedlecky\ACDSee\01Personal\2024\06France\2024-06-26(931).heic tag_year='0000000' tag_year_int=0
2024-07-31,13:33:39.419.0,INFO,__main__,adjust_metadata.adjust_metadata:123,Exifread could not handle C:\Users\nedlecky\ACDSee\01Personal\2024\06France\2024-06-26(932).heic tag_year='0000000' tag_year_int=0
2024-07-31,13:33:39.419.0,INFO,__main__,adjust_metadata.adjust_metadata:123,Exifread could not handle C:\Users\nedlecky\ACDSee\01Personal\2024\06France\2024-06-26(933).heic tag_year='0000000' tag_year_int=0
2024-07-31,13:33:39.419.0,INFO,__main__,adjust_metadata.adjust_metadata:123,Exifread could not handle C:\Users\nedlecky\ACDSee\01Personal\2024\06France\2024-06-26(934).heic tag_year='0000000' tag_year_int=0
2024-07-31,13:33:39.419.0,INFO,__main__,adjust_metadata.adjust_metadata:123,Exifread could not handle C:\Users\nedlecky\ACDSee\01Personal\2024\06France\2024-06-26(935).heic tag_year='0000000' tag_year_int=0
2024-07-31,13:33:39.419.0,INFO,__main__,adjust_metadata.adjust_metadata:123,Exifread could not handle C:\Users\nedlecky\ACDSee\01Personal\2024\06France\2024-06-26(936).heic tag_year='0000000' tag_year_int=0
2024-07-31,13:33:39.419.0,INFO,__main__,adjust_metadata.adjust_metadata:123,Exifread could not handle C:\Users\nedlecky\ACDSee\01Personal\2024\06France\2024-06-26(937).heic tag_year='0000000' tag_year_int=0
2024-07-31,13:33:39.419.0,INFO,__main__,adjust_metadata.adjust_metadata:123,Exifread could not handle C:\Users\nedlecky\ACDSee\01Personal\2024\06France\2024-06-26(938).heic tag_year='0000000' tag_year_int=0
2024-07-31,13:33:39.419.0,INFO,__main__,adjust_metadata.adjust_metadata:123,Exifread could not handle C:\Users\nedlecky\ACDSee\01Personal\2024\06France\2024-06-26(939).heic tag_year='0000000' tag_year_int=0
2024-07-31,13:33:39.420.0,INFO,__main__,adjust_metadata.adjust_metadata:123,Exifread could not handle C:\Users\nedlecky\ACDSee\01Personal\2024\06France\2024-06-26(94).heic tag_year='0000000' tag_year_int=0
2024-07-31,13:33:39.420.0,INFO,__main__,adjust_metadata.adjust_metadata:123,Exifread could not handle C:\Users\nedlecky\ACDSee\01Personal\2024\06France\2024-06-26(940).heic tag_year='0000000' tag_year_int=0
2024-07-31,13:33:39.420.0,INFO,__main__,adjust_metadata.adjust_metadata:123,Exifread could not handle C:\Users\nedlecky\ACDSee\01Personal\2024\06France\2024-06-26(941).heic tag_year='0000000' tag_year_int=0
2024-07-31,13:33:39.420.0,INFO,__main__,adjust_metadata.adjust_metadata:123,Exifread could not handle C:\Users\nedlecky\ACDSee\01Personal\2024\06France\2024-06-26(942).heic tag_year='0000000' tag_year_int=0
2024-07-31,13:33:39.420.0,INFO,__main__,adjust_metadata.adjust_metadata:123,Exifread could not handle C:\Users\nedlecky\ACDSee\01Personal\2024\06France\2024-06-26(943).heic tag_year='0000000' tag_year_int=0
2024-07-31,13:33:39.420.0,INFO,__main__,adjust_metadata.adjust_metadata:123,Exifread could not handle C:\Users\nedlecky\ACDSee\01Personal\2024\06France\2024-06-26(944).heic tag_year='0000000' tag_year_int=0
2024-07-31,13:33:39.420.0,INFO,__main__,adjust_metadata.adjust_metadata:123,Exifread could not handle C:\Users\nedlecky\ACDSee\01Personal\2024\06France\2024-06-26(945).heic tag_year='0000000' tag_year_int=0
2024-07-31,13:33:39.420.0,INFO,__main__,adjust_metadata.adjust_metadata:123,Exifread could not handle C:\Users\nedlecky\ACDSee\01Personal\2024\06France\2024-06-26(946).heic tag_year='0000000' tag_year_int=0
2024-07-31,13:33:39.420.0,INFO,__main__,adjust_metadata.adjust_metadata:123,Exifread could not handle C:\Users\nedlecky\ACDSee\01Personal\2024\06France\2024-06-26(947).heic tag_year='0000000' tag_year_int=0
2024-07-31,13:33:39.420.0,INFO,__main__,adjust_metadata.adjust_metadata:123,Exifread could not handle C:\Users\nedlecky\ACDSee\01Personal\2024\06France\2024-06-26(948).heic tag_year='0000000' tag_year_int=0
2024-07-31,13:33:39.420.0,INFO,__main__,adjust_metadata.adjust_metadata:123,Exifread could not handle C:\Users\nedlecky\ACDSee\01Personal\2024\06France\2024-06-26(949).heic tag_year='0000000' tag_year_int=0
2024-07-31,13:33:39.421.0,INFO,__main__,adjust_metadata.adjust_metadata:123,Exifread could not handle C:\Users\nedlecky\ACDSee\01Personal\2024\06France\2024-06-26(95).heic tag_year='0000000' tag_year_int=0
2024-07-31,13:33:39.421.0,INFO,__main__,adjust_metadata.adjust_metadata:123,Exifread could not handle C:\Users\nedlecky\ACDSee\01Personal\2024\06France\2024-06-26(950).heic tag_year='0000000' tag_year_int=0
2024-07-31,13:33:39.421.0,INFO,__main__,adjust_metadata.adjust_metadata:123,Exifread could not handle C:\Users\nedlecky\ACDSee\01Personal\2024\06France\2024-06-26(951).heic tag_year='0000000' tag_year_int=0
2024-07-31,13:33:39.421.0,INFO,__main__,adjust_metadata.adjust_metadata:123,Exifread could not handle C:\Users\nedlecky\ACDSee\01Personal\2024\06France\2024-06-26(952).heic tag_year='0000000' tag_year_int=0
2024-07-31,13:33:39.421.0,INFO,__main__,adjust_metadata.adjust_metadata:123,Exifread could not handle C:\Users\nedlecky\ACDSee\01Personal\2024\06France\2024-06-26(953).heic tag_year='0000000' tag_year_int=0
2024-07-31,13:33:39.421.0,INFO,__main__,adjust_metadata.adjust_metadata:123,Exifread could not handle C:\Users\nedlecky\ACDSee\01Personal\2024\06France\2024-06-26(954).heic tag_year='0000000' tag_year_int=0
2024-07-31,13:33:39.421.0,INFO,__main__,adjust_metadata.adjust_metadata:123,Exifread could not handle C:\Users\nedlecky\ACDSee\01Personal\2024\06France\2024-06-26(955).heic tag_year='0000000' tag_year_int=0
2024-07-31,13:33:39.421.0,INFO,__main__,adjust_metadata.adjust_metadata:123,Exifread could not handle C:\Users\nedlecky\ACDSee\01Personal\2024\06France\2024-06-26(956).heic tag_year='0000000' tag_year_int=0
2024-07-31,13:33:39.421.0,INFO,__main__,adjust_metadata.adjust_metadata:123,Exifread could not handle C:\Users\nedlecky\ACDSee\01Personal\2024\06France\2024-06-26(957).heic tag_year='0000000' tag_year_int=0
2024-07-31,13:33:39.422.0,INFO,__main__,adjust_metadata.adjust_metadata:123,Exifread could not handle C:\Users\nedlecky\ACDSee\01Personal\2024\06France\2024-06-26(958).heic tag_year='0000000' tag_year_int=0
2024-07-31,13:33:39.422.0,INFO,__main__,adjust_metadata.adjust_metadata:123,Exifread could not handle C:\Users\nedlecky\ACDSee\01Personal\2024\06France\2024-06-26(959).heic tag_year='0000000' tag_year_int=0
2024-07-31,13:33:39.422.0,INFO,__main__,adjust_metadata.adjust_metadata:123,Exifread could not handle C:\Users\nedlecky\ACDSee\01Personal\2024\06France\2024-06-26(96).heic tag_year='0000000' tag_year_int=0
2024-07-31,13:33:39.422.0,INFO,__main__,adjust_metadata.adjust_metadata:123,Exifread could not handle C:\Users\nedlecky\ACDSee\01Personal\2024\06France\2024-06-26(960).heic tag_year='0000000' tag_year_int=0
2024-07-31,13:33:39.422.0,INFO,__main__,adjust_metadata.adjust_metadata:123,Exifread could not handle C:\Users\nedlecky\ACDSee\01Personal\2024\06France\2024-06-26(961).heic tag_year='0000000' tag_year_int=0
2024-07-31,13:33:39.422.0,INFO,__main__,adjust_metadata.adjust_metadata:123,Exifread could not handle C:\Users\nedlecky\ACDSee\01Personal\2024\06France\2024-06-26(962).heic tag_year='0000000' tag_year_int=0
2024-07-31,13:33:39.422.0,INFO,__main__,adjust_metadata.adjust_metadata:123,Exifread could not handle C:\Users\nedlecky\ACDSee\01Personal\2024\06France\2024-06-26(963).heic tag_year='0000000' tag_year_int=0
2024-07-31,13:33:39.422.0,INFO,__main__,adjust_metadata.adjust_metadata:123,Exifread could not handle C:\Users\nedlecky\ACDSee\01Personal\2024\06France\2024-06-26(964).heic tag_year='0000000' tag_year_int=0
2024-07-31,13:33:39.423.0,INFO,__main__,adjust_metadata.adjust_metadata:123,Exifread could not handle C:\Users\nedlecky\ACDSee\01Personal\2024\06France\2024-06-26(965).heic tag_year='0000000' tag_year_int=0
2024-07-31,13:33:39.423.0,INFO,__main__,adjust_metadata.adjust_metadata:123,Exifread could not handle C:\Users\nedlecky\ACDSee\01Personal\2024\06France\2024-06-26(966).heic tag_year='0000000' tag_year_int=0
2024-07-31,13:33:39.423.0,INFO,__main__,adjust_metadata.adjust_metadata:123,Exifread could not handle C:\Users\nedlecky\ACDSee\01Personal\2024\06France\2024-06-26(967).heic tag_year='0000000' tag_year_int=0
2024-07-31,13:33:39.423.0,INFO,__main__,adjust_metadata.adjust_metadata:123,Exifread could not handle C:\Users\nedlecky\ACDSee\01Personal\2024\06France\2024-06-26(968).heic tag_year='0000000' tag_year_int=0
2024-07-31,13:33:39.423.0,INFO,__main__,adjust_metadata.adjust_metadata:123,Exifread could not handle C:\Users\nedlecky\ACDSee\01Personal\2024\06France\2024-06-26(969).heic tag_year='0000000' tag_year_int=0
2024-07-31,13:33:39.423.0,INFO,__main__,adjust_metadata.adjust_metadata:123,Exifread could not handle C:\Users\nedlecky\ACDSee\01Personal\2024\06France\2024-06-26(97).heic tag_year='0000000' tag_year_int=0
2024-07-31,13:33:39.423.0,INFO,__main__,adjust_metadata.adjust_metadata:123,Exifread could not handle C:\Users\nedlecky\ACDSee\01Personal\2024\06France\2024-06-26(970).heic tag_year='0000000' tag_year_int=0
2024-07-31,13:33:39.423.0,INFO,__main__,adjust_metadata.adjust_metadata:123,Exifread could not handle C:\Users\nedlecky\ACDSee\01Personal\2024\06France\2024-06-26(971).heic tag_year='0000000' tag_year_int=0
2024-07-31,13:33:39.423.0,INFO,__main__,adjust_metadata.adjust_metadata:123,Exifread could not handle C:\Users\nedlecky\ACDSee\01Personal\2024\06France\2024-06-26(972).heic tag_year='0000000' tag_year_int=0
2024-07-31,13:33:39.423.0,INFO,__main__,adjust_metadata.adjust_metadata:123,Exifread could not handle C:\Users\nedlecky\ACDSee\01Personal\2024\06France\2024-06-26(973).heic tag_year='0000000' tag_year_int=0
2024-07-31,13:33:39.423.0,INFO,__main__,adjust_metadata.adjust_metadata:123,Exifread could not handle C:\Users\nedlecky\ACDSee\01Personal\2024\06France\2024-06-26(974).heic tag_year='0000000' tag_year_int=0
2024-07-31,13:33:39.423.0,INFO,__main__,adjust_metadata.adjust_metadata:123,Exifread could not handle C:\Users\nedlecky\ACDSee\01Personal\2024\06France\2024-06-26(975).heic tag_year='0000000' tag_year_int=0
2024-07-31,13:33:39.423.0,INFO,__main__,adjust_metadata.adjust_metadata:123,Exifread could not handle C:\Users\nedlecky\ACDSee\01Personal\2024\06France\2024-06-26(976).heic tag_year='0000000' tag_year_int=0
2024-07-31,13:33:39.423.0,INFO,__main__,adjust_metadata.adjust_metadata:123,Exifread could not handle C:\Users\nedlecky\ACDSee\01Personal\2024\06France\2024-06-26(977).heic tag_year='0000000' tag_year_int=0
2024-07-31,13:33:39.423.0,INFO,__main__,adjust_metadata.adjust_metadata:123,Exifread could not handle C:\Users\nedlecky\ACDSee\01Personal\2024\06France\2024-06-26(978).heic tag_year='0000000' tag_year_int=0
2024-07-31,13:33:39.424.0,INFO,__main__,adjust_metadata.adjust_metadata:123,Exifread could not handle C:\Users\nedlecky\ACDSee\01Personal\2024\06France\2024-06-26(979).heic tag_year='0000000' tag_year_int=0
2024-07-31,13:33:39.424.0,INFO,__main__,adjust_metadata.adjust_metadata:123,Exifread could not handle C:\Users\nedlecky\ACDSee\01Personal\2024\06France\2024-06-26(98).heic tag_year='0000000' tag_year_int=0
2024-07-31,13:33:39.424.0,INFO,__main__,adjust_metadata.adjust_metadata:123,Exifread could not handle C:\Users\nedlecky\ACDSee\01Personal\2024\06France\2024-06-26(980).heic tag_year='0000000' tag_year_int=0
2024-07-31,13:33:39.424.0,INFO,__main__,adjust_metadata.adjust_metadata:123,Exifread could not handle C:\Users\nedlecky\ACDSee\01Personal\2024\06France\2024-06-26(981).heic tag_year='0000000' tag_year_int=0
2024-07-31,13:33:39.424.0,INFO,__main__,adjust_metadata.adjust_metadata:123,Exifread could not handle C:\Users\nedlecky\ACDSee\01Personal\2024\06France\2024-06-26(982).heic tag_year='0000000' tag_year_int=0
2024-07-31,13:33:39.424.0,INFO,__main__,adjust_metadata.adjust_metadata:123,Exifread could not handle C:\Users\nedlecky\ACDSee\01Personal\2024\06France\2024-06-26(983).heic tag_year='0000000' tag_year_int=0
2024-07-31,13:33:39.424.0,INFO,__main__,adjust_metadata.adjust_metadata:123,Exifread could not handle C:\Users\nedlecky\ACDSee\01Personal\2024\06France\2024-06-26(984).heic tag_year='0000000' tag_year_int=0
2024-07-31,13:33:39.424.0,INFO,__main__,adjust_metadata.adjust_metadata:123,Exifread could not handle C:\Users\nedlecky\ACDSee\01Personal\2024\06France\2024-06-26(985).heic tag_year='0000000' tag_year_int=0
2024-07-31,13:33:39.424.0,INFO,__main__,adjust_metadata.adjust_metadata:123,Exifread could not handle C:\Users\nedlecky\ACDSee\01Personal\2024\06France\2024-06-26(986).heic tag_year='0000000' tag_year_int=0
2024-07-31,13:33:39.424.0,INFO,__main__,adjust_metadata.adjust_metadata:123,Exifread could not handle C:\Users\nedlecky\ACDSee\01Personal\2024\06France\2024-06-26(987).heic tag_year='0000000' tag_year_int=0
2024-07-31,13:33:39.424.0,INFO,__main__,adjust_metadata.adjust_metadata:123,Exifread could not handle C:\Users\nedlecky\ACDSee\01Personal\2024\06France\2024-06-26(988).heic tag_year='0000000' tag_year_int=0
2024-07-31,13:33:39.424.0,INFO,__main__,adjust_metadata.adjust_metadata:123,Exifread could not handle C:\Users\nedlecky\ACDSee\01Personal\2024\06France\2024-06-26(989).heic tag_year='0000000' tag_year_int=0
2024-07-31,13:33:39.424.0,INFO,__main__,adjust_metadata.adjust_metadata:123,Exifread could not handle C:\Users\nedlecky\ACDSee\01Personal\2024\06France\2024-06-26(99).heic tag_year='0000000' tag_year_int=0
2024-07-31,13:33:39.424.0,INFO,__main__,adjust_metadata.adjust_metadata:123,Exifread could not handle C:\Users\nedlecky\ACDSee\01Personal\2024\06France\2024-06-26(990).heic tag_year='0000000' tag_year_int=0
2024-07-31,13:33:39.424.0,INFO,__main__,adjust_metadata.adjust_metadata:123,Exifread could not handle C:\Users\nedlecky\ACDSee\01Personal\2024\06France\2024-06-26(991).heic tag_year='0000000' tag_year_int=0
2024-07-31,13:33:39.425.0,INFO,__main__,adjust_metadata.adjust_metadata:123,Exifread could not handle C:\Users\nedlecky\ACDSee\01Personal\2024\06France\2024-06-26(992).heic tag_year='0000000' tag_year_int=0
2024-07-31,13:33:39.425.0,INFO,__main__,adjust_metadata.adjust_metadata:123,Exifread could not handle C:\Users\nedlecky\ACDSee\01Personal\2024\06France\2024-06-26(993).heic tag_year='0000000' tag_year_int=0
2024-07-31,13:33:39.425.0,INFO,__main__,adjust_metadata.adjust_metadata:123,Exifread could not handle C:\Users\nedlecky\ACDSee\01Personal\2024\06France\2024-06-26(994).heic tag_year='0000000' tag_year_int=0
2024-07-31,13:33:39.425.0,INFO,__main__,adjust_metadata.adjust_metadata:123,Exifread could not handle C:\Users\nedlecky\ACDSee\01Personal\2024\06France\2024-06-26(995).heic tag_year='0000000' tag_year_int=0
2024-07-31,13:33:39.425.0,INFO,__main__,adjust_metadata.adjust_metadata:123,Exifread could not handle C:\Users\nedlecky\ACDSee\01Personal\2024\06France\2024-06-26(996).heic tag_year='0000000' tag_year_int=0
2024-07-31,13:33:39.425.0,INFO,__main__,adjust_metadata.adjust_metadata:123,Exifread could not handle C:\Users\nedlecky\ACDSee\01Personal\2024\06France\2024-06-26(997).heic tag_year='0000000' tag_year_int=0
2024-07-31,13:33:39.425.0,INFO,__main__,adjust_metadata.adjust_metadata:123,Exifread could not handle C:\Users\nedlecky\ACDSee\01Personal\2024\06France\2024-06-26(998).heic tag_year='0000000' tag_year_int=0
2024-07-31,13:33:39.425.0,INFO,__main__,adjust_metadata.adjust_metadata:123,Exifread could not handle C:\Users\nedlecky\ACDSee\01Personal\2024\06France\2024-06-26(999).heic tag_year='0000000' tag_year_int=0
2024-07-31,13:33:39.425.0,INFO,__main__,adjust_metadata.adjust_metadata:123,Exifread could not handle C:\Users\nedlecky\ACDSee\01Personal\2024\06France\2024-07-01(1).heic tag_year='0000000' tag_year_int=0
2024-07-31,13:33:39.425.0,INFO,__main__,adjust_metadata.adjust_metadata:123,Exifread could not handle C:\Users\nedlecky\ACDSee\01Personal\2024\06France\2024-07-01(10).heic tag_year='0000000' tag_year_int=0
2024-07-31,13:33:39.425.0,INFO,__main__,adjust_metadata.adjust_metadata:123,Exifread could not handle C:\Users\nedlecky\ACDSee\01Personal\2024\06France\2024-07-01(102).heic tag_year='0000000' tag_year_int=0
2024-07-31,13:33:39.425.0,INFO,__main__,adjust_metadata.adjust_metadata:123,Exifread could not handle C:\Users\nedlecky\ACDSee\01Personal\2024\06France\2024-07-01(105).heic tag_year='0000000' tag_year_int=0
2024-07-31,13:33:39.425.0,INFO,__main__,adjust_metadata.adjust_metadata:123,Exifread could not handle C:\Users\nedlecky\ACDSee\01Personal\2024\06France\2024-07-01(107).heic tag_year='0000000' tag_year_int=0
2024-07-31,13:33:39.425.0,INFO,__main__,adjust_metadata.adjust_metadata:123,Exifread could not handle C:\Users\nedlecky\ACDSee\01Personal\2024\06France\2024-07-01(108).heic tag_year='0000000' tag_year_int=0
2024-07-31,13:33:39.425.0,INFO,__main__,adjust_metadata.adjust_metadata:123,Exifread could not handle C:\Users\nedlecky\ACDSee\01Personal\2024\06France\2024-07-01(11).heic tag_year='0000000' tag_year_int=0
2024-07-31,13:33:39.426.0,INFO,__main__,adjust_metadata.adjust_metadata:123,Exifread could not handle C:\Users\nedlecky\ACDSee\01Personal\2024\06France\2024-07-01(110).heic tag_year='0000000' tag_year_int=0
2024-07-31,13:33:39.426.0,INFO,__main__,adjust_metadata.adjust_metadata:123,Exifread could not handle C:\Users\nedlecky\ACDSee\01Personal\2024\06France\2024-07-01(112).heic tag_year='0000000' tag_year_int=0
2024-07-31,13:33:39.426.0,INFO,__main__,adjust_metadata.adjust_metadata:123,Exifread could not handle C:\Users\nedlecky\ACDSee\01Personal\2024\06France\2024-07-01(114).heic tag_year='0000000' tag_year_int=0
2024-07-31,13:33:39.426.0,INFO,__main__,adjust_metadata.adjust_metadata:123,Exifread could not handle C:\Users\nedlecky\ACDSee\01Personal\2024\06France\2024-07-01(116).heic tag_year='0000000' tag_year_int=0
2024-07-31,13:33:39.426.0,INFO,__main__,adjust_metadata.adjust_metadata:123,Exifread could not handle C:\Users\nedlecky\ACDSee\01Personal\2024\06France\2024-07-01(117).heic tag_year='0000000' tag_year_int=0
2024-07-31,13:33:39.426.0,INFO,__main__,adjust_metadata.adjust_metadata:123,Exifread could not handle C:\Users\nedlecky\ACDSee\01Personal\2024\06France\2024-07-01(118).heic tag_year='0000000' tag_year_int=0
2024-07-31,13:33:39.426.0,INFO,__main__,adjust_metadata.adjust_metadata:123,Exifread could not handle C:\Users\nedlecky\ACDSee\01Personal\2024\06France\2024-07-01(12).heic tag_year='0000000' tag_year_int=0
2024-07-31,13:33:39.426.0,INFO,__main__,adjust_metadata.adjust_metadata:123,Exifread could not handle C:\Users\nedlecky\ACDSee\01Personal\2024\06France\2024-07-01(120).heic tag_year='0000000' tag_year_int=0
2024-07-31,13:33:39.426.0,INFO,__main__,adjust_metadata.adjust_metadata:123,Exifread could not handle C:\Users\nedlecky\ACDSee\01Personal\2024\06France\2024-07-01(121).heic tag_year='0000000' tag_year_int=0
2024-07-31,13:33:39.426.0,INFO,__main__,adjust_metadata.adjust_metadata:123,Exifread could not handle C:\Users\nedlecky\ACDSee\01Personal\2024\06France\2024-07-01(123).heic tag_year='0000000' tag_year_int=0
2024-07-31,13:33:39.426.0,INFO,__main__,adjust_metadata.adjust_metadata:123,Exifread could not handle C:\Users\nedlecky\ACDSee\01Personal\2024\06France\2024-07-01(124).heic tag_year='0000000' tag_year_int=0
2024-07-31,13:33:39.426.0,INFO,__main__,adjust_metadata.adjust_metadata:123,Exifread could not handle C:\Users\nedlecky\ACDSee\01Personal\2024\06France\2024-07-01(127).heic tag_year='0000000' tag_year_int=0
2024-07-31,13:33:39.426.0,INFO,__main__,adjust_metadata.adjust_metadata:123,Exifread could not handle C:\Users\nedlecky\ACDSee\01Personal\2024\06France\2024-07-01(129).heic tag_year='0000000' tag_year_int=0
2024-07-31,13:33:39.426.0,INFO,__main__,adjust_metadata.adjust_metadata:123,Exifread could not handle C:\Users\nedlecky\ACDSee\01Personal\2024\06France\2024-07-01(13).heic tag_year='0000000' tag_year_int=0
2024-07-31,13:33:39.427.0,INFO,__main__,adjust_metadata.adjust_metadata:123,Exifread could not handle C:\Users\nedlecky\ACDSee\01Personal\2024\06France\2024-07-01(132).heic tag_year='0000000' tag_year_int=0
2024-07-31,13:33:39.427.0,INFO,__main__,adjust_metadata.adjust_metadata:123,Exifread could not handle C:\Users\nedlecky\ACDSee\01Personal\2024\06France\2024-07-01(133).heic tag_year='0000000' tag_year_int=0
2024-07-31,13:33:39.427.0,INFO,__main__,adjust_metadata.adjust_metadata:123,Exifread could not handle C:\Users\nedlecky\ACDSee\01Personal\2024\06France\2024-07-01(135).heic tag_year='0000000' tag_year_int=0
2024-07-31,13:33:39.427.0,INFO,__main__,adjust_metadata.adjust_metadata:123,Exifread could not handle C:\Users\nedlecky\ACDSee\01Personal\2024\06France\2024-07-01(137).heic tag_year='0000000' tag_year_int=0
2024-07-31,13:33:39.427.0,INFO,__main__,adjust_metadata.adjust_metadata:123,Exifread could not handle C:\Users\nedlecky\ACDSee\01Personal\2024\06France\2024-07-01(138).heic tag_year='0000000' tag_year_int=0
2024-07-31,13:33:39.427.0,INFO,__main__,adjust_metadata.adjust_metadata:123,Exifread could not handle C:\Users\nedlecky\ACDSee\01Personal\2024\06France\2024-07-01(139).heic tag_year='0000000' tag_year_int=0
2024-07-31,13:33:39.427.0,INFO,__main__,adjust_metadata.adjust_metadata:123,Exifread could not handle C:\Users\nedlecky\ACDSee\01Personal\2024\06France\2024-07-01(14).heic tag_year='0000000' tag_year_int=0
2024-07-31,13:33:39.427.0,INFO,__main__,adjust_metadata.adjust_metadata:123,Exifread could not handle C:\Users\nedlecky\ACDSee\01Personal\2024\06France\2024-07-01(142).heic tag_year='0000000' tag_year_int=0
2024-07-31,13:33:39.427.0,INFO,__main__,adjust_metadata.adjust_metadata:123,Exifread could not handle C:\Users\nedlecky\ACDSee\01Personal\2024\06France\2024-07-01(143).heic tag_year='0000000' tag_year_int=0
2024-07-31,13:33:39.427.0,INFO,__main__,adjust_metadata.adjust_metadata:123,Exifread could not handle C:\Users\nedlecky\ACDSee\01Personal\2024\06France\2024-07-01(145).heic tag_year='0000000' tag_year_int=0
2024-07-31,13:33:39.427.0,INFO,__main__,adjust_metadata.adjust_metadata:123,Exifread could not handle C:\Users\nedlecky\ACDSee\01Personal\2024\06France\2024-07-01(147).heic tag_year='0000000' tag_year_int=0
2024-07-31,13:33:39.427.0,INFO,__main__,adjust_metadata.adjust_metadata:123,Exifread could not handle C:\Users\nedlecky\ACDSee\01Personal\2024\06France\2024-07-01(149).heic tag_year='0000000' tag_year_int=0
2024-07-31,13:33:39.427.0,INFO,__main__,adjust_metadata.adjust_metadata:123,Exifread could not handle C:\Users\nedlecky\ACDSee\01Personal\2024\06France\2024-07-01(15).heic tag_year='0000000' tag_year_int=0
2024-07-31,13:33:39.427.0,INFO,__main__,adjust_metadata.adjust_metadata:123,Exifread could not handle C:\Users\nedlecky\ACDSee\01Personal\2024\06France\2024-07-01(151).heic tag_year='0000000' tag_year_int=0
2024-07-31,13:33:39.427.0,INFO,__main__,adjust_metadata.adjust_metadata:123,Exifread could not handle C:\Users\nedlecky\ACDSee\01Personal\2024\06France\2024-07-01(153).heic tag_year='0000000' tag_year_int=0
2024-07-31,13:33:39.428.0,INFO,__main__,adjust_metadata.adjust_metadata:123,Exifread could not handle C:\Users\nedlecky\ACDSee\01Personal\2024\06France\2024-07-01(155).heic tag_year='0000000' tag_year_int=0
2024-07-31,13:33:39.428.0,INFO,__main__,adjust_metadata.adjust_metadata:123,Exifread could not handle C:\Users\nedlecky\ACDSee\01Personal\2024\06France\2024-07-01(157).heic tag_year='0000000' tag_year_int=0
2024-07-31,13:33:39.428.0,INFO,__main__,adjust_metadata.adjust_metadata:123,Exifread could not handle C:\Users\nedlecky\ACDSee\01Personal\2024\06France\2024-07-01(159).heic tag_year='0000000' tag_year_int=0
2024-07-31,13:33:39.428.0,INFO,__main__,adjust_metadata.adjust_metadata:123,Exifread could not handle C:\Users\nedlecky\ACDSee\01Personal\2024\06France\2024-07-01(16).heic tag_year='0000000' tag_year_int=0
2024-07-31,13:33:39.428.0,INFO,__main__,adjust_metadata.adjust_metadata:123,Exifread could not handle C:\Users\nedlecky\ACDSee\01Personal\2024\06France\2024-07-01(161).heic tag_year='0000000' tag_year_int=0
2024-07-31,13:33:39.428.0,INFO,__main__,adjust_metadata.adjust_metadata:123,Exifread could not handle C:\Users\nedlecky\ACDSee\01Personal\2024\06France\2024-07-01(163).heic tag_year='0000000' tag_year_int=0
2024-07-31,13:33:39.428.0,INFO,__main__,adjust_metadata.adjust_metadata:123,Exifread could not handle C:\Users\nedlecky\ACDSee\01Personal\2024\06France\2024-07-01(164).heic tag_year='0000000' tag_year_int=0
2024-07-31,13:33:39.428.0,INFO,__main__,adjust_metadata.adjust_metadata:123,Exifread could not handle C:\Users\nedlecky\ACDSee\01Personal\2024\06France\2024-07-01(167).heic tag_year='0000000' tag_year_int=0
2024-07-31,13:33:39.428.0,INFO,__main__,adjust_metadata.adjust_metadata:123,Exifread could not handle C:\Users\nedlecky\ACDSee\01Personal\2024\06France\2024-07-01(169).heic tag_year='0000000' tag_year_int=0
2024-07-31,13:33:39.428.0,INFO,__main__,adjust_metadata.adjust_metadata:123,Exifread could not handle C:\Users\nedlecky\ACDSee\01Personal\2024\06France\2024-07-01(17).heic tag_year='0000000' tag_year_int=0
2024-07-31,13:33:39.428.0,INFO,__main__,adjust_metadata.adjust_metadata:123,Exifread could not handle C:\Users\nedlecky\ACDSee\01Personal\2024\06France\2024-07-01(171).heic tag_year='0000000' tag_year_int=0
2024-07-31,13:33:39.428.0,INFO,__main__,adjust_metadata.adjust_metadata:123,Exifread could not handle C:\Users\nedlecky\ACDSee\01Personal\2024\06France\2024-07-01(174).heic tag_year='0000000' tag_year_int=0
2024-07-31,13:33:39.428.0,INFO,__main__,adjust_metadata.adjust_metadata:123,Exifread could not handle C:\Users\nedlecky\ACDSee\01Personal\2024\06France\2024-07-01(176).heic tag_year='0000000' tag_year_int=0
2024-07-31,13:33:39.428.0,INFO,__main__,adjust_metadata.adjust_metadata:123,Exifread could not handle C:\Users\nedlecky\ACDSee\01Personal\2024\06France\2024-07-01(178).heic tag_year='0000000' tag_year_int=0
2024-07-31,13:33:39.428.0,INFO,__main__,adjust_metadata.adjust_metadata:123,Exifread could not handle C:\Users\nedlecky\ACDSee\01Personal\2024\06France\2024-07-01(18).heic tag_year='0000000' tag_year_int=0
2024-07-31,13:33:39.429.0,INFO,__main__,adjust_metadata.adjust_metadata:123,Exifread could not handle C:\Users\nedlecky\ACDSee\01Personal\2024\06France\2024-07-01(180).heic tag_year='0000000' tag_year_int=0
2024-07-31,13:33:39.429.0,INFO,__main__,adjust_metadata.adjust_metadata:123,Exifread could not handle C:\Users\nedlecky\ACDSee\01Personal\2024\06France\2024-07-01(181).heic tag_year='0000000' tag_year_int=0
2024-07-31,13:33:39.429.0,INFO,__main__,adjust_metadata.adjust_metadata:123,Exifread could not handle C:\Users\nedlecky\ACDSee\01Personal\2024\06France\2024-07-01(184).heic tag_year='0000000' tag_year_int=0
2024-07-31,13:33:39.429.0,INFO,__main__,adjust_metadata.adjust_metadata:123,Exifread could not handle C:\Users\nedlecky\ACDSee\01Personal\2024\06France\2024-07-01(185).heic tag_year='0000000' tag_year_int=0
2024-07-31,13:33:39.429.0,INFO,__main__,adjust_metadata.adjust_metadata:123,Exifread could not handle C:\Users\nedlecky\ACDSee\01Personal\2024\06France\2024-07-01(187).heic tag_year='0000000' tag_year_int=0
2024-07-31,13:33:39.429.0,INFO,__main__,adjust_metadata.adjust_metadata:123,Exifread could not handle C:\Users\nedlecky\ACDSee\01Personal\2024\06France\2024-07-01(188).heic tag_year='0000000' tag_year_int=0
2024-07-31,13:33:39.429.0,INFO,__main__,adjust_metadata.adjust_metadata:123,Exifread could not handle C:\Users\nedlecky\ACDSee\01Personal\2024\06France\2024-07-01(19).heic tag_year='0000000' tag_year_int=0
2024-07-31,13:33:39.429.0,INFO,__main__,adjust_metadata.adjust_metadata:123,Exifread could not handle C:\Users\nedlecky\ACDSee\01Personal\2024\06France\2024-07-01(190).heic tag_year='0000000' tag_year_int=0
2024-07-31,13:33:39.429.0,INFO,__main__,adjust_metadata.adjust_metadata:123,Exifread could not handle C:\Users\nedlecky\ACDSee\01Personal\2024\06France\2024-07-01(192).heic tag_year='0000000' tag_year_int=0
2024-07-31,13:33:39.429.0,INFO,__main__,adjust_metadata.adjust_metadata:123,Exifread could not handle C:\Users\nedlecky\ACDSee\01Personal\2024\06France\2024-07-01(193).heic tag_year='0000000' tag_year_int=0
2024-07-31,13:33:39.429.0,INFO,__main__,adjust_metadata.adjust_metadata:123,Exifread could not handle C:\Users\nedlecky\ACDSee\01Personal\2024\06France\2024-07-01(196).heic tag_year='0000000' tag_year_int=0
2024-07-31,13:33:39.429.0,INFO,__main__,adjust_metadata.adjust_metadata:123,Exifread could not handle C:\Users\nedlecky\ACDSee\01Personal\2024\06France\2024-07-01(199).heic tag_year='0000000' tag_year_int=0
2024-07-31,13:33:39.429.0,INFO,__main__,adjust_metadata.adjust_metadata:123,Exifread could not handle C:\Users\nedlecky\ACDSee\01Personal\2024\06France\2024-07-01(2).heic tag_year='0000000' tag_year_int=0
2024-07-31,13:33:39.429.0,INFO,__main__,adjust_metadata.adjust_metadata:123,Exifread could not handle C:\Users\nedlecky\ACDSee\01Personal\2024\06France\2024-07-01(20).heic tag_year='0000000' tag_year_int=0
2024-07-31,13:33:39.429.0,INFO,__main__,adjust_metadata.adjust_metadata:123,Exifread could not handle C:\Users\nedlecky\ACDSee\01Personal\2024\06France\2024-07-01(201).heic tag_year='0000000' tag_year_int=0
2024-07-31,13:33:39.430.0,INFO,__main__,adjust_metadata.adjust_metadata:123,Exifread could not handle C:\Users\nedlecky\ACDSee\01Personal\2024\06France\2024-07-01(202).heic tag_year='0000000' tag_year_int=0
2024-07-31,13:33:39.430.0,INFO,__main__,adjust_metadata.adjust_metadata:123,Exifread could not handle C:\Users\nedlecky\ACDSee\01Personal\2024\06France\2024-07-01(204).heic tag_year='0000000' tag_year_int=0
2024-07-31,13:33:39.430.0,INFO,__main__,adjust_metadata.adjust_metadata:123,Exifread could not handle C:\Users\nedlecky\ACDSee\01Personal\2024\06France\2024-07-01(206).heic tag_year='0000000' tag_year_int=0
2024-07-31,13:33:39.430.0,INFO,__main__,adjust_metadata.adjust_metadata:123,Exifread could not handle C:\Users\nedlecky\ACDSee\01Personal\2024\06France\2024-07-01(208).heic tag_year='0000000' tag_year_int=0
2024-07-31,13:33:39.430.0,INFO,__main__,adjust_metadata.adjust_metadata:123,Exifread could not handle C:\Users\nedlecky\ACDSee\01Personal\2024\06France\2024-07-01(21).heic tag_year='0000000' tag_year_int=0
2024-07-31,13:33:39.430.0,INFO,__main__,adjust_metadata.adjust_metadata:123,Exifread could not handle C:\Users\nedlecky\ACDSee\01Personal\2024\06France\2024-07-01(212).heic tag_year='0000000' tag_year_int=0
2024-07-31,13:33:39.430.0,INFO,__main__,adjust_metadata.adjust_metadata:123,Exifread could not handle C:\Users\nedlecky\ACDSee\01Personal\2024\06France\2024-07-01(214).heic tag_year='0000000' tag_year_int=0
2024-07-31,13:33:39.430.0,INFO,__main__,adjust_metadata.adjust_metadata:123,Exifread could not handle C:\Users\nedlecky\ACDSee\01Personal\2024\06France\2024-07-01(216).heic tag_year='0000000' tag_year_int=0
2024-07-31,13:33:39.430.0,INFO,__main__,adjust_metadata.adjust_metadata:123,Exifread could not handle C:\Users\nedlecky\ACDSee\01Personal\2024\06France\2024-07-01(217).heic tag_year='0000000' tag_year_int=0
2024-07-31,13:33:39.430.0,INFO,__main__,adjust_metadata.adjust_metadata:123,Exifread could not handle C:\Users\nedlecky\ACDSee\01Personal\2024\06France\2024-07-01(22).heic tag_year='0000000' tag_year_int=0
2024-07-31,13:33:39.430.0,INFO,__main__,adjust_metadata.adjust_metadata:123,Exifread could not handle C:\Users\nedlecky\ACDSee\01Personal\2024\06France\2024-07-01(221).heic tag_year='0000000' tag_year_int=0
2024-07-31,13:33:39.430.0,INFO,__main__,adjust_metadata.adjust_metadata:123,Exifread could not handle C:\Users\nedlecky\ACDSee\01Personal\2024\06France\2024-07-01(222).heic tag_year='0000000' tag_year_int=0
2024-07-31,13:33:39.430.0,INFO,__main__,adjust_metadata.adjust_metadata:123,Exifread could not handle C:\Users\nedlecky\ACDSee\01Personal\2024\06France\2024-07-01(224).heic tag_year='0000000' tag_year_int=0
2024-07-31,13:33:39.430.0,INFO,__main__,adjust_metadata.adjust_metadata:123,Exifread could not handle C:\Users\nedlecky\ACDSee\01Personal\2024\06France\2024-07-01(225).heic tag_year='0000000' tag_year_int=0
2024-07-31,13:33:39.430.0,INFO,__main__,adjust_metadata.adjust_metadata:123,Exifread could not handle C:\Users\nedlecky\ACDSee\01Personal\2024\06France\2024-07-01(227).heic tag_year='0000000' tag_year_int=0
2024-07-31,13:33:39.431.0,INFO,__main__,adjust_metadata.adjust_metadata:123,Exifread could not handle C:\Users\nedlecky\ACDSee\01Personal\2024\06France\2024-07-01(229).heic tag_year='0000000' tag_year_int=0
2024-07-31,13:33:39.431.0,INFO,__main__,adjust_metadata.adjust_metadata:123,Exifread could not handle C:\Users\nedlecky\ACDSee\01Personal\2024\06France\2024-07-01(23).heic tag_year='0000000' tag_year_int=0
2024-07-31,13:33:39.431.0,INFO,__main__,adjust_metadata.adjust_metadata:123,Exifread could not handle C:\Users\nedlecky\ACDSee\01Personal\2024\06France\2024-07-01(231).heic tag_year='0000000' tag_year_int=0
2024-07-31,13:33:39.431.0,INFO,__main__,adjust_metadata.adjust_metadata:123,Exifread could not handle C:\Users\nedlecky\ACDSee\01Personal\2024\06France\2024-07-01(233).heic tag_year='0000000' tag_year_int=0
2024-07-31,13:33:39.431.0,INFO,__main__,adjust_metadata.adjust_metadata:123,Exifread could not handle C:\Users\nedlecky\ACDSee\01Personal\2024\06France\2024-07-01(235).heic tag_year='0000000' tag_year_int=0
2024-07-31,13:33:39.431.0,INFO,__main__,adjust_metadata.adjust_metadata:123,Exifread could not handle C:\Users\nedlecky\ACDSee\01Personal\2024\06France\2024-07-01(239).heic tag_year='0000000' tag_year_int=0
2024-07-31,13:33:39.431.0,INFO,__main__,adjust_metadata.adjust_metadata:123,Exifread could not handle C:\Users\nedlecky\ACDSee\01Personal\2024\06France\2024-07-01(24).heic tag_year='0000000' tag_year_int=0
2024-07-31,13:33:39.431.0,INFO,__main__,adjust_metadata.adjust_metadata:123,Exifread could not handle C:\Users\nedlecky\ACDSee\01Personal\2024\06France\2024-07-01(241).heic tag_year='0000000' tag_year_int=0
2024-07-31,13:33:39.431.0,INFO,__main__,adjust_metadata.adjust_metadata:123,Exifread could not handle C:\Users\nedlecky\ACDSee\01Personal\2024\06France\2024-07-01(243).heic tag_year='0000000' tag_year_int=0
2024-07-31,13:33:39.431.0,INFO,__main__,adjust_metadata.adjust_metadata:123,Exifread could not handle C:\Users\nedlecky\ACDSee\01Personal\2024\06France\2024-07-01(244).heic tag_year='0000000' tag_year_int=0
2024-07-31,13:33:39.431.0,INFO,__main__,adjust_metadata.adjust_metadata:123,Exifread could not handle C:\Users\nedlecky\ACDSee\01Personal\2024\06France\2024-07-01(245).heic tag_year='0000000' tag_year_int=0
2024-07-31,13:33:39.431.0,INFO,__main__,adjust_metadata.adjust_metadata:123,Exifread could not handle C:\Users\nedlecky\ACDSee\01Personal\2024\06France\2024-07-01(247).heic tag_year='0000000' tag_year_int=0
2024-07-31,13:33:39.431.0,INFO,__main__,adjust_metadata.adjust_metadata:123,Exifread could not handle C:\Users\nedlecky\ACDSee\01Personal\2024\06France\2024-07-01(249).heic tag_year='0000000' tag_year_int=0
2024-07-31,13:33:39.431.0,INFO,__main__,adjust_metadata.adjust_metadata:123,Exifread could not handle C:\Users\nedlecky\ACDSee\01Personal\2024\06France\2024-07-01(25).heic tag_year='0000000' tag_year_int=0
2024-07-31,13:33:39.431.0,INFO,__main__,adjust_metadata.adjust_metadata:123,Exifread could not handle C:\Users\nedlecky\ACDSee\01Personal\2024\06France\2024-07-01(251).heic tag_year='0000000' tag_year_int=0
2024-07-31,13:33:39.432.0,INFO,__main__,adjust_metadata.adjust_metadata:123,Exifread could not handle C:\Users\nedlecky\ACDSee\01Personal\2024\06France\2024-07-01(253).heic tag_year='0000000' tag_year_int=0
2024-07-31,13:33:39.432.0,INFO,__main__,adjust_metadata.adjust_metadata:123,Exifread could not handle C:\Users\nedlecky\ACDSee\01Personal\2024\06France\2024-07-01(255).heic tag_year='0000000' tag_year_int=0
2024-07-31,13:33:39.432.0,INFO,__main__,adjust_metadata.adjust_metadata:123,Exifread could not handle C:\Users\nedlecky\ACDSee\01Personal\2024\06France\2024-07-01(257).heic tag_year='0000000' tag_year_int=0
2024-07-31,13:33:39.432.0,INFO,__main__,adjust_metadata.adjust_metadata:123,Exifread could not handle C:\Users\nedlecky\ACDSee\01Personal\2024\06France\2024-07-01(259).heic tag_year='0000000' tag_year_int=0
2024-07-31,13:33:39.432.0,INFO,__main__,adjust_metadata.adjust_metadata:123,Exifread could not handle C:\Users\nedlecky\ACDSee\01Personal\2024\06France\2024-07-01(26).heic tag_year='0000000' tag_year_int=0
2024-07-31,13:33:39.432.0,INFO,__main__,adjust_metadata.adjust_metadata:123,Exifread could not handle C:\Users\nedlecky\ACDSee\01Personal\2024\06France\2024-07-01(260).heic tag_year='0000000' tag_year_int=0
2024-07-31,13:33:39.432.0,INFO,__main__,adjust_metadata.adjust_metadata:123,Exifread could not handle C:\Users\nedlecky\ACDSee\01Personal\2024\06France\2024-07-01(265).heic tag_year='0000000' tag_year_int=0
2024-07-31,13:33:39.432.0,INFO,__main__,adjust_metadata.adjust_metadata:123,Exifread could not handle C:\Users\nedlecky\ACDSee\01Personal\2024\06France\2024-07-01(267).heic tag_year='0000000' tag_year_int=0
2024-07-31,13:33:39.432.0,INFO,__main__,adjust_metadata.adjust_metadata:123,Exifread could not handle C:\Users\nedlecky\ACDSee\01Personal\2024\06France\2024-07-01(27).heic tag_year='0000000' tag_year_int=0
2024-07-31,13:33:39.432.0,INFO,__main__,adjust_metadata.adjust_metadata:123,Exifread could not handle C:\Users\nedlecky\ACDSee\01Personal\2024\06France\2024-07-01(270).heic tag_year='0000000' tag_year_int=0
2024-07-31,13:33:39.432.0,INFO,__main__,adjust_metadata.adjust_metadata:123,Exifread could not handle C:\Users\nedlecky\ACDSee\01Personal\2024\06France\2024-07-01(272).heic tag_year='0000000' tag_year_int=0
2024-07-31,13:33:39.432.0,INFO,__main__,adjust_metadata.adjust_metadata:123,Exifread could not handle C:\Users\nedlecky\ACDSee\01Personal\2024\06France\2024-07-01(274).heic tag_year='0000000' tag_year_int=0
2024-07-31,13:33:39.432.0,INFO,__main__,adjust_metadata.adjust_metadata:123,Exifread could not handle C:\Users\nedlecky\ACDSee\01Personal\2024\06France\2024-07-01(275).heic tag_year='0000000' tag_year_int=0
2024-07-31,13:33:39.432.0,INFO,__main__,adjust_metadata.adjust_metadata:123,Exifread could not handle C:\Users\nedlecky\ACDSee\01Personal\2024\06France\2024-07-01(277).heic tag_year='0000000' tag_year_int=0
2024-07-31,13:33:39.432.0,INFO,__main__,adjust_metadata.adjust_metadata:123,Exifread could not handle C:\Users\nedlecky\ACDSee\01Personal\2024\06France\2024-07-01(279).heic tag_year='0000000' tag_year_int=0
2024-07-31,13:33:39.433.0,INFO,__main__,adjust_metadata.adjust_metadata:123,Exifread could not handle C:\Users\nedlecky\ACDSee\01Personal\2024\06France\2024-07-01(28).heic tag_year='0000000' tag_year_int=0
2024-07-31,13:33:39.433.0,INFO,__main__,adjust_metadata.adjust_metadata:123,Exifread could not handle C:\Users\nedlecky\ACDSee\01Personal\2024\06France\2024-07-01(281).heic tag_year='0000000' tag_year_int=0
2024-07-31,13:33:39.433.0,INFO,__main__,adjust_metadata.adjust_metadata:123,Exifread could not handle C:\Users\nedlecky\ACDSee\01Personal\2024\06France\2024-07-01(283).heic tag_year='0000000' tag_year_int=0
2024-07-31,13:33:39.433.0,INFO,__main__,adjust_metadata.adjust_metadata:123,Exifread could not handle C:\Users\nedlecky\ACDSee\01Personal\2024\06France\2024-07-01(285).heic tag_year='0000000' tag_year_int=0
2024-07-31,13:33:39.433.0,INFO,__main__,adjust_metadata.adjust_metadata:123,Exifread could not handle C:\Users\nedlecky\ACDSee\01Personal\2024\06France\2024-07-01(287).heic tag_year='0000000' tag_year_int=0
2024-07-31,13:33:39.433.0,INFO,__main__,adjust_metadata.adjust_metadata:123,Exifread could not handle C:\Users\nedlecky\ACDSee\01Personal\2024\06France\2024-07-01(289).heic tag_year='0000000' tag_year_int=0
2024-07-31,13:33:39.433.0,INFO,__main__,adjust_metadata.adjust_metadata:123,Exifread could not handle C:\Users\nedlecky\ACDSee\01Personal\2024\06France\2024-07-01(29).heic tag_year='0000000' tag_year_int=0
2024-07-31,13:33:39.433.0,INFO,__main__,adjust_metadata.adjust_metadata:123,Exifread could not handle C:\Users\nedlecky\ACDSee\01Personal\2024\06France\2024-07-01(291).heic tag_year='0000000' tag_year_int=0
2024-07-31,13:33:39.433.0,INFO,__main__,adjust_metadata.adjust_metadata:123,Exifread could not handle C:\Users\nedlecky\ACDSee\01Personal\2024\06France\2024-07-01(293).heic tag_year='0000000' tag_year_int=0
2024-07-31,13:33:39.433.0,INFO,__main__,adjust_metadata.adjust_metadata:123,Exifread could not handle C:\Users\nedlecky\ACDSee\01Personal\2024\06France\2024-07-01(296).heic tag_year='0000000' tag_year_int=0
2024-07-31,13:33:39.433.0,INFO,__main__,adjust_metadata.adjust_metadata:123,Exifread could not handle C:\Users\nedlecky\ACDSee\01Personal\2024\06France\2024-07-01(298).heic tag_year='0000000' tag_year_int=0
2024-07-31,13:33:39.433.0,INFO,__main__,adjust_metadata.adjust_metadata:123,Exifread could not handle C:\Users\nedlecky\ACDSee\01Personal\2024\06France\2024-07-01(3).heic tag_year='0000000' tag_year_int=0
2024-07-31,13:33:39.434.0,INFO,__main__,adjust_metadata.adjust_metadata:123,Exifread could not handle C:\Users\nedlecky\ACDSee\01Personal\2024\06France\2024-07-01(30).heic tag_year='0000000' tag_year_int=0
2024-07-31,13:33:39.434.0,INFO,__main__,adjust_metadata.adjust_metadata:123,Exifread could not handle C:\Users\nedlecky\ACDSee\01Personal\2024\06France\2024-07-01(300).heic tag_year='0000000' tag_year_int=0
2024-07-31,13:33:39.434.0,INFO,__main__,adjust_metadata.adjust_metadata:123,Exifread could not handle C:\Users\nedlecky\ACDSee\01Personal\2024\06France\2024-07-01(302).heic tag_year='0000000' tag_year_int=0
2024-07-31,13:33:39.434.0,INFO,__main__,adjust_metadata.adjust_metadata:123,Exifread could not handle C:\Users\nedlecky\ACDSee\01Personal\2024\06France\2024-07-01(304).heic tag_year='0000000' tag_year_int=0
2024-07-31,13:33:39.434.0,INFO,__main__,adjust_metadata.adjust_metadata:123,Exifread could not handle C:\Users\nedlecky\ACDSee\01Personal\2024\06France\2024-07-01(306).heic tag_year='0000000' tag_year_int=0
2024-07-31,13:33:39.434.0,INFO,__main__,adjust_metadata.adjust_metadata:123,Exifread could not handle C:\Users\nedlecky\ACDSee\01Personal\2024\06France\2024-07-01(308).heic tag_year='0000000' tag_year_int=0
2024-07-31,13:33:39.434.0,INFO,__main__,adjust_metadata.adjust_metadata:123,Exifread could not handle C:\Users\nedlecky\ACDSee\01Personal\2024\06France\2024-07-01(31).heic tag_year='0000000' tag_year_int=0
2024-07-31,13:33:39.434.0,INFO,__main__,adjust_metadata.adjust_metadata:123,Exifread could not handle C:\Users\nedlecky\ACDSee\01Personal\2024\06France\2024-07-01(310).heic tag_year='0000000' tag_year_int=0
2024-07-31,13:33:39.434.0,INFO,__main__,adjust_metadata.adjust_metadata:123,Exifread could not handle C:\Users\nedlecky\ACDSee\01Personal\2024\06France\2024-07-01(312).heic tag_year='0000000' tag_year_int=0
2024-07-31,13:33:39.434.0,INFO,__main__,adjust_metadata.adjust_metadata:123,Exifread could not handle C:\Users\nedlecky\ACDSee\01Personal\2024\06France\2024-07-01(313).heic tag_year='0000000' tag_year_int=0
2024-07-31,13:33:39.434.0,INFO,__main__,adjust_metadata.adjust_metadata:123,Exifread could not handle C:\Users\nedlecky\ACDSee\01Personal\2024\06France\2024-07-01(314).heic tag_year='0000000' tag_year_int=0
2024-07-31,13:33:39.434.0,INFO,__main__,adjust_metadata.adjust_metadata:123,Exifread could not handle C:\Users\nedlecky\ACDSee\01Personal\2024\06France\2024-07-01(316).heic tag_year='0000000' tag_year_int=0
2024-07-31,13:33:39.434.0,INFO,__main__,adjust_metadata.adjust_metadata:123,Exifread could not handle C:\Users\nedlecky\ACDSee\01Personal\2024\06France\2024-07-01(318).heic tag_year='0000000' tag_year_int=0
2024-07-31,13:33:39.434.0,INFO,__main__,adjust_metadata.adjust_metadata:123,Exifread could not handle C:\Users\nedlecky\ACDSee\01Personal\2024\06France\2024-07-01(32).heic tag_year='0000000' tag_year_int=0
2024-07-31,13:33:39.434.0,INFO,__main__,adjust_metadata.adjust_metadata:123,Exifread could not handle C:\Users\nedlecky\ACDSee\01Personal\2024\06France\2024-07-01(320).heic tag_year='0000000' tag_year_int=0
2024-07-31,13:33:39.435.0,INFO,__main__,adjust_metadata.adjust_metadata:123,Exifread could not handle C:\Users\nedlecky\ACDSee\01Personal\2024\06France\2024-07-01(322).heic tag_year='0000000' tag_year_int=0
2024-07-31,13:33:39.435.0,INFO,__main__,adjust_metadata.adjust_metadata:123,Exifread could not handle C:\Users\nedlecky\ACDSee\01Personal\2024\06France\2024-07-01(323).heic tag_year='0000000' tag_year_int=0
2024-07-31,13:33:39.435.0,INFO,__main__,adjust_metadata.adjust_metadata:123,Exifread could not handle C:\Users\nedlecky\ACDSee\01Personal\2024\06France\2024-07-01(325).heic tag_year='0000000' tag_year_int=0
2024-07-31,13:33:39.435.0,INFO,__main__,adjust_metadata.adjust_metadata:123,Exifread could not handle C:\Users\nedlecky\ACDSee\01Personal\2024\06France\2024-07-01(326).heic tag_year='0000000' tag_year_int=0
2024-07-31,13:33:39.435.0,INFO,__main__,adjust_metadata.adjust_metadata:123,Exifread could not handle C:\Users\nedlecky\ACDSee\01Personal\2024\06France\2024-07-01(328).heic tag_year='0000000' tag_year_int=0
2024-07-31,13:33:39.435.0,INFO,__main__,adjust_metadata.adjust_metadata:123,Exifread could not handle C:\Users\nedlecky\ACDSee\01Personal\2024\06France\2024-07-01(329).heic tag_year='0000000' tag_year_int=0
2024-07-31,13:33:39.435.0,INFO,__main__,adjust_metadata.adjust_metadata:123,Exifread could not handle C:\Users\nedlecky\ACDSee\01Personal\2024\06France\2024-07-01(33).heic tag_year='0000000' tag_year_int=0
2024-07-31,13:33:39.435.0,INFO,__main__,adjust_metadata.adjust_metadata:123,Exifread could not handle C:\Users\nedlecky\ACDSee\01Personal\2024\06France\2024-07-01(331).heic tag_year='0000000' tag_year_int=0
2024-07-31,13:33:39.435.0,INFO,__main__,adjust_metadata.adjust_metadata:123,Exifread could not handle C:\Users\nedlecky\ACDSee\01Personal\2024\06France\2024-07-01(333).heic tag_year='0000000' tag_year_int=0
2024-07-31,13:33:39.436.0,INFO,__main__,adjust_metadata.adjust_metadata:123,Exifread could not handle C:\Users\nedlecky\ACDSee\01Personal\2024\06France\2024-07-01(334).heic tag_year='0000000' tag_year_int=0
2024-07-31,13:33:39.436.0,INFO,__main__,adjust_metadata.adjust_metadata:123,Exifread could not handle C:\Users\nedlecky\ACDSee\01Personal\2024\06France\2024-07-01(336).heic tag_year='0000000' tag_year_int=0
2024-07-31,13:33:39.436.0,INFO,__main__,adjust_metadata.adjust_metadata:123,Exifread could not handle C:\Users\nedlecky\ACDSee\01Personal\2024\06France\2024-07-01(338).heic tag_year='0000000' tag_year_int=0
2024-07-31,13:33:39.436.0,INFO,__main__,adjust_metadata.adjust_metadata:123,Exifread could not handle C:\Users\nedlecky\ACDSee\01Personal\2024\06France\2024-07-01(339).heic tag_year='0000000' tag_year_int=0
2024-07-31,13:33:39.436.0,INFO,__main__,adjust_metadata.adjust_metadata:123,Exifread could not handle C:\Users\nedlecky\ACDSee\01Personal\2024\06France\2024-07-01(34).heic tag_year='0000000' tag_year_int=0
2024-07-31,13:33:39.436.0,INFO,__main__,adjust_metadata.adjust_metadata:123,Exifread could not handle C:\Users\nedlecky\ACDSee\01Personal\2024\06France\2024-07-01(340).heic tag_year='0000000' tag_year_int=0
2024-07-31,13:33:39.436.0,INFO,__main__,adjust_metadata.adjust_metadata:123,Exifread could not handle C:\Users\nedlecky\ACDSee\01Personal\2024\06France\2024-07-01(342).heic tag_year='0000000' tag_year_int=0
2024-07-31,13:33:39.436.0,INFO,__main__,adjust_metadata.adjust_metadata:123,Exifread could not handle C:\Users\nedlecky\ACDSee\01Personal\2024\06France\2024-07-01(343).heic tag_year='0000000' tag_year_int=0
2024-07-31,13:33:39.436.0,INFO,__main__,adjust_metadata.adjust_metadata:123,Exifread could not handle C:\Users\nedlecky\ACDSee\01Personal\2024\06France\2024-07-01(344).heic tag_year='0000000' tag_year_int=0
2024-07-31,13:33:39.437.0,INFO,__main__,adjust_metadata.adjust_metadata:123,Exifread could not handle C:\Users\nedlecky\ACDSee\01Personal\2024\06France\2024-07-01(345).heic tag_year='0000000' tag_year_int=0
2024-07-31,13:33:39.437.0,INFO,__main__,adjust_metadata.adjust_metadata:123,Exifread could not handle C:\Users\nedlecky\ACDSee\01Personal\2024\06France\2024-07-01(347).heic tag_year='0000000' tag_year_int=0
2024-07-31,13:33:39.437.0,INFO,__main__,adjust_metadata.adjust_metadata:123,Exifread could not handle C:\Users\nedlecky\ACDSee\01Personal\2024\06France\2024-07-01(348).heic tag_year='0000000' tag_year_int=0
2024-07-31,13:33:39.437.0,INFO,__main__,adjust_metadata.adjust_metadata:123,Exifread could not handle C:\Users\nedlecky\ACDSee\01Personal\2024\06France\2024-07-01(35).heic tag_year='0000000' tag_year_int=0
2024-07-31,13:33:39.437.0,INFO,__main__,adjust_metadata.adjust_metadata:123,Exifread could not handle C:\Users\nedlecky\ACDSee\01Personal\2024\06France\2024-07-01(350).heic tag_year='0000000' tag_year_int=0
2024-07-31,13:33:39.437.0,INFO,__main__,adjust_metadata.adjust_metadata:123,Exifread could not handle C:\Users\nedlecky\ACDSee\01Personal\2024\06France\2024-07-01(351).heic tag_year='0000000' tag_year_int=0
2024-07-31,13:33:39.437.0,INFO,__main__,adjust_metadata.adjust_metadata:123,Exifread could not handle C:\Users\nedlecky\ACDSee\01Personal\2024\06France\2024-07-01(352).heic tag_year='0000000' tag_year_int=0
2024-07-31,13:33:39.437.0,INFO,__main__,adjust_metadata.adjust_metadata:123,Exifread could not handle C:\Users\nedlecky\ACDSee\01Personal\2024\06France\2024-07-01(354).heic tag_year='0000000' tag_year_int=0
2024-07-31,13:33:39.437.0,INFO,__main__,adjust_metadata.adjust_metadata:123,Exifread could not handle C:\Users\nedlecky\ACDSee\01Personal\2024\06France\2024-07-01(355).heic tag_year='0000000' tag_year_int=0
2024-07-31,13:33:39.437.0,INFO,__main__,adjust_metadata.adjust_metadata:123,Exifread could not handle C:\Users\nedlecky\ACDSee\01Personal\2024\06France\2024-07-01(357).heic tag_year='0000000' tag_year_int=0
2024-07-31,13:33:39.437.0,INFO,__main__,adjust_metadata.adjust_metadata:123,Exifread could not handle C:\Users\nedlecky\ACDSee\01Personal\2024\06France\2024-07-01(358).heic tag_year='0000000' tag_year_int=0
2024-07-31,13:33:39.438.0,INFO,__main__,adjust_metadata.adjust_metadata:123,Exifread could not handle C:\Users\nedlecky\ACDSee\01Personal\2024\06France\2024-07-01(36).heic tag_year='0000000' tag_year_int=0
2024-07-31,13:33:39.438.0,INFO,__main__,adjust_metadata.adjust_metadata:123,Exifread could not handle C:\Users\nedlecky\ACDSee\01Personal\2024\06France\2024-07-01(360).heic tag_year='0000000' tag_year_int=0
2024-07-31,13:33:39.438.0,INFO,__main__,adjust_metadata.adjust_metadata:123,Exifread could not handle C:\Users\nedlecky\ACDSee\01Personal\2024\06France\2024-07-01(361).heic tag_year='0000000' tag_year_int=0
2024-07-31,13:33:39.438.0,INFO,__main__,adjust_metadata.adjust_metadata:123,Exifread could not handle C:\Users\nedlecky\ACDSee\01Personal\2024\06France\2024-07-01(363).heic tag_year='0000000' tag_year_int=0
2024-07-31,13:33:39.438.0,INFO,__main__,adjust_metadata.adjust_metadata:123,Exifread could not handle C:\Users\nedlecky\ACDSee\01Personal\2024\06France\2024-07-01(364).heic tag_year='0000000' tag_year_int=0
2024-07-31,13:33:39.438.0,INFO,__main__,adjust_metadata.adjust_metadata:123,Exifread could not handle C:\Users\nedlecky\ACDSee\01Personal\2024\06France\2024-07-01(366).heic tag_year='0000000' tag_year_int=0
2024-07-31,13:33:39.438.0,INFO,__main__,adjust_metadata.adjust_metadata:123,Exifread could not handle C:\Users\nedlecky\ACDSee\01Personal\2024\06France\2024-07-01(368).heic tag_year='0000000' tag_year_int=0
2024-07-31,13:33:39.438.0,INFO,__main__,adjust_metadata.adjust_metadata:123,Exifread could not handle C:\Users\nedlecky\ACDSee\01Personal\2024\06France\2024-07-01(369).heic tag_year='0000000' tag_year_int=0
2024-07-31,13:33:39.438.0,INFO,__main__,adjust_metadata.adjust_metadata:123,Exifread could not handle C:\Users\nedlecky\ACDSee\01Personal\2024\06France\2024-07-01(37).heic tag_year='0000000' tag_year_int=0
2024-07-31,13:33:39.438.0,INFO,__main__,adjust_metadata.adjust_metadata:123,Exifread could not handle C:\Users\nedlecky\ACDSee\01Personal\2024\06France\2024-07-01(370).heic tag_year='0000000' tag_year_int=0
2024-07-31,13:33:39.438.0,INFO,__main__,adjust_metadata.adjust_metadata:123,Exifread could not handle C:\Users\nedlecky\ACDSee\01Personal\2024\06France\2024-07-01(371).heic tag_year='0000000' tag_year_int=0
2024-07-31,13:33:39.439.0,INFO,__main__,adjust_metadata.adjust_metadata:123,Exifread could not handle C:\Users\nedlecky\ACDSee\01Personal\2024\06France\2024-07-01(372).heic tag_year='0000000' tag_year_int=0
2024-07-31,13:33:39.439.0,INFO,__main__,adjust_metadata.adjust_metadata:123,Exifread could not handle C:\Users\nedlecky\ACDSee\01Personal\2024\06France\2024-07-01(373).heic tag_year='0000000' tag_year_int=0
2024-07-31,13:33:39.439.0,INFO,__main__,adjust_metadata.adjust_metadata:123,Exifread could not handle C:\Users\nedlecky\ACDSee\01Personal\2024\06France\2024-07-01(375).heic tag_year='0000000' tag_year_int=0
2024-07-31,13:33:39.439.0,INFO,__main__,adjust_metadata.adjust_metadata:123,Exifread could not handle C:\Users\nedlecky\ACDSee\01Personal\2024\06France\2024-07-01(376).heic tag_year='0000000' tag_year_int=0
2024-07-31,13:33:39.439.0,INFO,__main__,adjust_metadata.adjust_metadata:123,Exifread could not handle C:\Users\nedlecky\ACDSee\01Personal\2024\06France\2024-07-01(378).heic tag_year='0000000' tag_year_int=0
2024-07-31,13:33:39.439.0,INFO,__main__,adjust_metadata.adjust_metadata:123,Exifread could not handle C:\Users\nedlecky\ACDSee\01Personal\2024\06France\2024-07-01(379).heic tag_year='0000000' tag_year_int=0
2024-07-31,13:33:39.439.0,INFO,__main__,adjust_metadata.adjust_metadata:123,Exifread could not handle C:\Users\nedlecky\ACDSee\01Personal\2024\06France\2024-07-01(38).heic tag_year='0000000' tag_year_int=0
2024-07-31,13:33:39.439.0,INFO,__main__,adjust_metadata.adjust_metadata:123,Exifread could not handle C:\Users\nedlecky\ACDSee\01Personal\2024\06France\2024-07-01(381).heic tag_year='0000000' tag_year_int=0
2024-07-31,13:33:39.439.0,INFO,__main__,adjust_metadata.adjust_metadata:123,Exifread could not handle C:\Users\nedlecky\ACDSee\01Personal\2024\06France\2024-07-01(382).heic tag_year='0000000' tag_year_int=0
2024-07-31,13:33:39.439.0,INFO,__main__,adjust_metadata.adjust_metadata:123,Exifread could not handle C:\Users\nedlecky\ACDSee\01Personal\2024\06France\2024-07-01(384).heic tag_year='0000000' tag_year_int=0
2024-07-31,13:33:39.440.0,INFO,__main__,adjust_metadata.adjust_metadata:123,Exifread could not handle C:\Users\nedlecky\ACDSee\01Personal\2024\06France\2024-07-01(385).heic tag_year='0000000' tag_year_int=0
2024-07-31,13:33:39.440.0,INFO,__main__,adjust_metadata.adjust_metadata:123,Exifread could not handle C:\Users\nedlecky\ACDSee\01Personal\2024\06France\2024-07-01(386).heic tag_year='0000000' tag_year_int=0
2024-07-31,13:33:39.440.0,INFO,__main__,adjust_metadata.adjust_metadata:123,Exifread could not handle C:\Users\nedlecky\ACDSee\01Personal\2024\06France\2024-07-01(387).heic tag_year='0000000' tag_year_int=0
2024-07-31,13:33:39.440.0,INFO,__main__,adjust_metadata.adjust_metadata:123,Exifread could not handle C:\Users\nedlecky\ACDSee\01Personal\2024\06France\2024-07-01(389).heic tag_year='0000000' tag_year_int=0
2024-07-31,13:33:39.440.0,INFO,__main__,adjust_metadata.adjust_metadata:123,Exifread could not handle C:\Users\nedlecky\ACDSee\01Personal\2024\06France\2024-07-01(39).heic tag_year='0000000' tag_year_int=0
2024-07-31,13:33:39.440.0,INFO,__main__,adjust_metadata.adjust_metadata:123,Exifread could not handle C:\Users\nedlecky\ACDSee\01Personal\2024\06France\2024-07-01(390).heic tag_year='0000000' tag_year_int=0
2024-07-31,13:33:39.440.0,INFO,__main__,adjust_metadata.adjust_metadata:123,Exifread could not handle C:\Users\nedlecky\ACDSee\01Personal\2024\06France\2024-07-01(391).heic tag_year='0000000' tag_year_int=0
2024-07-31,13:33:39.440.0,INFO,__main__,adjust_metadata.adjust_metadata:123,Exifread could not handle C:\Users\nedlecky\ACDSee\01Personal\2024\06France\2024-07-01(393).heic tag_year='0000000' tag_year_int=0
2024-07-31,13:33:39.440.0,INFO,__main__,adjust_metadata.adjust_metadata:123,Exifread could not handle C:\Users\nedlecky\ACDSee\01Personal\2024\06France\2024-07-01(395).heic tag_year='0000000' tag_year_int=0
2024-07-31,13:33:39.440.0,INFO,__main__,adjust_metadata.adjust_metadata:123,Exifread could not handle C:\Users\nedlecky\ACDSee\01Personal\2024\06France\2024-07-01(396).heic tag_year='0000000' tag_year_int=0
2024-07-31,13:33:39.440.0,INFO,__main__,adjust_metadata.adjust_metadata:123,Exifread could not handle C:\Users\nedlecky\ACDSee\01Personal\2024\06France\2024-07-01(397).heic tag_year='0000000' tag_year_int=0
2024-07-31,13:33:39.440.0,INFO,__main__,adjust_metadata.adjust_metadata:123,Exifread could not handle C:\Users\nedlecky\ACDSee\01Personal\2024\06France\2024-07-01(398).heic tag_year='0000000' tag_year_int=0
2024-07-31,13:33:39.441.0,INFO,__main__,adjust_metadata.adjust_metadata:123,Exifread could not handle C:\Users\nedlecky\ACDSee\01Personal\2024\06France\2024-07-01(4).heic tag_year='0000000' tag_year_int=0
2024-07-31,13:33:39.441.0,INFO,__main__,adjust_metadata.adjust_metadata:123,Exifread could not handle C:\Users\nedlecky\ACDSee\01Personal\2024\06France\2024-07-01(40).heic tag_year='0000000' tag_year_int=0
2024-07-31,13:33:39.441.0,INFO,__main__,adjust_metadata.adjust_metadata:123,Exifread could not handle C:\Users\nedlecky\ACDSee\01Personal\2024\06France\2024-07-01(400).heic tag_year='0000000' tag_year_int=0
2024-07-31,13:33:39.441.0,INFO,__main__,adjust_metadata.adjust_metadata:123,Exifread could not handle C:\Users\nedlecky\ACDSee\01Personal\2024\06France\2024-07-01(401).heic tag_year='0000000' tag_year_int=0
2024-07-31,13:33:39.441.0,INFO,__main__,adjust_metadata.adjust_metadata:123,Exifread could not handle C:\Users\nedlecky\ACDSee\01Personal\2024\06France\2024-07-01(403).heic tag_year='0000000' tag_year_int=0
2024-07-31,13:33:39.441.0,INFO,__main__,adjust_metadata.adjust_metadata:123,Exifread could not handle C:\Users\nedlecky\ACDSee\01Personal\2024\06France\2024-07-01(404).heic tag_year='0000000' tag_year_int=0
2024-07-31,13:33:39.441.0,INFO,__main__,adjust_metadata.adjust_metadata:123,Exifread could not handle C:\Users\nedlecky\ACDSee\01Personal\2024\06France\2024-07-01(406).heic tag_year='0000000' tag_year_int=0
2024-07-31,13:33:39.441.0,INFO,__main__,adjust_metadata.adjust_metadata:123,Exifread could not handle C:\Users\nedlecky\ACDSee\01Personal\2024\06France\2024-07-01(408).heic tag_year='0000000' tag_year_int=0
2024-07-31,13:33:39.442.0,INFO,__main__,adjust_metadata.adjust_metadata:123,Exifread could not handle C:\Users\nedlecky\ACDSee\01Personal\2024\06France\2024-07-01(41).heic tag_year='0000000' tag_year_int=0
2024-07-31,13:33:39.442.0,INFO,__main__,adjust_metadata.adjust_metadata:123,Exifread could not handle C:\Users\nedlecky\ACDSee\01Personal\2024\06France\2024-07-01(410).heic tag_year='0000000' tag_year_int=0
2024-07-31,13:33:39.442.0,INFO,__main__,adjust_metadata.adjust_metadata:123,Exifread could not handle C:\Users\nedlecky\ACDSee\01Personal\2024\06France\2024-07-01(412).heic tag_year='0000000' tag_year_int=0
2024-07-31,13:33:39.442.0,INFO,__main__,adjust_metadata.adjust_metadata:123,Exifread could not handle C:\Users\nedlecky\ACDSee\01Personal\2024\06France\2024-07-01(414).heic tag_year='0000000' tag_year_int=0
2024-07-31,13:33:39.442.0,INFO,__main__,adjust_metadata.adjust_metadata:123,Exifread could not handle C:\Users\nedlecky\ACDSee\01Personal\2024\06France\2024-07-01(415).heic tag_year='0000000' tag_year_int=0
2024-07-31,13:33:39.442.0,INFO,__main__,adjust_metadata.adjust_metadata:123,Exifread could not handle C:\Users\nedlecky\ACDSee\01Personal\2024\06France\2024-07-01(417).heic tag_year='0000000' tag_year_int=0
2024-07-31,13:33:39.442.0,INFO,__main__,adjust_metadata.adjust_metadata:123,Exifread could not handle C:\Users\nedlecky\ACDSee\01Personal\2024\06France\2024-07-01(418).heic tag_year='0000000' tag_year_int=0
2024-07-31,13:33:39.442.0,INFO,__main__,adjust_metadata.adjust_metadata:123,Exifread could not handle C:\Users\nedlecky\ACDSee\01Personal\2024\06France\2024-07-01(419).heic tag_year='0000000' tag_year_int=0
2024-07-31,13:33:39.442.0,INFO,__main__,adjust_metadata.adjust_metadata:123,Exifread could not handle C:\Users\nedlecky\ACDSee\01Personal\2024\06France\2024-07-01(42).heic tag_year='0000000' tag_year_int=0
2024-07-31,13:33:39.442.0,INFO,__main__,adjust_metadata.adjust_metadata:123,Exifread could not handle C:\Users\nedlecky\ACDSee\01Personal\2024\06France\2024-07-01(421).heic tag_year='0000000' tag_year_int=0
2024-07-31,13:33:39.442.0,INFO,__main__,adjust_metadata.adjust_metadata:123,Exifread could not handle C:\Users\nedlecky\ACDSee\01Personal\2024\06France\2024-07-01(422).heic tag_year='0000000' tag_year_int=0
2024-07-31,13:33:39.442.0,INFO,__main__,adjust_metadata.adjust_metadata:123,Exifread could not handle C:\Users\nedlecky\ACDSee\01Personal\2024\06France\2024-07-01(424).heic tag_year='0000000' tag_year_int=0
2024-07-31,13:33:39.443.0,INFO,__main__,adjust_metadata.adjust_metadata:123,Exifread could not handle C:\Users\nedlecky\ACDSee\01Personal\2024\06France\2024-07-01(425).heic tag_year='0000000' tag_year_int=0
2024-07-31,13:33:39.443.0,INFO,__main__,adjust_metadata.adjust_metadata:123,Exifread could not handle C:\Users\nedlecky\ACDSee\01Personal\2024\06France\2024-07-01(427).heic tag_year='0000000' tag_year_int=0
2024-07-31,13:33:39.443.0,INFO,__main__,adjust_metadata.adjust_metadata:123,Exifread could not handle C:\Users\nedlecky\ACDSee\01Personal\2024\06France\2024-07-01(428).heic tag_year='0000000' tag_year_int=0
2024-07-31,13:33:39.443.0,INFO,__main__,adjust_metadata.adjust_metadata:123,Exifread could not handle C:\Users\nedlecky\ACDSee\01Personal\2024\06France\2024-07-01(43).heic tag_year='0000000' tag_year_int=0
2024-07-31,13:33:39.443.0,INFO,__main__,adjust_metadata.adjust_metadata:123,Exifread could not handle C:\Users\nedlecky\ACDSee\01Personal\2024\06France\2024-07-01(430).heic tag_year='0000000' tag_year_int=0
2024-07-31,13:33:39.443.0,INFO,__main__,adjust_metadata.adjust_metadata:123,Exifread could not handle C:\Users\nedlecky\ACDSee\01Personal\2024\06France\2024-07-01(431).heic tag_year='0000000' tag_year_int=0
2024-07-31,13:33:39.443.0,INFO,__main__,adjust_metadata.adjust_metadata:123,Exifread could not handle C:\Users\nedlecky\ACDSee\01Personal\2024\06France\2024-07-01(432).heic tag_year='0000000' tag_year_int=0
2024-07-31,13:33:39.443.0,INFO,__main__,adjust_metadata.adjust_metadata:123,Exifread could not handle C:\Users\nedlecky\ACDSee\01Personal\2024\06France\2024-07-01(433).heic tag_year='0000000' tag_year_int=0
2024-07-31,13:33:39.443.0,INFO,__main__,adjust_metadata.adjust_metadata:123,Exifread could not handle C:\Users\nedlecky\ACDSee\01Personal\2024\06France\2024-07-01(434).heic tag_year='0000000' tag_year_int=0
2024-07-31,13:33:39.443.0,INFO,__main__,adjust_metadata.adjust_metadata:123,Exifread could not handle C:\Users\nedlecky\ACDSee\01Personal\2024\06France\2024-07-01(435).heic tag_year='0000000' tag_year_int=0
2024-07-31,13:33:39.443.0,INFO,__main__,adjust_metadata.adjust_metadata:123,Exifread could not handle C:\Users\nedlecky\ACDSee\01Personal\2024\06France\2024-07-01(436).heic tag_year='0000000' tag_year_int=0
2024-07-31,13:33:39.443.0,INFO,__main__,adjust_metadata.adjust_metadata:123,Exifread could not handle C:\Users\nedlecky\ACDSee\01Personal\2024\06France\2024-07-01(438).heic tag_year='0000000' tag_year_int=0
2024-07-31,13:33:39.443.0,INFO,__main__,adjust_metadata.adjust_metadata:123,Exifread could not handle C:\Users\nedlecky\ACDSee\01Personal\2024\06France\2024-07-01(439).heic tag_year='0000000' tag_year_int=0
2024-07-31,13:33:39.443.0,INFO,__main__,adjust_metadata.adjust_metadata:123,Exifread could not handle C:\Users\nedlecky\ACDSee\01Personal\2024\06France\2024-07-01(44).heic tag_year='0000000' tag_year_int=0
2024-07-31,13:33:39.444.0,INFO,__main__,adjust_metadata.adjust_metadata:123,Exifread could not handle C:\Users\nedlecky\ACDSee\01Personal\2024\06France\2024-07-01(440).heic tag_year='0000000' tag_year_int=0
2024-07-31,13:33:39.444.0,INFO,__main__,adjust_metadata.adjust_metadata:123,Exifread could not handle C:\Users\nedlecky\ACDSee\01Personal\2024\06France\2024-07-01(441).heic tag_year='0000000' tag_year_int=0
2024-07-31,13:33:39.444.0,INFO,__main__,adjust_metadata.adjust_metadata:123,Exifread could not handle C:\Users\nedlecky\ACDSee\01Personal\2024\06France\2024-07-01(443).heic tag_year='0000000' tag_year_int=0
2024-07-31,13:33:39.444.0,INFO,__main__,adjust_metadata.adjust_metadata:123,Exifread could not handle C:\Users\nedlecky\ACDSee\01Personal\2024\06France\2024-07-01(444).heic tag_year='0000000' tag_year_int=0
2024-07-31,13:33:39.444.0,INFO,__main__,adjust_metadata.adjust_metadata:123,Exifread could not handle C:\Users\nedlecky\ACDSee\01Personal\2024\06France\2024-07-01(445).heic tag_year='0000000' tag_year_int=0
2024-07-31,13:33:39.444.0,INFO,__main__,adjust_metadata.adjust_metadata:123,Exifread could not handle C:\Users\nedlecky\ACDSee\01Personal\2024\06France\2024-07-01(446).heic tag_year='0000000' tag_year_int=0
2024-07-31,13:33:39.444.0,INFO,__main__,adjust_metadata.adjust_metadata:123,Exifread could not handle C:\Users\nedlecky\ACDSee\01Personal\2024\06France\2024-07-01(447).heic tag_year='0000000' tag_year_int=0
2024-07-31,13:33:39.444.0,INFO,__main__,adjust_metadata.adjust_metadata:123,Exifread could not handle C:\Users\nedlecky\ACDSee\01Personal\2024\06France\2024-07-01(448).heic tag_year='0000000' tag_year_int=0
2024-07-31,13:33:39.444.0,INFO,__main__,adjust_metadata.adjust_metadata:123,Exifread could not handle C:\Users\nedlecky\ACDSee\01Personal\2024\06France\2024-07-01(449).heic tag_year='0000000' tag_year_int=0
2024-07-31,13:33:39.444.0,INFO,__main__,adjust_metadata.adjust_metadata:123,Exifread could not handle C:\Users\nedlecky\ACDSee\01Personal\2024\06France\2024-07-01(45).heic tag_year='0000000' tag_year_int=0
2024-07-31,13:33:39.444.0,INFO,__main__,adjust_metadata.adjust_metadata:123,Exifread could not handle C:\Users\nedlecky\ACDSee\01Personal\2024\06France\2024-07-01(450).heic tag_year='0000000' tag_year_int=0
2024-07-31,13:33:39.444.0,INFO,__main__,adjust_metadata.adjust_metadata:123,Exifread could not handle C:\Users\nedlecky\ACDSee\01Personal\2024\06France\2024-07-01(451).heic tag_year='0000000' tag_year_int=0
2024-07-31,13:33:39.444.0,INFO,__main__,adjust_metadata.adjust_metadata:123,Exifread could not handle C:\Users\nedlecky\ACDSee\01Personal\2024\06France\2024-07-01(452).heic tag_year='0000000' tag_year_int=0
2024-07-31,13:33:39.444.0,INFO,__main__,adjust_metadata.adjust_metadata:123,Exifread could not handle C:\Users\nedlecky\ACDSee\01Personal\2024\06France\2024-07-01(453).heic tag_year='0000000' tag_year_int=0
2024-07-31,13:33:39.445.0,INFO,__main__,adjust_metadata.adjust_metadata:123,Exifread could not handle C:\Users\nedlecky\ACDSee\01Personal\2024\06France\2024-07-01(454).heic tag_year='0000000' tag_year_int=0
2024-07-31,13:33:39.445.0,INFO,__main__,adjust_metadata.adjust_metadata:123,Exifread could not handle C:\Users\nedlecky\ACDSee\01Personal\2024\06France\2024-07-01(455).heic tag_year='0000000' tag_year_int=0
2024-07-31,13:33:39.445.0,INFO,__main__,adjust_metadata.adjust_metadata:123,Exifread could not handle C:\Users\nedlecky\ACDSee\01Personal\2024\06France\2024-07-01(456).heic tag_year='0000000' tag_year_int=0
2024-07-31,13:33:39.445.0,INFO,__main__,adjust_metadata.adjust_metadata:123,Exifread could not handle C:\Users\nedlecky\ACDSee\01Personal\2024\06France\2024-07-01(457).heic tag_year='0000000' tag_year_int=0
2024-07-31,13:33:39.445.0,INFO,__main__,adjust_metadata.adjust_metadata:123,Exifread could not handle C:\Users\nedlecky\ACDSee\01Personal\2024\06France\2024-07-01(458).heic tag_year='0000000' tag_year_int=0
2024-07-31,13:33:39.445.0,INFO,__main__,adjust_metadata.adjust_metadata:123,Exifread could not handle C:\Users\nedlecky\ACDSee\01Personal\2024\06France\2024-07-01(459).heic tag_year='0000000' tag_year_int=0
2024-07-31,13:33:39.445.0,INFO,__main__,adjust_metadata.adjust_metadata:123,Exifread could not handle C:\Users\nedlecky\ACDSee\01Personal\2024\06France\2024-07-01(46).heic tag_year='0000000' tag_year_int=0
2024-07-31,13:33:39.445.0,INFO,__main__,adjust_metadata.adjust_metadata:123,Exifread could not handle C:\Users\nedlecky\ACDSee\01Personal\2024\06France\2024-07-01(460).heic tag_year='0000000' tag_year_int=0
2024-07-31,13:33:39.445.0,INFO,__main__,adjust_metadata.adjust_metadata:123,Exifread could not handle C:\Users\nedlecky\ACDSee\01Personal\2024\06France\2024-07-01(461).heic tag_year='0000000' tag_year_int=0
2024-07-31,13:33:39.445.0,INFO,__main__,adjust_metadata.adjust_metadata:123,Exifread could not handle C:\Users\nedlecky\ACDSee\01Personal\2024\06France\2024-07-01(462).heic tag_year='0000000' tag_year_int=0
2024-07-31,13:33:39.445.0,INFO,__main__,adjust_metadata.adjust_metadata:123,Exifread could not handle C:\Users\nedlecky\ACDSee\01Personal\2024\06France\2024-07-01(463).heic tag_year='0000000' tag_year_int=0
2024-07-31,13:33:39.445.0,INFO,__main__,adjust_metadata.adjust_metadata:123,Exifread could not handle C:\Users\nedlecky\ACDSee\01Personal\2024\06France\2024-07-01(464).heic tag_year='0000000' tag_year_int=0
2024-07-31,13:33:39.445.0,INFO,__main__,adjust_metadata.adjust_metadata:123,Exifread could not handle C:\Users\nedlecky\ACDSee\01Personal\2024\06France\2024-07-01(465).heic tag_year='0000000' tag_year_int=0
2024-07-31,13:33:39.445.0,INFO,__main__,adjust_metadata.adjust_metadata:123,Exifread could not handle C:\Users\nedlecky\ACDSee\01Personal\2024\06France\2024-07-01(466).heic tag_year='0000000' tag_year_int=0
2024-07-31,13:33:39.445.0,INFO,__main__,adjust_metadata.adjust_metadata:123,Exifread could not handle C:\Users\nedlecky\ACDSee\01Personal\2024\06France\2024-07-01(467).heic tag_year='0000000' tag_year_int=0
2024-07-31,13:33:39.446.0,INFO,__main__,adjust_metadata.adjust_metadata:123,Exifread could not handle C:\Users\nedlecky\ACDSee\01Personal\2024\06France\2024-07-01(468).heic tag_year='0000000' tag_year_int=0
2024-07-31,13:33:39.446.0,INFO,__main__,adjust_metadata.adjust_metadata:123,Exifread could not handle C:\Users\nedlecky\ACDSee\01Personal\2024\06France\2024-07-01(469).heic tag_year='0000000' tag_year_int=0
2024-07-31,13:33:39.446.0,INFO,__main__,adjust_metadata.adjust_metadata:123,Exifread could not handle C:\Users\nedlecky\ACDSee\01Personal\2024\06France\2024-07-01(47).heic tag_year='0000000' tag_year_int=0
2024-07-31,13:33:39.446.0,INFO,__main__,adjust_metadata.adjust_metadata:123,Exifread could not handle C:\Users\nedlecky\ACDSee\01Personal\2024\06France\2024-07-01(470).heic tag_year='0000000' tag_year_int=0
2024-07-31,13:33:39.446.0,INFO,__main__,adjust_metadata.adjust_metadata:123,Exifread could not handle C:\Users\nedlecky\ACDSee\01Personal\2024\06France\2024-07-01(471).heic tag_year='0000000' tag_year_int=0
2024-07-31,13:33:39.446.0,INFO,__main__,adjust_metadata.adjust_metadata:123,Exifread could not handle C:\Users\nedlecky\ACDSee\01Personal\2024\06France\2024-07-01(472).heic tag_year='0000000' tag_year_int=0
2024-07-31,13:33:39.446.0,INFO,__main__,adjust_metadata.adjust_metadata:123,Exifread could not handle C:\Users\nedlecky\ACDSee\01Personal\2024\06France\2024-07-01(473).heic tag_year='0000000' tag_year_int=0
2024-07-31,13:33:39.446.0,INFO,__main__,adjust_metadata.adjust_metadata:123,Exifread could not handle C:\Users\nedlecky\ACDSee\01Personal\2024\06France\2024-07-01(474).heic tag_year='0000000' tag_year_int=0
2024-07-31,13:33:39.446.0,INFO,__main__,adjust_metadata.adjust_metadata:123,Exifread could not handle C:\Users\nedlecky\ACDSee\01Personal\2024\06France\2024-07-01(475).heic tag_year='0000000' tag_year_int=0
2024-07-31,13:33:39.446.0,INFO,__main__,adjust_metadata.adjust_metadata:123,Exifread could not handle C:\Users\nedlecky\ACDSee\01Personal\2024\06France\2024-07-01(476).heic tag_year='0000000' tag_year_int=0
2024-07-31,13:33:39.446.0,INFO,__main__,adjust_metadata.adjust_metadata:123,Exifread could not handle C:\Users\nedlecky\ACDSee\01Personal\2024\06France\2024-07-01(477).heic tag_year='0000000' tag_year_int=0
2024-07-31,13:33:39.446.0,INFO,__main__,adjust_metadata.adjust_metadata:123,Exifread could not handle C:\Users\nedlecky\ACDSee\01Personal\2024\06France\2024-07-01(478).heic tag_year='0000000' tag_year_int=0
2024-07-31,13:33:39.446.0,INFO,__main__,adjust_metadata.adjust_metadata:123,Exifread could not handle C:\Users\nedlecky\ACDSee\01Personal\2024\06France\2024-07-01(479).heic tag_year='0000000' tag_year_int=0
2024-07-31,13:33:39.446.0,INFO,__main__,adjust_metadata.adjust_metadata:123,Exifread could not handle C:\Users\nedlecky\ACDSee\01Personal\2024\06France\2024-07-01(48).heic tag_year='0000000' tag_year_int=0
2024-07-31,13:33:39.446.0,INFO,__main__,adjust_metadata.adjust_metadata:123,Exifread could not handle C:\Users\nedlecky\ACDSee\01Personal\2024\06France\2024-07-01(480).heic tag_year='0000000' tag_year_int=0
2024-07-31,13:33:39.447.0,INFO,__main__,adjust_metadata.adjust_metadata:123,Exifread could not handle C:\Users\nedlecky\ACDSee\01Personal\2024\06France\2024-07-01(481).heic tag_year='0000000' tag_year_int=0
2024-07-31,13:33:39.447.0,INFO,__main__,adjust_metadata.adjust_metadata:123,Exifread could not handle C:\Users\nedlecky\ACDSee\01Personal\2024\06France\2024-07-01(482).heic tag_year='0000000' tag_year_int=0
2024-07-31,13:33:39.447.0,INFO,__main__,adjust_metadata.adjust_metadata:123,Exifread could not handle C:\Users\nedlecky\ACDSee\01Personal\2024\06France\2024-07-01(483).heic tag_year='0000000' tag_year_int=0
2024-07-31,13:33:39.447.0,INFO,__main__,adjust_metadata.adjust_metadata:123,Exifread could not handle C:\Users\nedlecky\ACDSee\01Personal\2024\06France\2024-07-01(484).heic tag_year='0000000' tag_year_int=0
2024-07-31,13:33:39.447.0,INFO,__main__,adjust_metadata.adjust_metadata:123,Exifread could not handle C:\Users\nedlecky\ACDSee\01Personal\2024\06France\2024-07-01(485).heic tag_year='0000000' tag_year_int=0
2024-07-31,13:33:39.447.0,INFO,__main__,adjust_metadata.adjust_metadata:123,Exifread could not handle C:\Users\nedlecky\ACDSee\01Personal\2024\06France\2024-07-01(486).heic tag_year='0000000' tag_year_int=0
2024-07-31,13:33:39.447.0,INFO,__main__,adjust_metadata.adjust_metadata:123,Exifread could not handle C:\Users\nedlecky\ACDSee\01Personal\2024\06France\2024-07-01(487).heic tag_year='0000000' tag_year_int=0
2024-07-31,13:33:39.447.0,INFO,__main__,adjust_metadata.adjust_metadata:123,Exifread could not handle C:\Users\nedlecky\ACDSee\01Personal\2024\06France\2024-07-01(488).heic tag_year='0000000' tag_year_int=0
2024-07-31,13:33:39.447.0,INFO,__main__,adjust_metadata.adjust_metadata:123,Exifread could not handle C:\Users\nedlecky\ACDSee\01Personal\2024\06France\2024-07-01(489).heic tag_year='0000000' tag_year_int=0
2024-07-31,13:33:39.447.0,INFO,__main__,adjust_metadata.adjust_metadata:123,Exifread could not handle C:\Users\nedlecky\ACDSee\01Personal\2024\06France\2024-07-01(49).heic tag_year='0000000' tag_year_int=0
2024-07-31,13:33:39.447.0,INFO,__main__,adjust_metadata.adjust_metadata:123,Exifread could not handle C:\Users\nedlecky\ACDSee\01Personal\2024\06France\2024-07-01(490).heic tag_year='0000000' tag_year_int=0
2024-07-31,13:33:39.447.0,INFO,__main__,adjust_metadata.adjust_metadata:123,Exifread could not handle C:\Users\nedlecky\ACDSee\01Personal\2024\06France\2024-07-01(491).heic tag_year='0000000' tag_year_int=0
2024-07-31,13:33:39.447.0,INFO,__main__,adjust_metadata.adjust_metadata:123,Exifread could not handle C:\Users\nedlecky\ACDSee\01Personal\2024\06France\2024-07-01(492).heic tag_year='0000000' tag_year_int=0
2024-07-31,13:33:39.447.0,INFO,__main__,adjust_metadata.adjust_metadata:123,Exifread could not handle C:\Users\nedlecky\ACDSee\01Personal\2024\06France\2024-07-01(493).heic tag_year='0000000' tag_year_int=0
2024-07-31,13:33:39.447.0,INFO,__main__,adjust_metadata.adjust_metadata:123,Exifread could not handle C:\Users\nedlecky\ACDSee\01Personal\2024\06France\2024-07-01(494).heic tag_year='0000000' tag_year_int=0
2024-07-31,13:33:39.448.0,INFO,__main__,adjust_metadata.adjust_metadata:123,Exifread could not handle C:\Users\nedlecky\ACDSee\01Personal\2024\06France\2024-07-01(495).heic tag_year='0000000' tag_year_int=0
2024-07-31,13:33:39.448.0,INFO,__main__,adjust_metadata.adjust_metadata:123,Exifread could not handle C:\Users\nedlecky\ACDSee\01Personal\2024\06France\2024-07-01(496).heic tag_year='0000000' tag_year_int=0
2024-07-31,13:33:39.448.0,INFO,__main__,adjust_metadata.adjust_metadata:123,Exifread could not handle C:\Users\nedlecky\ACDSee\01Personal\2024\06France\2024-07-01(497).heic tag_year='0000000' tag_year_int=0
2024-07-31,13:33:39.449.0,INFO,__main__,adjust_metadata.adjust_metadata:123,Exifread could not handle C:\Users\nedlecky\ACDSee\01Personal\2024\06France\2024-07-01(498).heic tag_year='0000000' tag_year_int=0
2024-07-31,13:33:39.449.0,INFO,__main__,adjust_metadata.adjust_metadata:123,Exifread could not handle C:\Users\nedlecky\ACDSee\01Personal\2024\06France\2024-07-01(499).heic tag_year='0000000' tag_year_int=0
2024-07-31,13:33:39.449.0,INFO,__main__,adjust_metadata.adjust_metadata:123,Exifread could not handle C:\Users\nedlecky\ACDSee\01Personal\2024\06France\2024-07-01(5).heic tag_year='0000000' tag_year_int=0
2024-07-31,13:33:39.449.0,INFO,__main__,adjust_metadata.adjust_metadata:123,Exifread could not handle C:\Users\nedlecky\ACDSee\01Personal\2024\06France\2024-07-01(500).heic tag_year='0000000' tag_year_int=0
2024-07-31,13:33:39.449.0,INFO,__main__,adjust_metadata.adjust_metadata:123,Exifread could not handle C:\Users\nedlecky\ACDSee\01Personal\2024\06France\2024-07-01(501).heic tag_year='0000000' tag_year_int=0
2024-07-31,13:33:39.449.0,INFO,__main__,adjust_metadata.adjust_metadata:123,Exifread could not handle C:\Users\nedlecky\ACDSee\01Personal\2024\06France\2024-07-01(502).heic tag_year='0000000' tag_year_int=0
2024-07-31,13:33:39.449.0,INFO,__main__,adjust_metadata.adjust_metadata:123,Exifread could not handle C:\Users\nedlecky\ACDSee\01Personal\2024\06France\2024-07-01(503).heic tag_year='0000000' tag_year_int=0
2024-07-31,13:33:39.450.0,INFO,__main__,adjust_metadata.adjust_metadata:123,Exifread could not handle C:\Users\nedlecky\ACDSee\01Personal\2024\06France\2024-07-01(504).heic tag_year='0000000' tag_year_int=0
2024-07-31,13:33:39.450.0,INFO,__main__,adjust_metadata.adjust_metadata:123,Exifread could not handle C:\Users\nedlecky\ACDSee\01Personal\2024\06France\2024-07-01(505).heic tag_year='0000000' tag_year_int=0
2024-07-31,13:33:39.450.0,INFO,__main__,adjust_metadata.adjust_metadata:123,Exifread could not handle C:\Users\nedlecky\ACDSee\01Personal\2024\06France\2024-07-01(506).heic tag_year='0000000' tag_year_int=0
2024-07-31,13:33:39.450.0,INFO,__main__,adjust_metadata.adjust_metadata:123,Exifread could not handle C:\Users\nedlecky\ACDSee\01Personal\2024\06France\2024-07-01(507).heic tag_year='0000000' tag_year_int=0
2024-07-31,13:33:39.450.0,INFO,__main__,adjust_metadata.adjust_metadata:123,Exifread could not handle C:\Users\nedlecky\ACDSee\01Personal\2024\06France\2024-07-01(508).heic tag_year='0000000' tag_year_int=0
2024-07-31,13:33:39.450.0,INFO,__main__,adjust_metadata.adjust_metadata:123,Exifread could not handle C:\Users\nedlecky\ACDSee\01Personal\2024\06France\2024-07-01(509).heic tag_year='0000000' tag_year_int=0
2024-07-31,13:33:39.450.0,INFO,__main__,adjust_metadata.adjust_metadata:123,Exifread could not handle C:\Users\nedlecky\ACDSee\01Personal\2024\06France\2024-07-01(51).heic tag_year='0000000' tag_year_int=0
2024-07-31,13:33:39.450.0,INFO,__main__,adjust_metadata.adjust_metadata:123,Exifread could not handle C:\Users\nedlecky\ACDSee\01Personal\2024\06France\2024-07-01(510).heic tag_year='0000000' tag_year_int=0
2024-07-31,13:33:39.450.0,INFO,__main__,adjust_metadata.adjust_metadata:123,Exifread could not handle C:\Users\nedlecky\ACDSee\01Personal\2024\06France\2024-07-01(511).heic tag_year='0000000' tag_year_int=0
2024-07-31,13:33:39.450.0,INFO,__main__,adjust_metadata.adjust_metadata:123,Exifread could not handle C:\Users\nedlecky\ACDSee\01Personal\2024\06France\2024-07-01(512).heic tag_year='0000000' tag_year_int=0
2024-07-31,13:33:39.450.0,INFO,__main__,adjust_metadata.adjust_metadata:123,Exifread could not handle C:\Users\nedlecky\ACDSee\01Personal\2024\06France\2024-07-01(513).heic tag_year='0000000' tag_year_int=0
2024-07-31,13:33:39.451.0,INFO,__main__,adjust_metadata.adjust_metadata:123,Exifread could not handle C:\Users\nedlecky\ACDSee\01Personal\2024\06France\2024-07-01(514).heic tag_year='0000000' tag_year_int=0
2024-07-31,13:33:39.451.0,INFO,__main__,adjust_metadata.adjust_metadata:123,Exifread could not handle C:\Users\nedlecky\ACDSee\01Personal\2024\06France\2024-07-01(515).heic tag_year='0000000' tag_year_int=0
2024-07-31,13:33:39.451.0,INFO,__main__,adjust_metadata.adjust_metadata:123,Exifread could not handle C:\Users\nedlecky\ACDSee\01Personal\2024\06France\2024-07-01(516).heic tag_year='0000000' tag_year_int=0
2024-07-31,13:33:39.451.0,INFO,__main__,adjust_metadata.adjust_metadata:123,Exifread could not handle C:\Users\nedlecky\ACDSee\01Personal\2024\06France\2024-07-01(517).heic tag_year='0000000' tag_year_int=0
2024-07-31,13:33:39.451.0,INFO,__main__,adjust_metadata.adjust_metadata:123,Exifread could not handle C:\Users\nedlecky\ACDSee\01Personal\2024\06France\2024-07-01(518).heic tag_year='0000000' tag_year_int=0
2024-07-31,13:33:39.451.0,INFO,__main__,adjust_metadata.adjust_metadata:123,Exifread could not handle C:\Users\nedlecky\ACDSee\01Personal\2024\06France\2024-07-01(519).heic tag_year='0000000' tag_year_int=0
2024-07-31,13:33:39.451.0,INFO,__main__,adjust_metadata.adjust_metadata:123,Exifread could not handle C:\Users\nedlecky\ACDSee\01Personal\2024\06France\2024-07-01(520).heic tag_year='0000000' tag_year_int=0
2024-07-31,13:33:39.451.0,INFO,__main__,adjust_metadata.adjust_metadata:123,Exifread could not handle C:\Users\nedlecky\ACDSee\01Personal\2024\06France\2024-07-01(521).heic tag_year='0000000' tag_year_int=0
2024-07-31,13:33:39.451.0,INFO,__main__,adjust_metadata.adjust_metadata:123,Exifread could not handle C:\Users\nedlecky\ACDSee\01Personal\2024\06France\2024-07-01(522).heic tag_year='0000000' tag_year_int=0
2024-07-31,13:33:39.451.0,INFO,__main__,adjust_metadata.adjust_metadata:123,Exifread could not handle C:\Users\nedlecky\ACDSee\01Personal\2024\06France\2024-07-01(523).heic tag_year='0000000' tag_year_int=0
2024-07-31,13:33:39.451.0,INFO,__main__,adjust_metadata.adjust_metadata:123,Exifread could not handle C:\Users\nedlecky\ACDSee\01Personal\2024\06France\2024-07-01(524).heic tag_year='0000000' tag_year_int=0
2024-07-31,13:33:39.451.0,INFO,__main__,adjust_metadata.adjust_metadata:123,Exifread could not handle C:\Users\nedlecky\ACDSee\01Personal\2024\06France\2024-07-01(525).heic tag_year='0000000' tag_year_int=0
2024-07-31,13:33:39.452.0,INFO,__main__,adjust_metadata.adjust_metadata:123,Exifread could not handle C:\Users\nedlecky\ACDSee\01Personal\2024\06France\2024-07-01(526).heic tag_year='0000000' tag_year_int=0
2024-07-31,13:33:39.452.0,INFO,__main__,adjust_metadata.adjust_metadata:123,Exifread could not handle C:\Users\nedlecky\ACDSee\01Personal\2024\06France\2024-07-01(527).heic tag_year='0000000' tag_year_int=0
2024-07-31,13:33:39.452.0,INFO,__main__,adjust_metadata.adjust_metadata:123,Exifread could not handle C:\Users\nedlecky\ACDSee\01Personal\2024\06France\2024-07-01(528).heic tag_year='0000000' tag_year_int=0
2024-07-31,13:33:39.452.0,INFO,__main__,adjust_metadata.adjust_metadata:123,Exifread could not handle C:\Users\nedlecky\ACDSee\01Personal\2024\06France\2024-07-01(529).heic tag_year='0000000' tag_year_int=0
2024-07-31,13:33:39.452.0,INFO,__main__,adjust_metadata.adjust_metadata:123,Exifread could not handle C:\Users\nedlecky\ACDSee\01Personal\2024\06France\2024-07-01(53).heic tag_year='0000000' tag_year_int=0
2024-07-31,13:33:39.452.0,INFO,__main__,adjust_metadata.adjust_metadata:123,Exifread could not handle C:\Users\nedlecky\ACDSee\01Personal\2024\06France\2024-07-01(530).heic tag_year='0000000' tag_year_int=0
2024-07-31,13:33:39.452.0,INFO,__main__,adjust_metadata.adjust_metadata:123,Exifread could not handle C:\Users\nedlecky\ACDSee\01Personal\2024\06France\2024-07-01(531).heic tag_year='0000000' tag_year_int=0
2024-07-31,13:33:39.452.0,INFO,__main__,adjust_metadata.adjust_metadata:123,Exifread could not handle C:\Users\nedlecky\ACDSee\01Personal\2024\06France\2024-07-01(532).heic tag_year='0000000' tag_year_int=0
2024-07-31,13:33:39.452.0,INFO,__main__,adjust_metadata.adjust_metadata:123,Exifread could not handle C:\Users\nedlecky\ACDSee\01Personal\2024\06France\2024-07-01(533).heic tag_year='0000000' tag_year_int=0
2024-07-31,13:33:39.452.0,INFO,__main__,adjust_metadata.adjust_metadata:123,Exifread could not handle C:\Users\nedlecky\ACDSee\01Personal\2024\06France\2024-07-01(534).heic tag_year='0000000' tag_year_int=0
2024-07-31,13:33:39.452.0,INFO,__main__,adjust_metadata.adjust_metadata:123,Exifread could not handle C:\Users\nedlecky\ACDSee\01Personal\2024\06France\2024-07-01(535).heic tag_year='0000000' tag_year_int=0
2024-07-31,13:33:39.453.0,INFO,__main__,adjust_metadata.adjust_metadata:123,Exifread could not handle C:\Users\nedlecky\ACDSee\01Personal\2024\06France\2024-07-01(536).heic tag_year='0000000' tag_year_int=0
2024-07-31,13:33:39.454.0,INFO,__main__,adjust_metadata.adjust_metadata:123,Exifread could not handle C:\Users\nedlecky\ACDSee\01Personal\2024\06France\2024-07-01(537).heic tag_year='0000000' tag_year_int=0
2024-07-31,13:33:39.454.0,INFO,__main__,adjust_metadata.adjust_metadata:123,Exifread could not handle C:\Users\nedlecky\ACDSee\01Personal\2024\06France\2024-07-01(538).heic tag_year='0000000' tag_year_int=0
2024-07-31,13:33:39.454.0,INFO,__main__,adjust_metadata.adjust_metadata:123,Exifread could not handle C:\Users\nedlecky\ACDSee\01Personal\2024\06France\2024-07-01(539).heic tag_year='0000000' tag_year_int=0
2024-07-31,13:33:39.454.0,INFO,__main__,adjust_metadata.adjust_metadata:123,Exifread could not handle C:\Users\nedlecky\ACDSee\01Personal\2024\06France\2024-07-01(540).heic tag_year='0000000' tag_year_int=0
2024-07-31,13:33:39.454.0,INFO,__main__,adjust_metadata.adjust_metadata:123,Exifread could not handle C:\Users\nedlecky\ACDSee\01Personal\2024\06France\2024-07-01(541).heic tag_year='0000000' tag_year_int=0
2024-07-31,13:33:39.454.0,INFO,__main__,adjust_metadata.adjust_metadata:123,Exifread could not handle C:\Users\nedlecky\ACDSee\01Personal\2024\06France\2024-07-01(542).heic tag_year='0000000' tag_year_int=0
2024-07-31,13:33:39.454.0,INFO,__main__,adjust_metadata.adjust_metadata:123,Exifread could not handle C:\Users\nedlecky\ACDSee\01Personal\2024\06France\2024-07-01(543).heic tag_year='0000000' tag_year_int=0
2024-07-31,13:33:39.454.0,INFO,__main__,adjust_metadata.adjust_metadata:123,Exifread could not handle C:\Users\nedlecky\ACDSee\01Personal\2024\06France\2024-07-01(544).heic tag_year='0000000' tag_year_int=0
2024-07-31,13:33:39.454.0,INFO,__main__,adjust_metadata.adjust_metadata:123,Exifread could not handle C:\Users\nedlecky\ACDSee\01Personal\2024\06France\2024-07-01(545).heic tag_year='0000000' tag_year_int=0
2024-07-31,13:33:39.454.0,INFO,__main__,adjust_metadata.adjust_metadata:123,Exifread could not handle C:\Users\nedlecky\ACDSee\01Personal\2024\06France\2024-07-01(546).heic tag_year='0000000' tag_year_int=0
2024-07-31,13:33:39.455.0,INFO,__main__,adjust_metadata.adjust_metadata:123,Exifread could not handle C:\Users\nedlecky\ACDSee\01Personal\2024\06France\2024-07-01(547).heic tag_year='0000000' tag_year_int=0
2024-07-31,13:33:39.455.0,INFO,__main__,adjust_metadata.adjust_metadata:123,Exifread could not handle C:\Users\nedlecky\ACDSee\01Personal\2024\06France\2024-07-01(548).heic tag_year='0000000' tag_year_int=0
2024-07-31,13:33:39.455.0,INFO,__main__,adjust_metadata.adjust_metadata:123,Exifread could not handle C:\Users\nedlecky\ACDSee\01Personal\2024\06France\2024-07-01(549).heic tag_year='0000000' tag_year_int=0
2024-07-31,13:33:39.455.0,INFO,__main__,adjust_metadata.adjust_metadata:123,Exifread could not handle C:\Users\nedlecky\ACDSee\01Personal\2024\06France\2024-07-01(55).heic tag_year='0000000' tag_year_int=0
2024-07-31,13:33:39.455.0,INFO,__main__,adjust_metadata.adjust_metadata:123,Exifread could not handle C:\Users\nedlecky\ACDSee\01Personal\2024\06France\2024-07-01(550).heic tag_year='0000000' tag_year_int=0
2024-07-31,13:33:39.456.0,INFO,__main__,adjust_metadata.adjust_metadata:123,Exifread could not handle C:\Users\nedlecky\ACDSee\01Personal\2024\06France\2024-07-01(551).heic tag_year='0000000' tag_year_int=0
2024-07-31,13:33:39.456.0,INFO,__main__,adjust_metadata.adjust_metadata:123,Exifread could not handle C:\Users\nedlecky\ACDSee\01Personal\2024\06France\2024-07-01(552).heic tag_year='0000000' tag_year_int=0
2024-07-31,13:33:39.456.0,INFO,__main__,adjust_metadata.adjust_metadata:123,Exifread could not handle C:\Users\nedlecky\ACDSee\01Personal\2024\06France\2024-07-01(553).heic tag_year='0000000' tag_year_int=0
2024-07-31,13:33:39.456.0,INFO,__main__,adjust_metadata.adjust_metadata:123,Exifread could not handle C:\Users\nedlecky\ACDSee\01Personal\2024\06France\2024-07-01(554).heic tag_year='0000000' tag_year_int=0
2024-07-31,13:33:39.456.0,INFO,__main__,adjust_metadata.adjust_metadata:123,Exifread could not handle C:\Users\nedlecky\ACDSee\01Personal\2024\06France\2024-07-01(555).heic tag_year='0000000' tag_year_int=0
2024-07-31,13:33:39.456.0,INFO,__main__,adjust_metadata.adjust_metadata:123,Exifread could not handle C:\Users\nedlecky\ACDSee\01Personal\2024\06France\2024-07-01(556).heic tag_year='0000000' tag_year_int=0
2024-07-31,13:33:39.456.0,INFO,__main__,adjust_metadata.adjust_metadata:123,Exifread could not handle C:\Users\nedlecky\ACDSee\01Personal\2024\06France\2024-07-01(557).heic tag_year='0000000' tag_year_int=0
2024-07-31,13:33:39.456.0,INFO,__main__,adjust_metadata.adjust_metadata:123,Exifread could not handle C:\Users\nedlecky\ACDSee\01Personal\2024\06France\2024-07-01(558).heic tag_year='0000000' tag_year_int=0
2024-07-31,13:33:39.457.0,INFO,__main__,adjust_metadata.adjust_metadata:123,Exifread could not handle C:\Users\nedlecky\ACDSee\01Personal\2024\06France\2024-07-01(559).heic tag_year='0000000' tag_year_int=0
2024-07-31,13:33:39.457.0,INFO,__main__,adjust_metadata.adjust_metadata:123,Exifread could not handle C:\Users\nedlecky\ACDSee\01Personal\2024\06France\2024-07-01(560).heic tag_year='0000000' tag_year_int=0
2024-07-31,13:33:39.457.0,INFO,__main__,adjust_metadata.adjust_metadata:123,Exifread could not handle C:\Users\nedlecky\ACDSee\01Personal\2024\06France\2024-07-01(561).heic tag_year='0000000' tag_year_int=0
2024-07-31,13:33:39.457.0,INFO,__main__,adjust_metadata.adjust_metadata:123,Exifread could not handle C:\Users\nedlecky\ACDSee\01Personal\2024\06France\2024-07-01(562).heic tag_year='0000000' tag_year_int=0
2024-07-31,13:33:39.457.0,INFO,__main__,adjust_metadata.adjust_metadata:123,Exifread could not handle C:\Users\nedlecky\ACDSee\01Personal\2024\06France\2024-07-01(563).heic tag_year='0000000' tag_year_int=0
2024-07-31,13:33:39.457.0,INFO,__main__,adjust_metadata.adjust_metadata:123,Exifread could not handle C:\Users\nedlecky\ACDSee\01Personal\2024\06France\2024-07-01(564).heic tag_year='0000000' tag_year_int=0
2024-07-31,13:33:39.457.0,INFO,__main__,adjust_metadata.adjust_metadata:123,Exifread could not handle C:\Users\nedlecky\ACDSee\01Personal\2024\06France\2024-07-01(565).heic tag_year='0000000' tag_year_int=0
2024-07-31,13:33:39.457.0,INFO,__main__,adjust_metadata.adjust_metadata:123,Exifread could not handle C:\Users\nedlecky\ACDSee\01Personal\2024\06France\2024-07-01(566).heic tag_year='0000000' tag_year_int=0
2024-07-31,13:33:39.458.0,INFO,__main__,adjust_metadata.adjust_metadata:123,Exifread could not handle C:\Users\nedlecky\ACDSee\01Personal\2024\06France\2024-07-01(567).heic tag_year='0000000' tag_year_int=0
2024-07-31,13:33:39.458.0,INFO,__main__,adjust_metadata.adjust_metadata:123,Exifread could not handle C:\Users\nedlecky\ACDSee\01Personal\2024\06France\2024-07-01(568).heic tag_year='0000000' tag_year_int=0
2024-07-31,13:33:39.458.0,INFO,__main__,adjust_metadata.adjust_metadata:123,Exifread could not handle C:\Users\nedlecky\ACDSee\01Personal\2024\06France\2024-07-01(569).heic tag_year='0000000' tag_year_int=0
2024-07-31,13:33:39.458.0,INFO,__main__,adjust_metadata.adjust_metadata:123,Exifread could not handle C:\Users\nedlecky\ACDSee\01Personal\2024\06France\2024-07-01(57).heic tag_year='0000000' tag_year_int=0
2024-07-31,13:33:39.458.0,INFO,__main__,adjust_metadata.adjust_metadata:123,Exifread could not handle C:\Users\nedlecky\ACDSee\01Personal\2024\06France\2024-07-01(570).heic tag_year='0000000' tag_year_int=0
2024-07-31,13:33:39.458.0,INFO,__main__,adjust_metadata.adjust_metadata:123,Exifread could not handle C:\Users\nedlecky\ACDSee\01Personal\2024\06France\2024-07-01(571).heic tag_year='0000000' tag_year_int=0
2024-07-31,13:33:39.458.0,INFO,__main__,adjust_metadata.adjust_metadata:123,Exifread could not handle C:\Users\nedlecky\ACDSee\01Personal\2024\06France\2024-07-01(572).heic tag_year='0000000' tag_year_int=0
2024-07-31,13:33:39.458.0,INFO,__main__,adjust_metadata.adjust_metadata:123,Exifread could not handle C:\Users\nedlecky\ACDSee\01Personal\2024\06France\2024-07-01(573).heic tag_year='0000000' tag_year_int=0
2024-07-31,13:33:39.458.0,INFO,__main__,adjust_metadata.adjust_metadata:123,Exifread could not handle C:\Users\nedlecky\ACDSee\01Personal\2024\06France\2024-07-01(574).heic tag_year='0000000' tag_year_int=0
2024-07-31,13:33:39.458.0,INFO,__main__,adjust_metadata.adjust_metadata:123,Exifread could not handle C:\Users\nedlecky\ACDSee\01Personal\2024\06France\2024-07-01(575).heic tag_year='0000000' tag_year_int=0
2024-07-31,13:33:39.458.0,INFO,__main__,adjust_metadata.adjust_metadata:123,Exifread could not handle C:\Users\nedlecky\ACDSee\01Personal\2024\06France\2024-07-01(576).heic tag_year='0000000' tag_year_int=0
2024-07-31,13:33:39.459.0,INFO,__main__,adjust_metadata.adjust_metadata:123,Exifread could not handle C:\Users\nedlecky\ACDSee\01Personal\2024\06France\2024-07-01(577).heic tag_year='0000000' tag_year_int=0
2024-07-31,13:33:39.459.0,INFO,__main__,adjust_metadata.adjust_metadata:123,Exifread could not handle C:\Users\nedlecky\ACDSee\01Personal\2024\06France\2024-07-01(578).heic tag_year='0000000' tag_year_int=0
2024-07-31,13:33:39.459.0,INFO,__main__,adjust_metadata.adjust_metadata:123,Exifread could not handle C:\Users\nedlecky\ACDSee\01Personal\2024\06France\2024-07-01(579).heic tag_year='0000000' tag_year_int=0
2024-07-31,13:33:39.459.0,INFO,__main__,adjust_metadata.adjust_metadata:123,Exifread could not handle C:\Users\nedlecky\ACDSee\01Personal\2024\06France\2024-07-01(580).heic tag_year='0000000' tag_year_int=0
2024-07-31,13:33:39.459.0,INFO,__main__,adjust_metadata.adjust_metadata:123,Exifread could not handle C:\Users\nedlecky\ACDSee\01Personal\2024\06France\2024-07-01(581).heic tag_year='0000000' tag_year_int=0
2024-07-31,13:33:39.459.0,INFO,__main__,adjust_metadata.adjust_metadata:123,Exifread could not handle C:\Users\nedlecky\ACDSee\01Personal\2024\06France\2024-07-01(582).heic tag_year='0000000' tag_year_int=0
2024-07-31,13:33:39.459.0,INFO,__main__,adjust_metadata.adjust_metadata:123,Exifread could not handle C:\Users\nedlecky\ACDSee\01Personal\2024\06France\2024-07-01(583).heic tag_year='0000000' tag_year_int=0
2024-07-31,13:33:39.459.0,INFO,__main__,adjust_metadata.adjust_metadata:123,Exifread could not handle C:\Users\nedlecky\ACDSee\01Personal\2024\06France\2024-07-01(584).heic tag_year='0000000' tag_year_int=0
2024-07-31,13:33:39.459.0,INFO,__main__,adjust_metadata.adjust_metadata:123,Exifread could not handle C:\Users\nedlecky\ACDSee\01Personal\2024\06France\2024-07-01(585).heic tag_year='0000000' tag_year_int=0
2024-07-31,13:33:39.459.0,INFO,__main__,adjust_metadata.adjust_metadata:123,Exifread could not handle C:\Users\nedlecky\ACDSee\01Personal\2024\06France\2024-07-01(586).heic tag_year='0000000' tag_year_int=0
2024-07-31,13:33:39.460.0,INFO,__main__,adjust_metadata.adjust_metadata:123,Exifread could not handle C:\Users\nedlecky\ACDSee\01Personal\2024\06France\2024-07-01(587).heic tag_year='0000000' tag_year_int=0
2024-07-31,13:33:39.460.0,INFO,__main__,adjust_metadata.adjust_metadata:123,Exifread could not handle C:\Users\nedlecky\ACDSee\01Personal\2024\06France\2024-07-01(588).heic tag_year='0000000' tag_year_int=0
2024-07-31,13:33:39.460.0,INFO,__main__,adjust_metadata.adjust_metadata:123,Exifread could not handle C:\Users\nedlecky\ACDSee\01Personal\2024\06France\2024-07-01(589).heic tag_year='0000000' tag_year_int=0
2024-07-31,13:33:39.460.0,INFO,__main__,adjust_metadata.adjust_metadata:123,Exifread could not handle C:\Users\nedlecky\ACDSee\01Personal\2024\06France\2024-07-01(59).heic tag_year='0000000' tag_year_int=0
2024-07-31,13:33:39.460.0,INFO,__main__,adjust_metadata.adjust_metadata:123,Exifread could not handle C:\Users\nedlecky\ACDSee\01Personal\2024\06France\2024-07-01(590).heic tag_year='0000000' tag_year_int=0
2024-07-31,13:33:39.460.0,INFO,__main__,adjust_metadata.adjust_metadata:123,Exifread could not handle C:\Users\nedlecky\ACDSee\01Personal\2024\06France\2024-07-01(591).heic tag_year='0000000' tag_year_int=0
2024-07-31,13:33:39.460.0,INFO,__main__,adjust_metadata.adjust_metadata:123,Exifread could not handle C:\Users\nedlecky\ACDSee\01Personal\2024\06France\2024-07-01(592).heic tag_year='0000000' tag_year_int=0
2024-07-31,13:33:39.460.0,INFO,__main__,adjust_metadata.adjust_metadata:123,Exifread could not handle C:\Users\nedlecky\ACDSee\01Personal\2024\06France\2024-07-01(593).heic tag_year='0000000' tag_year_int=0
2024-07-31,13:33:39.460.0,INFO,__main__,adjust_metadata.adjust_metadata:123,Exifread could not handle C:\Users\nedlecky\ACDSee\01Personal\2024\06France\2024-07-01(594).heic tag_year='0000000' tag_year_int=0
2024-07-31,13:33:39.460.0,INFO,__main__,adjust_metadata.adjust_metadata:123,Exifread could not handle C:\Users\nedlecky\ACDSee\01Personal\2024\06France\2024-07-01(595).heic tag_year='0000000' tag_year_int=0
2024-07-31,13:33:39.460.0,INFO,__main__,adjust_metadata.adjust_metadata:123,Exifread could not handle C:\Users\nedlecky\ACDSee\01Personal\2024\06France\2024-07-01(596).heic tag_year='0000000' tag_year_int=0
2024-07-31,13:33:39.461.0,INFO,__main__,adjust_metadata.adjust_metadata:123,Exifread could not handle C:\Users\nedlecky\ACDSee\01Personal\2024\06France\2024-07-01(597).heic tag_year='0000000' tag_year_int=0
2024-07-31,13:33:39.461.0,INFO,__main__,adjust_metadata.adjust_metadata:123,Exifread could not handle C:\Users\nedlecky\ACDSee\01Personal\2024\06France\2024-07-01(598).heic tag_year='0000000' tag_year_int=0
2024-07-31,13:33:39.461.0,INFO,__main__,adjust_metadata.adjust_metadata:123,Exifread could not handle C:\Users\nedlecky\ACDSee\01Personal\2024\06France\2024-07-01(599).heic tag_year='0000000' tag_year_int=0
2024-07-31,13:33:39.461.0,INFO,__main__,adjust_metadata.adjust_metadata:123,Exifread could not handle C:\Users\nedlecky\ACDSee\01Personal\2024\06France\2024-07-01(6).heic tag_year='0000000' tag_year_int=0
2024-07-31,13:33:39.461.0,INFO,__main__,adjust_metadata.adjust_metadata:123,Exifread could not handle C:\Users\nedlecky\ACDSee\01Personal\2024\06France\2024-07-01(600).heic tag_year='0000000' tag_year_int=0
2024-07-31,13:33:39.461.0,INFO,__main__,adjust_metadata.adjust_metadata:123,Exifread could not handle C:\Users\nedlecky\ACDSee\01Personal\2024\06France\2024-07-01(601).heic tag_year='0000000' tag_year_int=0
2024-07-31,13:33:39.461.0,INFO,__main__,adjust_metadata.adjust_metadata:123,Exifread could not handle C:\Users\nedlecky\ACDSee\01Personal\2024\06France\2024-07-01(602).heic tag_year='0000000' tag_year_int=0
2024-07-31,13:33:39.461.0,INFO,__main__,adjust_metadata.adjust_metadata:123,Exifread could not handle C:\Users\nedlecky\ACDSee\01Personal\2024\06France\2024-07-01(603).heic tag_year='0000000' tag_year_int=0
2024-07-31,13:33:39.461.0,INFO,__main__,adjust_metadata.adjust_metadata:123,Exifread could not handle C:\Users\nedlecky\ACDSee\01Personal\2024\06France\2024-07-01(604).heic tag_year='0000000' tag_year_int=0
2024-07-31,13:33:39.461.0,INFO,__main__,adjust_metadata.adjust_metadata:123,Exifread could not handle C:\Users\nedlecky\ACDSee\01Personal\2024\06France\2024-07-01(605).heic tag_year='0000000' tag_year_int=0
2024-07-31,13:33:39.461.0,INFO,__main__,adjust_metadata.adjust_metadata:123,Exifread could not handle C:\Users\nedlecky\ACDSee\01Personal\2024\06France\2024-07-01(606).heic tag_year='0000000' tag_year_int=0
2024-07-31,13:33:39.461.0,INFO,__main__,adjust_metadata.adjust_metadata:123,Exifread could not handle C:\Users\nedlecky\ACDSee\01Personal\2024\06France\2024-07-01(607).heic tag_year='0000000' tag_year_int=0
2024-07-31,13:33:39.462.0,INFO,__main__,adjust_metadata.adjust_metadata:123,Exifread could not handle C:\Users\nedlecky\ACDSee\01Personal\2024\06France\2024-07-01(608).heic tag_year='0000000' tag_year_int=0
2024-07-31,13:33:39.462.0,INFO,__main__,adjust_metadata.adjust_metadata:123,Exifread could not handle C:\Users\nedlecky\ACDSee\01Personal\2024\06France\2024-07-01(609).heic tag_year='0000000' tag_year_int=0
2024-07-31,13:33:39.462.0,INFO,__main__,adjust_metadata.adjust_metadata:123,Exifread could not handle C:\Users\nedlecky\ACDSee\01Personal\2024\06France\2024-07-01(61).heic tag_year='0000000' tag_year_int=0
2024-07-31,13:33:39.462.0,INFO,__main__,adjust_metadata.adjust_metadata:123,Exifread could not handle C:\Users\nedlecky\ACDSee\01Personal\2024\06France\2024-07-01(610).heic tag_year='0000000' tag_year_int=0
2024-07-31,13:33:39.462.0,INFO,__main__,adjust_metadata.adjust_metadata:123,Exifread could not handle C:\Users\nedlecky\ACDSee\01Personal\2024\06France\2024-07-01(611).heic tag_year='0000000' tag_year_int=0
2024-07-31,13:33:39.462.0,INFO,__main__,adjust_metadata.adjust_metadata:123,Exifread could not handle C:\Users\nedlecky\ACDSee\01Personal\2024\06France\2024-07-01(612).heic tag_year='0000000' tag_year_int=0
2024-07-31,13:33:39.462.0,INFO,__main__,adjust_metadata.adjust_metadata:123,Exifread could not handle C:\Users\nedlecky\ACDSee\01Personal\2024\06France\2024-07-01(613).heic tag_year='0000000' tag_year_int=0
2024-07-31,13:33:39.462.0,INFO,__main__,adjust_metadata.adjust_metadata:123,Exifread could not handle C:\Users\nedlecky\ACDSee\01Personal\2024\06France\2024-07-01(614).heic tag_year='0000000' tag_year_int=0
2024-07-31,13:33:39.462.0,INFO,__main__,adjust_metadata.adjust_metadata:123,Exifread could not handle C:\Users\nedlecky\ACDSee\01Personal\2024\06France\2024-07-01(615).heic tag_year='0000000' tag_year_int=0
2024-07-31,13:33:39.462.0,INFO,__main__,adjust_metadata.adjust_metadata:123,Exifread could not handle C:\Users\nedlecky\ACDSee\01Personal\2024\06France\2024-07-01(616).heic tag_year='0000000' tag_year_int=0
2024-07-31,13:33:39.462.0,INFO,__main__,adjust_metadata.adjust_metadata:123,Exifread could not handle C:\Users\nedlecky\ACDSee\01Personal\2024\06France\2024-07-01(617).heic tag_year='0000000' tag_year_int=0
2024-07-31,13:33:39.463.0,INFO,__main__,adjust_metadata.adjust_metadata:123,Exifread could not handle C:\Users\nedlecky\ACDSee\01Personal\2024\06France\2024-07-01(618).heic tag_year='0000000' tag_year_int=0
2024-07-31,13:33:39.463.0,INFO,__main__,adjust_metadata.adjust_metadata:123,Exifread could not handle C:\Users\nedlecky\ACDSee\01Personal\2024\06France\2024-07-01(619).heic tag_year='0000000' tag_year_int=0
2024-07-31,13:33:39.463.0,INFO,__main__,adjust_metadata.adjust_metadata:123,Exifread could not handle C:\Users\nedlecky\ACDSee\01Personal\2024\06France\2024-07-01(620).heic tag_year='0000000' tag_year_int=0
2024-07-31,13:33:39.463.0,INFO,__main__,adjust_metadata.adjust_metadata:123,Exifread could not handle C:\Users\nedlecky\ACDSee\01Personal\2024\06France\2024-07-01(621).heic tag_year='0000000' tag_year_int=0
2024-07-31,13:33:39.463.0,INFO,__main__,adjust_metadata.adjust_metadata:123,Exifread could not handle C:\Users\nedlecky\ACDSee\01Personal\2024\06France\2024-07-01(622).heic tag_year='0000000' tag_year_int=0
2024-07-31,13:33:39.463.0,INFO,__main__,adjust_metadata.adjust_metadata:123,Exifread could not handle C:\Users\nedlecky\ACDSee\01Personal\2024\06France\2024-07-01(623).heic tag_year='0000000' tag_year_int=0
2024-07-31,13:33:39.463.0,INFO,__main__,adjust_metadata.adjust_metadata:123,Exifread could not handle C:\Users\nedlecky\ACDSee\01Personal\2024\06France\2024-07-01(624).heic tag_year='0000000' tag_year_int=0
2024-07-31,13:33:39.463.0,INFO,__main__,adjust_metadata.adjust_metadata:123,Exifread could not handle C:\Users\nedlecky\ACDSee\01Personal\2024\06France\2024-07-01(625).heic tag_year='0000000' tag_year_int=0
2024-07-31,13:33:39.463.0,INFO,__main__,adjust_metadata.adjust_metadata:123,Exifread could not handle C:\Users\nedlecky\ACDSee\01Personal\2024\06France\2024-07-01(626).heic tag_year='0000000' tag_year_int=0
2024-07-31,13:33:39.463.0,INFO,__main__,adjust_metadata.adjust_metadata:123,Exifread could not handle C:\Users\nedlecky\ACDSee\01Personal\2024\06France\2024-07-01(627).heic tag_year='0000000' tag_year_int=0
2024-07-31,13:33:39.463.0,INFO,__main__,adjust_metadata.adjust_metadata:123,Exifread could not handle C:\Users\nedlecky\ACDSee\01Personal\2024\06France\2024-07-01(628).heic tag_year='0000000' tag_year_int=0
2024-07-31,13:33:39.463.0,INFO,__main__,adjust_metadata.adjust_metadata:123,Exifread could not handle C:\Users\nedlecky\ACDSee\01Personal\2024\06France\2024-07-01(629).heic tag_year='0000000' tag_year_int=0
2024-07-31,13:33:39.463.0,INFO,__main__,adjust_metadata.adjust_metadata:123,Exifread could not handle C:\Users\nedlecky\ACDSee\01Personal\2024\06France\2024-07-01(63).heic tag_year='0000000' tag_year_int=0
2024-07-31,13:33:39.463.0,INFO,__main__,adjust_metadata.adjust_metadata:123,Exifread could not handle C:\Users\nedlecky\ACDSee\01Personal\2024\06France\2024-07-01(630).heic tag_year='0000000' tag_year_int=0
2024-07-31,13:33:39.463.0,INFO,__main__,adjust_metadata.adjust_metadata:123,Exifread could not handle C:\Users\nedlecky\ACDSee\01Personal\2024\06France\2024-07-01(631).heic tag_year='0000000' tag_year_int=0
2024-07-31,13:33:39.464.0,INFO,__main__,adjust_metadata.adjust_metadata:123,Exifread could not handle C:\Users\nedlecky\ACDSee\01Personal\2024\06France\2024-07-01(632).heic tag_year='0000000' tag_year_int=0
2024-07-31,13:33:39.464.0,INFO,__main__,adjust_metadata.adjust_metadata:123,Exifread could not handle C:\Users\nedlecky\ACDSee\01Personal\2024\06France\2024-07-01(633).heic tag_year='0000000' tag_year_int=0
2024-07-31,13:33:39.464.0,INFO,__main__,adjust_metadata.adjust_metadata:123,Exifread could not handle C:\Users\nedlecky\ACDSee\01Personal\2024\06France\2024-07-01(634).heic tag_year='0000000' tag_year_int=0
2024-07-31,13:33:39.464.0,INFO,__main__,adjust_metadata.adjust_metadata:123,Exifread could not handle C:\Users\nedlecky\ACDSee\01Personal\2024\06France\2024-07-01(635).heic tag_year='0000000' tag_year_int=0
2024-07-31,13:33:39.464.0,INFO,__main__,adjust_metadata.adjust_metadata:123,Exifread could not handle C:\Users\nedlecky\ACDSee\01Personal\2024\06France\2024-07-01(636).heic tag_year='0000000' tag_year_int=0
2024-07-31,13:33:39.464.0,INFO,__main__,adjust_metadata.adjust_metadata:123,Exifread could not handle C:\Users\nedlecky\ACDSee\01Personal\2024\06France\2024-07-01(637).heic tag_year='0000000' tag_year_int=0
2024-07-31,13:33:39.464.0,INFO,__main__,adjust_metadata.adjust_metadata:123,Exifread could not handle C:\Users\nedlecky\ACDSee\01Personal\2024\06France\2024-07-01(638).heic tag_year='0000000' tag_year_int=0
2024-07-31,13:33:39.464.0,INFO,__main__,adjust_metadata.adjust_metadata:123,Exifread could not handle C:\Users\nedlecky\ACDSee\01Personal\2024\06France\2024-07-01(639).heic tag_year='0000000' tag_year_int=0
2024-07-31,13:33:39.464.0,INFO,__main__,adjust_metadata.adjust_metadata:123,Exifread could not handle C:\Users\nedlecky\ACDSee\01Personal\2024\06France\2024-07-01(640).heic tag_year='0000000' tag_year_int=0
2024-07-31,13:33:39.464.0,INFO,__main__,adjust_metadata.adjust_metadata:123,Exifread could not handle C:\Users\nedlecky\ACDSee\01Personal\2024\06France\2024-07-01(641).heic tag_year='0000000' tag_year_int=0
2024-07-31,13:33:39.464.0,INFO,__main__,adjust_metadata.adjust_metadata:123,Exifread could not handle C:\Users\nedlecky\ACDSee\01Personal\2024\06France\2024-07-01(642).heic tag_year='0000000' tag_year_int=0
2024-07-31,13:33:39.464.0,INFO,__main__,adjust_metadata.adjust_metadata:123,Exifread could not handle C:\Users\nedlecky\ACDSee\01Personal\2024\06France\2024-07-01(643).heic tag_year='0000000' tag_year_int=0
2024-07-31,13:33:39.464.0,INFO,__main__,adjust_metadata.adjust_metadata:123,Exifread could not handle C:\Users\nedlecky\ACDSee\01Personal\2024\06France\2024-07-01(644).heic tag_year='0000000' tag_year_int=0
2024-07-31,13:33:39.464.0,INFO,__main__,adjust_metadata.adjust_metadata:123,Exifread could not handle C:\Users\nedlecky\ACDSee\01Personal\2024\06France\2024-07-01(645).heic tag_year='0000000' tag_year_int=0
2024-07-31,13:33:39.464.0,INFO,__main__,adjust_metadata.adjust_metadata:123,Exifread could not handle C:\Users\nedlecky\ACDSee\01Personal\2024\06France\2024-07-01(646).heic tag_year='0000000' tag_year_int=0
2024-07-31,13:33:39.465.0,INFO,__main__,adjust_metadata.adjust_metadata:123,Exifread could not handle C:\Users\nedlecky\ACDSee\01Personal\2024\06France\2024-07-01(647).heic tag_year='0000000' tag_year_int=0
2024-07-31,13:33:39.465.0,INFO,__main__,adjust_metadata.adjust_metadata:123,Exifread could not handle C:\Users\nedlecky\ACDSee\01Personal\2024\06France\2024-07-01(648).heic tag_year='0000000' tag_year_int=0
2024-07-31,13:33:39.465.0,INFO,__main__,adjust_metadata.adjust_metadata:123,Exifread could not handle C:\Users\nedlecky\ACDSee\01Personal\2024\06France\2024-07-01(649).heic tag_year='0000000' tag_year_int=0
2024-07-31,13:33:39.465.0,INFO,__main__,adjust_metadata.adjust_metadata:123,Exifread could not handle C:\Users\nedlecky\ACDSee\01Personal\2024\06France\2024-07-01(650).heic tag_year='0000000' tag_year_int=0
2024-07-31,13:33:39.465.0,INFO,__main__,adjust_metadata.adjust_metadata:123,Exifread could not handle C:\Users\nedlecky\ACDSee\01Personal\2024\06France\2024-07-01(651).heic tag_year='0000000' tag_year_int=0
2024-07-31,13:33:39.465.0,INFO,__main__,adjust_metadata.adjust_metadata:123,Exifread could not handle C:\Users\nedlecky\ACDSee\01Personal\2024\06France\2024-07-01(652).heic tag_year='0000000' tag_year_int=0
2024-07-31,13:33:39.465.0,INFO,__main__,adjust_metadata.adjust_metadata:123,Exifread could not handle C:\Users\nedlecky\ACDSee\01Personal\2024\06France\2024-07-01(653).heic tag_year='0000000' tag_year_int=0
2024-07-31,13:33:39.465.0,INFO,__main__,adjust_metadata.adjust_metadata:123,Exifread could not handle C:\Users\nedlecky\ACDSee\01Personal\2024\06France\2024-07-01(654).heic tag_year='0000000' tag_year_int=0
2024-07-31,13:33:39.465.0,INFO,__main__,adjust_metadata.adjust_metadata:123,Exifread could not handle C:\Users\nedlecky\ACDSee\01Personal\2024\06France\2024-07-01(655).heic tag_year='0000000' tag_year_int=0
2024-07-31,13:33:39.465.0,INFO,__main__,adjust_metadata.adjust_metadata:123,Exifread could not handle C:\Users\nedlecky\ACDSee\01Personal\2024\06France\2024-07-01(656).heic tag_year='0000000' tag_year_int=0
2024-07-31,13:33:39.465.0,INFO,__main__,adjust_metadata.adjust_metadata:123,Exifread could not handle C:\Users\nedlecky\ACDSee\01Personal\2024\06France\2024-07-01(657).heic tag_year='0000000' tag_year_int=0
2024-07-31,13:33:39.465.0,INFO,__main__,adjust_metadata.adjust_metadata:123,Exifread could not handle C:\Users\nedlecky\ACDSee\01Personal\2024\06France\2024-07-01(658).heic tag_year='0000000' tag_year_int=0
2024-07-31,13:33:39.465.0,INFO,__main__,adjust_metadata.adjust_metadata:123,Exifread could not handle C:\Users\nedlecky\ACDSee\01Personal\2024\06France\2024-07-01(659).heic tag_year='0000000' tag_year_int=0
2024-07-31,13:33:39.465.0,INFO,__main__,adjust_metadata.adjust_metadata:123,Exifread could not handle C:\Users\nedlecky\ACDSee\01Personal\2024\06France\2024-07-01(660).heic tag_year='0000000' tag_year_int=0
2024-07-31,13:33:39.465.0,INFO,__main__,adjust_metadata.adjust_metadata:123,Exifread could not handle C:\Users\nedlecky\ACDSee\01Personal\2024\06France\2024-07-01(661).heic tag_year='0000000' tag_year_int=0
2024-07-31,13:33:39.466.0,INFO,__main__,adjust_metadata.adjust_metadata:123,Exifread could not handle C:\Users\nedlecky\ACDSee\01Personal\2024\06France\2024-07-01(662).heic tag_year='0000000' tag_year_int=0
2024-07-31,13:33:39.466.0,INFO,__main__,adjust_metadata.adjust_metadata:123,Exifread could not handle C:\Users\nedlecky\ACDSee\01Personal\2024\06France\2024-07-01(663).heic tag_year='0000000' tag_year_int=0
2024-07-31,13:33:39.466.0,INFO,__main__,adjust_metadata.adjust_metadata:123,Exifread could not handle C:\Users\nedlecky\ACDSee\01Personal\2024\06France\2024-07-01(664).heic tag_year='0000000' tag_year_int=0
2024-07-31,13:33:39.466.0,INFO,__main__,adjust_metadata.adjust_metadata:123,Exifread could not handle C:\Users\nedlecky\ACDSee\01Personal\2024\06France\2024-07-01(665).heic tag_year='0000000' tag_year_int=0
2024-07-31,13:33:39.466.0,INFO,__main__,adjust_metadata.adjust_metadata:123,Exifread could not handle C:\Users\nedlecky\ACDSee\01Personal\2024\06France\2024-07-01(666).heic tag_year='0000000' tag_year_int=0
2024-07-31,13:33:39.466.0,INFO,__main__,adjust_metadata.adjust_metadata:123,Exifread could not handle C:\Users\nedlecky\ACDSee\01Personal\2024\06France\2024-07-01(667).heic tag_year='0000000' tag_year_int=0
2024-07-31,13:33:39.466.0,INFO,__main__,adjust_metadata.adjust_metadata:123,Exifread could not handle C:\Users\nedlecky\ACDSee\01Personal\2024\06France\2024-07-01(668).heic tag_year='0000000' tag_year_int=0
2024-07-31,13:33:39.466.0,INFO,__main__,adjust_metadata.adjust_metadata:123,Exifread could not handle C:\Users\nedlecky\ACDSee\01Personal\2024\06France\2024-07-01(669).heic tag_year='0000000' tag_year_int=0
2024-07-31,13:33:39.466.0,INFO,__main__,adjust_metadata.adjust_metadata:123,Exifread could not handle C:\Users\nedlecky\ACDSee\01Personal\2024\06France\2024-07-01(670).heic tag_year='0000000' tag_year_int=0
2024-07-31,13:33:39.466.0,INFO,__main__,adjust_metadata.adjust_metadata:123,Exifread could not handle C:\Users\nedlecky\ACDSee\01Personal\2024\06France\2024-07-01(671).heic tag_year='0000000' tag_year_int=0
2024-07-31,13:33:39.466.0,INFO,__main__,adjust_metadata.adjust_metadata:123,Exifread could not handle C:\Users\nedlecky\ACDSee\01Personal\2024\06France\2024-07-01(672).heic tag_year='0000000' tag_year_int=0
2024-07-31,13:33:39.466.0,INFO,__main__,adjust_metadata.adjust_metadata:123,Exifread could not handle C:\Users\nedlecky\ACDSee\01Personal\2024\06France\2024-07-01(673).heic tag_year='0000000' tag_year_int=0
2024-07-31,13:33:39.466.0,INFO,__main__,adjust_metadata.adjust_metadata:123,Exifread could not handle C:\Users\nedlecky\ACDSee\01Personal\2024\06France\2024-07-01(674).heic tag_year='0000000' tag_year_int=0
2024-07-31,13:33:39.466.0,INFO,__main__,adjust_metadata.adjust_metadata:123,Exifread could not handle C:\Users\nedlecky\ACDSee\01Personal\2024\06France\2024-07-01(675).heic tag_year='0000000' tag_year_int=0
2024-07-31,13:33:39.466.0,INFO,__main__,adjust_metadata.adjust_metadata:123,Exifread could not handle C:\Users\nedlecky\ACDSee\01Personal\2024\06France\2024-07-01(676).heic tag_year='0000000' tag_year_int=0
2024-07-31,13:33:39.467.0,INFO,__main__,adjust_metadata.adjust_metadata:123,Exifread could not handle C:\Users\nedlecky\ACDSee\01Personal\2024\06France\2024-07-01(677).heic tag_year='0000000' tag_year_int=0
2024-07-31,13:33:39.467.0,INFO,__main__,adjust_metadata.adjust_metadata:123,Exifread could not handle C:\Users\nedlecky\ACDSee\01Personal\2024\06France\2024-07-01(678).heic tag_year='0000000' tag_year_int=0
2024-07-31,13:33:39.467.0,INFO,__main__,adjust_metadata.adjust_metadata:123,Exifread could not handle C:\Users\nedlecky\ACDSee\01Personal\2024\06France\2024-07-01(679).heic tag_year='0000000' tag_year_int=0
2024-07-31,13:33:39.467.0,INFO,__main__,adjust_metadata.adjust_metadata:123,Exifread could not handle C:\Users\nedlecky\ACDSee\01Personal\2024\06France\2024-07-01(680).heic tag_year='0000000' tag_year_int=0
2024-07-31,13:33:39.467.0,INFO,__main__,adjust_metadata.adjust_metadata:123,Exifread could not handle C:\Users\nedlecky\ACDSee\01Personal\2024\06France\2024-07-01(681).heic tag_year='0000000' tag_year_int=0
2024-07-31,13:33:39.467.0,INFO,__main__,adjust_metadata.adjust_metadata:123,Exifread could not handle C:\Users\nedlecky\ACDSee\01Personal\2024\06France\2024-07-01(682).heic tag_year='0000000' tag_year_int=0
2024-07-31,13:33:39.467.0,INFO,__main__,adjust_metadata.adjust_metadata:123,Exifread could not handle C:\Users\nedlecky\ACDSee\01Personal\2024\06France\2024-07-01(683).heic tag_year='0000000' tag_year_int=0
2024-07-31,13:33:39.467.0,INFO,__main__,adjust_metadata.adjust_metadata:123,Exifread could not handle C:\Users\nedlecky\ACDSee\01Personal\2024\06France\2024-07-01(685).heic tag_year='0000000' tag_year_int=0
2024-07-31,13:33:39.467.0,INFO,__main__,adjust_metadata.adjust_metadata:123,Exifread could not handle C:\Users\nedlecky\ACDSee\01Personal\2024\06France\2024-07-01(687).heic tag_year='0000000' tag_year_int=0
2024-07-31,13:33:39.467.0,INFO,__main__,adjust_metadata.adjust_metadata:123,Exifread could not handle C:\Users\nedlecky\ACDSee\01Personal\2024\06France\2024-07-01(689).heic tag_year='0000000' tag_year_int=0
2024-07-31,13:33:39.467.0,INFO,__main__,adjust_metadata.adjust_metadata:123,Exifread could not handle C:\Users\nedlecky\ACDSee\01Personal\2024\06France\2024-07-01(690).heic tag_year='0000000' tag_year_int=0
2024-07-31,13:33:39.467.0,INFO,__main__,adjust_metadata.adjust_metadata:123,Exifread could not handle C:\Users\nedlecky\ACDSee\01Personal\2024\06France\2024-07-01(692).heic tag_year='0000000' tag_year_int=0
2024-07-31,13:33:39.467.0,INFO,__main__,adjust_metadata.adjust_metadata:123,Exifread could not handle C:\Users\nedlecky\ACDSee\01Personal\2024\06France\2024-07-01(694).heic tag_year='0000000' tag_year_int=0
2024-07-31,13:33:39.467.0,INFO,__main__,adjust_metadata.adjust_metadata:123,Exifread could not handle C:\Users\nedlecky\ACDSee\01Personal\2024\06France\2024-07-01(696).heic tag_year='0000000' tag_year_int=0
2024-07-31,13:33:39.467.0,INFO,__main__,adjust_metadata.adjust_metadata:123,Exifread could not handle C:\Users\nedlecky\ACDSee\01Personal\2024\06France\2024-07-01(698).heic tag_year='0000000' tag_year_int=0
2024-07-31,13:33:39.468.0,INFO,__main__,adjust_metadata.adjust_metadata:123,Exifread could not handle C:\Users\nedlecky\ACDSee\01Personal\2024\06France\2024-07-01(7).heic tag_year='0000000' tag_year_int=0
2024-07-31,13:33:39.468.0,INFO,__main__,adjust_metadata.adjust_metadata:123,Exifread could not handle C:\Users\nedlecky\ACDSee\01Personal\2024\06France\2024-07-01(70).heic tag_year='0000000' tag_year_int=0
2024-07-31,13:33:39.468.0,INFO,__main__,adjust_metadata.adjust_metadata:123,Exifread could not handle C:\Users\nedlecky\ACDSee\01Personal\2024\06France\2024-07-01(700).heic tag_year='0000000' tag_year_int=0
2024-07-31,13:33:39.468.0,INFO,__main__,adjust_metadata.adjust_metadata:123,Exifread could not handle C:\Users\nedlecky\ACDSee\01Personal\2024\06France\2024-07-01(702).heic tag_year='0000000' tag_year_int=0
2024-07-31,13:33:39.468.0,INFO,__main__,adjust_metadata.adjust_metadata:123,Exifread could not handle C:\Users\nedlecky\ACDSee\01Personal\2024\06France\2024-07-01(704).heic tag_year='0000000' tag_year_int=0
2024-07-31,13:33:39.468.0,INFO,__main__,adjust_metadata.adjust_metadata:123,Exifread could not handle C:\Users\nedlecky\ACDSee\01Personal\2024\06France\2024-07-01(705).heic tag_year='0000000' tag_year_int=0
2024-07-31,13:33:39.468.0,INFO,__main__,adjust_metadata.adjust_metadata:123,Exifread could not handle C:\Users\nedlecky\ACDSee\01Personal\2024\06France\2024-07-01(706).heic tag_year='0000000' tag_year_int=0
2024-07-31,13:33:39.468.0,INFO,__main__,adjust_metadata.adjust_metadata:123,Exifread could not handle C:\Users\nedlecky\ACDSee\01Personal\2024\06France\2024-07-01(707).heic tag_year='0000000' tag_year_int=0
2024-07-31,13:33:39.468.0,INFO,__main__,adjust_metadata.adjust_metadata:123,Exifread could not handle C:\Users\nedlecky\ACDSee\01Personal\2024\06France\2024-07-01(708).heic tag_year='0000000' tag_year_int=0
2024-07-31,13:33:39.468.0,INFO,__main__,adjust_metadata.adjust_metadata:123,Exifread could not handle C:\Users\nedlecky\ACDSee\01Personal\2024\06France\2024-07-01(709).heic tag_year='0000000' tag_year_int=0
2024-07-31,13:33:39.468.0,INFO,__main__,adjust_metadata.adjust_metadata:123,Exifread could not handle C:\Users\nedlecky\ACDSee\01Personal\2024\06France\2024-07-01(710).heic tag_year='0000000' tag_year_int=0
2024-07-31,13:33:39.468.0,INFO,__main__,adjust_metadata.adjust_metadata:123,Exifread could not handle C:\Users\nedlecky\ACDSee\01Personal\2024\06France\2024-07-01(711).heic tag_year='0000000' tag_year_int=0
2024-07-31,13:33:39.468.0,INFO,__main__,adjust_metadata.adjust_metadata:123,Exifread could not handle C:\Users\nedlecky\ACDSee\01Personal\2024\06France\2024-07-01(712).heic tag_year='0000000' tag_year_int=0
2024-07-31,13:33:39.468.0,INFO,__main__,adjust_metadata.adjust_metadata:123,Exifread could not handle C:\Users\nedlecky\ACDSee\01Personal\2024\06France\2024-07-01(713).heic tag_year='0000000' tag_year_int=0
2024-07-31,13:33:39.468.0,INFO,__main__,adjust_metadata.adjust_metadata:123,Exifread could not handle C:\Users\nedlecky\ACDSee\01Personal\2024\06France\2024-07-01(714).heic tag_year='0000000' tag_year_int=0
2024-07-31,13:33:39.469.0,INFO,__main__,adjust_metadata.adjust_metadata:123,Exifread could not handle C:\Users\nedlecky\ACDSee\01Personal\2024\06France\2024-07-01(715).heic tag_year='0000000' tag_year_int=0
2024-07-31,13:33:39.469.0,INFO,__main__,adjust_metadata.adjust_metadata:123,Exifread could not handle C:\Users\nedlecky\ACDSee\01Personal\2024\06France\2024-07-01(716).heic tag_year='0000000' tag_year_int=0
2024-07-31,13:33:39.469.0,INFO,__main__,adjust_metadata.adjust_metadata:123,Exifread could not handle C:\Users\nedlecky\ACDSee\01Personal\2024\06France\2024-07-01(717).heic tag_year='0000000' tag_year_int=0
2024-07-31,13:33:39.469.0,INFO,__main__,adjust_metadata.adjust_metadata:123,Exifread could not handle C:\Users\nedlecky\ACDSee\01Personal\2024\06France\2024-07-01(718).heic tag_year='0000000' tag_year_int=0
2024-07-31,13:33:39.469.0,INFO,__main__,adjust_metadata.adjust_metadata:123,Exifread could not handle C:\Users\nedlecky\ACDSee\01Personal\2024\06France\2024-07-01(719).heic tag_year='0000000' tag_year_int=0
2024-07-31,13:33:39.469.0,INFO,__main__,adjust_metadata.adjust_metadata:123,Exifread could not handle C:\Users\nedlecky\ACDSee\01Personal\2024\06France\2024-07-01(72).heic tag_year='0000000' tag_year_int=0
2024-07-31,13:33:39.469.0,INFO,__main__,adjust_metadata.adjust_metadata:123,Exifread could not handle C:\Users\nedlecky\ACDSee\01Personal\2024\06France\2024-07-01(720).heic tag_year='0000000' tag_year_int=0
2024-07-31,13:33:39.469.0,INFO,__main__,adjust_metadata.adjust_metadata:123,Exifread could not handle C:\Users\nedlecky\ACDSee\01Personal\2024\06France\2024-07-01(722).heic tag_year='0000000' tag_year_int=0
2024-07-31,13:33:39.469.0,INFO,__main__,adjust_metadata.adjust_metadata:123,Exifread could not handle C:\Users\nedlecky\ACDSee\01Personal\2024\06France\2024-07-01(723).heic tag_year='0000000' tag_year_int=0
2024-07-31,13:33:39.469.0,INFO,__main__,adjust_metadata.adjust_metadata:123,Exifread could not handle C:\Users\nedlecky\ACDSee\01Personal\2024\06France\2024-07-01(724).heic tag_year='0000000' tag_year_int=0
2024-07-31,13:33:39.469.0,INFO,__main__,adjust_metadata.adjust_metadata:123,Exifread could not handle C:\Users\nedlecky\ACDSee\01Personal\2024\06France\2024-07-01(725).heic tag_year='0000000' tag_year_int=0
2024-07-31,13:33:39.469.0,INFO,__main__,adjust_metadata.adjust_metadata:123,Exifread could not handle C:\Users\nedlecky\ACDSee\01Personal\2024\06France\2024-07-01(727).heic tag_year='0000000' tag_year_int=0
2024-07-31,13:33:39.469.0,INFO,__main__,adjust_metadata.adjust_metadata:123,Exifread could not handle C:\Users\nedlecky\ACDSee\01Personal\2024\06France\2024-07-01(728).heic tag_year='0000000' tag_year_int=0
2024-07-31,13:33:39.469.0,INFO,__main__,adjust_metadata.adjust_metadata:123,Exifread could not handle C:\Users\nedlecky\ACDSee\01Personal\2024\06France\2024-07-01(73).heic tag_year='0000000' tag_year_int=0
2024-07-31,13:33:39.469.0,INFO,__main__,adjust_metadata.adjust_metadata:123,Exifread could not handle C:\Users\nedlecky\ACDSee\01Personal\2024\06France\2024-07-01(730).heic tag_year='0000000' tag_year_int=0
2024-07-31,13:33:39.470.0,INFO,__main__,adjust_metadata.adjust_metadata:123,Exifread could not handle C:\Users\nedlecky\ACDSee\01Personal\2024\06France\2024-07-01(75).heic tag_year='0000000' tag_year_int=0
2024-07-31,13:33:39.470.0,INFO,__main__,adjust_metadata.adjust_metadata:123,Exifread could not handle C:\Users\nedlecky\ACDSee\01Personal\2024\06France\2024-07-01(77).heic tag_year='0000000' tag_year_int=0
2024-07-31,13:33:39.470.0,INFO,__main__,adjust_metadata.adjust_metadata:123,Exifread could not handle C:\Users\nedlecky\ACDSee\01Personal\2024\06France\2024-07-01(79).heic tag_year='0000000' tag_year_int=0
2024-07-31,13:33:39.470.0,INFO,__main__,adjust_metadata.adjust_metadata:123,Exifread could not handle C:\Users\nedlecky\ACDSee\01Personal\2024\06France\2024-07-01(8).heic tag_year='0000000' tag_year_int=0
2024-07-31,13:33:39.470.0,INFO,__main__,adjust_metadata.adjust_metadata:123,Exifread could not handle C:\Users\nedlecky\ACDSee\01Personal\2024\06France\2024-07-01(80).heic tag_year='0000000' tag_year_int=0
2024-07-31,13:33:39.470.0,INFO,__main__,adjust_metadata.adjust_metadata:123,Exifread could not handle C:\Users\nedlecky\ACDSee\01Personal\2024\06France\2024-07-01(82).heic tag_year='0000000' tag_year_int=0
2024-07-31,13:33:39.470.0,INFO,__main__,adjust_metadata.adjust_metadata:123,Exifread could not handle C:\Users\nedlecky\ACDSee\01Personal\2024\06France\2024-07-01(83).heic tag_year='0000000' tag_year_int=0
2024-07-31,13:33:39.470.0,INFO,__main__,adjust_metadata.adjust_metadata:123,Exifread could not handle C:\Users\nedlecky\ACDSee\01Personal\2024\06France\2024-07-01(85).heic tag_year='0000000' tag_year_int=0
2024-07-31,13:33:39.470.0,INFO,__main__,adjust_metadata.adjust_metadata:123,Exifread could not handle C:\Users\nedlecky\ACDSee\01Personal\2024\06France\2024-07-01(87).heic tag_year='0000000' tag_year_int=0
2024-07-31,13:33:39.470.0,INFO,__main__,adjust_metadata.adjust_metadata:123,Exifread could not handle C:\Users\nedlecky\ACDSee\01Personal\2024\06France\2024-07-01(89).heic tag_year='0000000' tag_year_int=0
2024-07-31,13:33:39.470.0,INFO,__main__,adjust_metadata.adjust_metadata:123,Exifread could not handle C:\Users\nedlecky\ACDSee\01Personal\2024\06France\2024-07-01(9).heic tag_year='0000000' tag_year_int=0
2024-07-31,13:33:39.470.0,INFO,__main__,adjust_metadata.adjust_metadata:123,Exifread could not handle C:\Users\nedlecky\ACDSee\01Personal\2024\06France\2024-07-01(91).heic tag_year='0000000' tag_year_int=0
2024-07-31,13:33:39.470.0,INFO,__main__,adjust_metadata.adjust_metadata:123,Exifread could not handle C:\Users\nedlecky\ACDSee\01Personal\2024\06France\2024-07-01(93).heic tag_year='0000000' tag_year_int=0
2024-07-31,13:33:39.470.0,INFO,__main__,adjust_metadata.adjust_metadata:123,Exifread could not handle C:\Users\nedlecky\ACDSee\01Personal\2024\06France\2024-07-01(95).heic tag_year='0000000' tag_year_int=0
2024-07-31,13:33:39.470.0,INFO,__main__,adjust_metadata.adjust_metadata:123,Exifread could not handle C:\Users\nedlecky\ACDSee\01Personal\2024\06France\2024-07-01(97).heic tag_year='0000000' tag_year_int=0
2024-07-31,13:33:39.471.0,INFO,__main__,adjust_metadata.adjust_metadata:123,Exifread could not handle C:\Users\nedlecky\ACDSee\01Personal\2024\06France\2024-07-01.heic tag_year='0000000' tag_year_int=0
2024-07-31,13:33:39.471.0,INFO,__main__,adjust_metadata.adjust_metadata:123,Exifread could not handle C:\Users\nedlecky\ACDSee\01Personal\2024\06France\IMG_2002.HEIC tag_year='0000000' tag_year_int=0
2024-07-31,13:33:39.471.0,INFO,__main__,adjust_metadata.adjust_metadata:123,Exifread could not handle C:\Users\nedlecky\ACDSee\01Personal\2024\06France\IMG_2003.HEIC tag_year='0000000' tag_year_int=0
2024-07-31,13:33:39.471.0,INFO,__main__,adjust_metadata.adjust_metadata:123,Exifread could not handle C:\Users\nedlecky\ACDSee\01Personal\2024\06France\IMG_2004.HEIC tag_year='0000000' tag_year_int=0
2024-07-31,13:33:39.471.0,INFO,__main__,adjust_metadata.adjust_metadata:123,Exifread could not handle C:\Users\nedlecky\ACDSee\01Personal\2024\06France\IMG_2005.HEIC tag_year='0000000' tag_year_int=0
2024-07-31,13:33:39.471.0,INFO,__main__,adjust_metadata.adjust_metadata:123,Exifread could not handle C:\Users\nedlecky\ACDSee\01Personal\2024\06France\IMG_2006.HEIC tag_year='0000000' tag_year_int=0
2024-07-31,13:33:39.471.0,INFO,__main__,adjust_metadata.adjust_metadata:123,Exifread could not handle C:\Users\nedlecky\ACDSee\01Personal\2024\06France\IMG_2007.HEIC tag_year='0000000' tag_year_int=0
2024-07-31,13:33:39.471.0,INFO,__main__,adjust_metadata.adjust_metadata:123,Exifread could not handle C:\Users\nedlecky\ACDSee\01Personal\2024\06France\IMG_2008.HEIC tag_year='0000000' tag_year_int=0
2024-07-31,13:33:39.471.0,INFO,__main__,adjust_metadata.adjust_metadata:123,Exifread could not handle C:\Users\nedlecky\ACDSee\01Personal\2024\06France\IMG_2020.HEIC tag_year='0000000' tag_year_int=0
2024-07-31,13:33:39.471.0,INFO,__main__,adjust_metadata.adjust_metadata:123,Exifread could not handle C:\Users\nedlecky\ACDSee\01Personal\2024\06France\IMG_2025.HEIC tag_year='0000000' tag_year_int=0
2024-07-31,13:33:39.471.0,INFO,__main__,adjust_metadata.adjust_metadata:123,Exifread could not handle C:\Users\nedlecky\ACDSee\01Personal\2024\06France\IMG_2030.HEIC tag_year='0000000' tag_year_int=0
2024-07-31,13:33:39.471.0,INFO,__main__,adjust_metadata.adjust_metadata:123,Exifread could not handle C:\Users\nedlecky\ACDSee\01Personal\2024\06France\IMG_2035.HEIC tag_year='0000000' tag_year_int=0
2024-07-31,13:33:39.471.0,INFO,__main__,adjust_metadata.adjust_metadata:123,Exifread could not handle C:\Users\nedlecky\ACDSee\01Personal\2024\06France\IMG_2036.HEIC tag_year='0000000' tag_year_int=0
2024-07-31,13:33:39.471.0,INFO,__main__,adjust_metadata.adjust_metadata:123,Exifread could not handle C:\Users\nedlecky\ACDSee\01Personal\2024\06France\IMG_2037.HEIC tag_year='0000000' tag_year_int=0
2024-07-31,13:33:39.471.0,INFO,__main__,adjust_metadata.adjust_metadata:123,Exifread could not handle C:\Users\nedlecky\ACDSee\01Personal\2024\06France\IMG_2112.HEIC tag_year='0000000' tag_year_int=0
2024-07-31,13:33:39.471.0,INFO,__main__,adjust_metadata.adjust_metadata:123,Exifread could not handle C:\Users\nedlecky\ACDSee\01Personal\2024\06France\IMG_2113.HEIC tag_year='0000000' tag_year_int=0
2024-07-31,13:33:39.472.0,INFO,__main__,adjust_metadata.adjust_metadata:123,Exifread could not handle C:\Users\nedlecky\ACDSee\01Personal\2024\06France\IMG_2154.HEIC tag_year='0000000' tag_year_int=0
2024-07-31,13:33:39.472.0,INFO,__main__,adjust_metadata.adjust_metadata:123,Exifread could not handle C:\Users\nedlecky\ACDSee\01Personal\2024\06France\IMG_2155.HEIC tag_year='0000000' tag_year_int=0
2024-07-31,13:33:39.472.0,INFO,__main__,adjust_metadata.adjust_metadata:123,Exifread could not handle C:\Users\nedlecky\ACDSee\01Personal\2024\06France\IMG_2156.HEIC tag_year='0000000' tag_year_int=0
2024-07-31,13:33:39.472.0,INFO,__main__,adjust_metadata.adjust_metadata:123,Exifread could not handle C:\Users\nedlecky\ACDSee\01Personal\2024\06France\IMG_2235.HEIC tag_year='0000000' tag_year_int=0
2024-07-31,13:33:39.472.0,INFO,__main__,adjust_metadata.adjust_metadata:123,Exifread could not handle C:\Users\nedlecky\ACDSee\01Personal\2024\06France\IMG_2236.HEIC tag_year='0000000' tag_year_int=0
2024-07-31,13:33:39.472.0,INFO,__main__,adjust_metadata.adjust_metadata:123,Exifread could not handle C:\Users\nedlecky\ACDSee\01Personal\2024\06France\IMG_2237.HEIC tag_year='0000000' tag_year_int=0
2024-07-31,13:33:39.472.0,INFO,__main__,adjust_metadata.adjust_metadata:123,Exifread could not handle C:\Users\nedlecky\ACDSee\01Personal\2024\06France\IMG_2250.HEIC tag_year='0000000' tag_year_int=0
2024-07-31,13:33:39.472.0,INFO,__main__,adjust_metadata.adjust_metadata:123,Exifread could not handle C:\Users\nedlecky\ACDSee\01Personal\2024\06France\IMG_2251.HEIC tag_year='0000000' tag_year_int=0
2024-07-31,13:33:39.472.0,INFO,__main__,adjust_metadata.adjust_metadata:123,Exifread could not handle C:\Users\nedlecky\ACDSee\01Personal\2024\06France\IMG_2252.HEIC tag_year='0000000' tag_year_int=0
2024-07-31,13:33:39.472.0,INFO,__main__,adjust_metadata.adjust_metadata:123,Exifread could not handle C:\Users\nedlecky\ACDSee\01Personal\2024\06France\IMG_2253.HEIC tag_year='0000000' tag_year_int=0
2024-07-31,13:33:39.472.0,INFO,__main__,adjust_metadata.adjust_metadata:123,Exifread could not handle C:\Users\nedlecky\ACDSee\01Personal\2024\06France\IMG_2254.HEIC tag_year='0000000' tag_year_int=0
2024-07-31,13:33:39.472.0,INFO,__main__,adjust_metadata.adjust_metadata:123,Exifread could not handle C:\Users\nedlecky\ACDSee\01Personal\2024\06France\IMG_2345.HEIC tag_year='0000000' tag_year_int=0
2024-07-31,13:33:39.472.0,INFO,__main__,adjust_metadata.adjust_metadata:123,Exifread could not handle C:\Users\nedlecky\ACDSee\01Personal\2024\06France\IMG_2346.HEIC tag_year='0000000' tag_year_int=0
2024-07-31,13:33:39.472.0,INFO,__main__,adjust_metadata.adjust_metadata:123,Exifread could not handle C:\Users\nedlecky\ACDSee\01Personal\2024\06France\IMG_2347.HEIC tag_year='0000000' tag_year_int=0
2024-07-31,13:33:39.472.0,INFO,__main__,adjust_metadata.adjust_metadata:123,Exifread could not handle C:\Users\nedlecky\ACDSee\01Personal\2024\06France\IMG_2361.HEIC tag_year='0000000' tag_year_int=0
2024-07-31,13:33:39.473.0,INFO,__main__,adjust_metadata.adjust_metadata:123,Exifread could not handle C:\Users\nedlecky\ACDSee\01Personal\2024\06France\IMG_2366.HEIC tag_year='0000000' tag_year_int=0
2024-07-31,13:33:39.474.0,INFO,__main__,adjust_metadata.adjust_metadata:123,Exifread could not handle C:\Users\nedlecky\ACDSee\01Personal\2024\06France\IMG_2419.HEIC tag_year='0000000' tag_year_int=0
2024-07-31,13:33:39.474.0,INFO,__main__,adjust_metadata.adjust_metadata:123,Exifread could not handle C:\Users\nedlecky\ACDSee\01Personal\2024\06France\IMG_2420.HEIC tag_year='0000000' tag_year_int=0
2024-07-31,13:33:39.474.0,INFO,__main__,adjust_metadata.adjust_metadata:123,Exifread could not handle C:\Users\nedlecky\ACDSee\01Personal\2024\06France\IMG_2421.HEIC tag_year='0000000' tag_year_int=0
2024-07-31,13:33:39.474.0,INFO,__main__,adjust_metadata.adjust_metadata:123,Exifread could not handle C:\Users\nedlecky\ACDSee\01Personal\2024\06France\IMG_2422.HEIC tag_year='0000000' tag_year_int=0
2024-07-31,13:33:39.474.0,INFO,__main__,adjust_metadata.adjust_metadata:123,Exifread could not handle C:\Users\nedlecky\ACDSee\01Personal\2024\06France\IMG_2423.HEIC tag_year='0000000' tag_year_int=0
2024-07-31,13:33:39.474.0,INFO,__main__,adjust_metadata.adjust_metadata:123,Exifread could not handle C:\Users\nedlecky\ACDSee\01Personal\2024\06France\IMG_2424.HEIC tag_year='0000000' tag_year_int=0
2024-07-31,13:33:39.474.0,INFO,__main__,adjust_metadata.adjust_metadata:123,Exifread could not handle C:\Users\nedlecky\ACDSee\01Personal\2024\06France\IMG_2425.HEIC tag_year='0000000' tag_year_int=0
2024-07-31,13:33:39.474.0,INFO,__main__,adjust_metadata.adjust_metadata:123,Exifread could not handle C:\Users\nedlecky\ACDSee\01Personal\2024\06France\IMG_2437.HEIC tag_year='0000000' tag_year_int=0
2024-07-31,13:33:39.474.0,INFO,__main__,adjust_metadata.adjust_metadata:123,Exifread could not handle C:\Users\nedlecky\ACDSee\01Personal\2024\06France\IMG_2492.HEIC tag_year='0000000' tag_year_int=0
2024-07-31,13:33:39.474.0,INFO,__main__,adjust_metadata.adjust_metadata:123,Exifread could not handle C:\Users\nedlecky\ACDSee\01Personal\2024\06France\IMG_2493.HEIC tag_year='0000000' tag_year_int=0
2024-07-31,13:33:39.474.0,INFO,__main__,adjust_metadata.adjust_metadata:123,Exifread could not handle C:\Users\nedlecky\ACDSee\01Personal\2024\06France\IMG_2644.HEIC tag_year='0000000' tag_year_int=0
2024-07-31,13:33:39.474.0,INFO,__main__,adjust_metadata.adjust_metadata:123,Exifread could not handle C:\Users\nedlecky\ACDSee\01Personal\2024\06France\IMG_2645.HEIC tag_year='0000000' tag_year_int=0
2024-07-31,13:33:39.474.0,INFO,__main__,adjust_metadata.adjust_metadata:123,Exifread could not handle C:\Users\nedlecky\ACDSee\01Personal\2024\06France\IMG_2758.HEIC tag_year='0000000' tag_year_int=0
2024-07-31,13:33:39.474.0,INFO,__main__,adjust_metadata.adjust_metadata:123,Exifread could not handle C:\Users\nedlecky\ACDSee\01Personal\2024\06France\IMG_2759.HEIC tag_year='0000000' tag_year_int=0
2024-07-31,13:33:39.475.0,INFO,__main__,adjust_metadata.adjust_metadata:123,Exifread could not handle C:\Users\nedlecky\ACDSee\01Personal\2024\06France\IMG_2760.HEIC tag_year='0000000' tag_year_int=0
2024-07-31,13:33:39.475.0,INFO,__main__,adjust_metadata.adjust_metadata:123,Exifread could not handle C:\Users\nedlecky\ACDSee\01Personal\2024\06France\IMG_2809.HEIC tag_year='0000000' tag_year_int=0
2024-07-31,13:33:39.475.0,INFO,__main__,adjust_metadata.adjust_metadata:123,Exifread could not handle C:\Users\nedlecky\ACDSee\01Personal\2024\06France\IMG_2810.HEIC tag_year='0000000' tag_year_int=0
2024-07-31,13:33:39.475.0,INFO,__main__,adjust_metadata.adjust_metadata:123,Exifread could not handle C:\Users\nedlecky\ACDSee\01Personal\2024\06France\IMG_2811.HEIC tag_year='0000000' tag_year_int=0
2024-07-31,13:33:39.475.0,INFO,__main__,adjust_metadata.adjust_metadata:123,Exifread could not handle C:\Users\nedlecky\ACDSee\01Personal\2024\06France\IMG_3072.HEIC tag_year='0000000' tag_year_int=0
2024-07-31,13:33:39.475.0,INFO,__main__,adjust_metadata.adjust_metadata:123,Exifread could not handle C:\Users\nedlecky\ACDSee\01Personal\2024\06France\IMG_3110.HEIC tag_year='0000000' tag_year_int=0
2024-07-31,13:33:39.475.0,INFO,__main__,adjust_metadata.adjust_metadata:123,Exifread could not handle C:\Users\nedlecky\ACDSee\01Personal\2024\06France\IMG_3228.HEIC tag_year='0000000' tag_year_int=0
2024-07-31,13:33:39.475.0,INFO,__main__,adjust_metadata.adjust_metadata:123,Exifread could not handle C:\Users\nedlecky\ACDSee\01Personal\2024\DadPasswords\2024-07-01(160).heic tag_year='0000000' tag_year_int=0
2024-07-31,13:33:39.475.0,INFO,__main__,adjust_metadata.adjust_metadata:125,ends
